Actual_log,All features | SVR,All features | XGBoost,All features | Random Forest,F-regression | SVR,F-regression | XGBoost,F-regression | Random Forest,Mutual Information | SVR,Mutual Information | XGBoost,Mutual Information | Random Forest,RFE (Ridge) | SVR,RFE (Ridge) | XGBoost,RFE (Ridge) | Random Forest,Lasso | SVR,Lasso | XGBoost,Lasso | Random Forest,RF importance | SVR,RF importance | XGBoost,RF importance | Random Forest
12.24769911637256,12.237548546202733,12.220831871032715,12.242310795464805,12.259448230777295,12.204142570495605,12.25610270395502,12.274592290988371,12.234798431396484,12.245682061039027,12.242592042919842,12.219221115112305,12.25194663330756,12.25390580400204,12.183834075927734,12.23001538510684,12.290801506482225,12.195048332214355,12.24928907492186
12.109016442313738,12.120441672941796,12.066426277160645,12.04252123433549,12.027848815543912,12.031550407409668,12.028831391167488,12.162133670578365,12.060908317565918,12.033716720890006,12.17897565194591,12.07180404663086,12.053539504516033,12.119287658102605,12.088194847106934,12.064899836319123,12.187592774770417,12.096866607666016,12.038338128498502
12.317171167298682,12.22741437919158,12.229333877563477,12.25155626054918,12.302416127021997,12.259380340576172,12.26243380347566,12.358612795355612,12.236214637756348,12.270492865593882,12.24521691992999,12.2286958694458,12.2735515947002,12.27475270447669,12.21425724029541,12.264045407534146,12.241764090744626,12.239069938659668,12.25468246782607
11.849404844423074,12.133290239959996,12.114683151245117,12.134116583028524,12.09960872653769,12.04300594329834,12.067899000891806,11.933839548644187,12.028393745422363,12.045669970662242,12.084295283238813,12.06749153137207,12.092626592062484,12.122586751122405,12.07174301147461,12.127535523160375,11.91164623435,12.006184577941895,12.094871552568327
12.429220196836383,12.541190342360926,12.63916301727295,12.602125501740705,12.554252450535017,12.584660530090332,12.574622249535103,12.621671837797889,12.640207290649414,12.574322989453638,12.575722409381182,12.615662574768066,12.612017329098881,12.64866277228177,12.61492919921875,12.599958449326714,12.616425056009236,12.645048141479492,12.606438796607165
11.870606902224587,12.003919222977094,11.919508934020996,11.945311803647497,11.898551630855552,11.935249328613281,11.898764918302351,11.953810678070809,11.927072525024414,11.93288307781843,12.054869243750307,11.945219039916992,11.974505581917555,11.989217429755715,11.940271377563477,11.959681994465369,12.008263308826395,11.921296119689941,11.948164973419207
12.634606283893019,12.5713647164528,12.538951873779297,12.564234586019946,12.611064793729911,12.542947769165039,12.597056747764539,12.629757739825193,12.539227485656738,12.591182303211639,12.617718284482727,12.488351821899414,12.568957504987827,12.539266051197904,12.50293254852295,12.577632696588847,12.594943074086679,12.524003028869629,12.579360534257184
12.206077645517674,12.192817272235263,12.32959270477295,12.323194835734022,12.242924344597897,12.318798065185547,12.315015975098973,12.341452488993879,12.301633834838867,12.329155042535984,12.36193357317005,12.320876121520996,12.360372752194182,12.319874714663184,12.269774436950684,12.31915471238508,12.413183244528426,12.338823318481445,12.344502848899719
11.774527900858468,11.710711856396223,11.887190818786621,11.937228229323372,12.106970306552807,12.059611320495605,12.037135142704397,12.011095252712765,11.982813835144043,12.01758225588867,11.854771762840567,11.830822944641113,11.97298956969717,11.611519041752127,11.8220796585083,11.97685488121977,12.016342988416985,11.967040061950684,11.996025166426861
11.678448377988165,11.832333687441846,11.70737361907959,11.668570586613333,11.848250904104555,11.710602760314941,11.652855418447157,11.831392134222098,11.730567932128906,11.645121271365506,11.657970608191146,11.65278148651123,11.664986241972558,11.689528965160552,11.622647285461426,11.652186453085386,11.844192445671753,11.731566429138184,11.69658845180243
11.771443882099637,11.731963156798532,11.766698837280273,11.801665235375054,11.66904834924831,11.778212547302246,11.772248563844562,11.736056460672678,11.756048202514648,11.801078660659394,11.745564962831162,11.772941589355469,11.81475002020818,11.747963246556745,11.773195266723633,11.826454785861968,11.749687456114488,11.767670631408691,11.803974140447709
12.75130259456002,12.677089958922563,12.912291526794434,12.777411064103585,12.810273983270635,12.910908699035645,12.7726161989994,12.737261884616613,12.853445053100586,12.762138835016955,12.759259788972292,12.811790466308594,12.748721577006485,12.785070649851212,12.791947364807129,12.743708483521903,12.695004773703756,12.790169715881348,12.748351559137864
11.87757552297847,11.816323403839126,11.808371543884277,11.767231043902443,11.703527144142514,11.708577156066895,11.729284565179865,11.733800448077439,11.757457733154297,11.776414717793692,11.765236876702255,11.779640197753906,11.779981325337944,11.75917877549368,11.82042121887207,11.774684850101412,11.736061758286255,11.779601097106934,11.778619200006494
12.540761149388421,12.265207692600006,12.295060157775879,12.314290056598487,12.27460724105463,12.311383247375488,12.305860160763626,12.285244125096705,12.299424171447754,12.302157204474286,12.328113236442155,12.295964241027832,12.283466265138026,12.236209610127547,12.302461624145508,12.294432588630158,12.321061656790508,12.31621265411377,12.319859228913778
11.964007453736912,11.918228976696495,11.922759056091309,11.931748572332832,11.91775347891923,11.887157440185547,11.930975078203433,11.890207753368372,11.906791687011719,11.934341066904745,11.942910299460632,11.892178535461426,11.923690351194933,11.85845952026471,11.882956504821777,11.938277321799998,11.888996327877484,11.91341495513916,11.936767583405741
11.790564777297387,11.765757112319282,11.879167556762695,11.906164637050152,11.7241964623126,11.834375381469727,11.933791601454729,11.671370865734595,11.891435623168945,11.94857495565887,11.703091913884908,11.862752914428711,11.94029428872831,11.921904130833642,11.885621070861816,11.96072377657095,11.662216586803911,11.839913368225098,11.91882600459162
11.91170829631447,11.966050706059724,11.939651489257812,11.90122959944414,11.729342988908265,11.874587059020996,11.903523395680686,11.874723686919895,11.888127326965332,11.901812928749356,11.951358118752683,11.913374900817871,11.903488444358862,11.918567920850164,11.906332015991211,11.907853940726625,11.974139625096058,11.931010246276855,11.908637525976705
11.407576060361786,11.675887125937496,11.629451751708984,11.676735346313903,11.506851612210122,11.525995254516602,11.65842368286551,11.533124697971763,11.585169792175293,11.662747196403563,11.603778214594682,11.639747619628906,11.66562754527084,11.615668434999103,11.623756408691406,11.662408492682449,11.613464231636383,11.637998580932617,11.682789334818988
11.976665770490767,11.940259374021636,11.931452751159668,11.934790873625538,11.98301338813491,11.93522834777832,11.936102153273785,11.99060788716133,11.997766494750977,11.9464524343495,11.945184147058306,11.941211700439453,11.946636429446917,11.944610183350335,11.971381187438965,11.961739765615068,11.899318407872329,11.968021392822266,11.939769509233583
11.842236406331555,11.779698569970467,11.722640991210938,11.820920721462377,11.714763444200122,11.830078125,11.85782736957371,11.710425665614146,11.764232635498047,11.836016192868836,11.774470850640572,11.801240921020508,11.851010451287934,11.88918807610014,11.842735290527344,11.819062314444809,11.831069637299473,11.81018352508545,11.844162035006304
12.692506186542177,12.676819381169114,12.687065124511719,12.608062385883452,12.766769436506879,12.656354904174805,12.614728660368785,12.791385266138803,12.688977241516113,12.615084999337986,12.638055704683042,12.646891593933105,12.595891106213923,12.698344234464088,12.692741394042969,12.639275682090428,12.807160243021354,12.698291778564453,12.624241164099551
11.845109950883979,11.703340323706332,11.795944213867188,11.879549335384471,11.771059335699823,11.798993110656738,11.88273116643962,11.84145960795739,11.868016242980957,11.829420782243652,11.705513067260892,11.82279109954834,11.805433107789218,11.659315726352721,11.78580379486084,11.768832523309028,11.623236688268424,11.834189414978027,11.859019285345795
12.345838935721968,12.377951352317679,12.350062370300293,12.38424377518391,12.347210388596372,12.395790100097656,12.398274213363706,12.42456729104623,12.336777687072754,12.366470206538997,12.391004962555034,12.384082794189453,12.323721852804118,12.408674468442834,12.398896217346191,12.362383493614843,12.45598899568485,12.35189151763916,12.400916030267705
11.774527900858468,11.725211229739154,11.887089729309082,11.864958935066744,11.979534832737084,11.932175636291504,11.921250076307834,11.821243396468358,11.852385520935059,11.847828703606561,11.73679079155935,11.901473045349121,11.858863223899421,11.832044800287965,11.864359855651855,11.859652009118902,11.81337279752581,11.892508506774902,11.856530404637766
11.944714374881176,12.024707757060751,11.888541221618652,11.825940061765088,11.881104677531573,11.829957962036133,11.779285949916924,11.873429021093324,11.814014434814453,11.808445855405756,11.908333472250026,11.838776588439941,11.811468648514257,11.822842717992238,11.854270935058594,11.808091493289572,12.01027644821997,11.860465049743652,11.825088479113273
12.454107814022272,12.467707976315745,12.460227012634277,12.513527946025867,12.390340475597547,12.453034400939941,12.481065732382186,12.524356495099084,12.50930118560791,12.458780804283622,12.528253928208851,12.432400703430176,12.433384744941891,12.405111517522794,12.467245101928711,12.457513678036717,12.55990295610352,12.486884117126465,12.523832832817034
11.811554895830454,11.849572216991904,11.774359703063965,11.752740589351596,11.734145698257281,11.78781795501709,11.772080292892038,11.737005754565873,11.805387496948242,11.76335666666596,11.77396018992299,11.784746170043945,11.746379014990161,11.73713009588163,11.81059741973877,11.744954226290284,11.65504338570942,11.81203842163086,11.77798094330096
12.631343648903034,12.549768881261315,12.58200740814209,12.577445863615225,12.592985059672818,12.634456634521484,12.612912836931086,12.662605171310933,12.641764640808105,12.637069916187066,12.617545505733478,12.5656099319458,12.585953072362077,12.540787382840595,12.569533348083496,12.610426338368438,12.616108289880039,12.622598648071289,12.597979312406277
12.242891437918386,12.226964356104597,12.1423978805542,11.960199012651067,12.244536301047043,12.051424026489258,11.933397686194398,12.060331568978706,12.080992698669434,11.965370681812331,12.092704898990895,12.088497161865234,11.98863631274861,12.139590784040633,12.129322052001953,11.985515730491427,11.969140174863906,12.152509689331055,11.978156808717639
11.134603622683905,11.316708764443298,11.18982982635498,11.212611233341631,11.28379442362657,11.086941719055176,11.27493433339019,11.286390702509703,11.105291366577148,11.22448989905064,11.079656494921888,11.181754112243652,11.29991509628323,11.178171840993418,11.185330390930176,11.153976115791579,11.267886047615171,11.068244934082031,11.123578376842012
10.596659732783579,11.765565053267272,11.29541015625,11.492443190559142,11.32236294679085,11.381139755249023,11.519003551483658,11.41978508000242,11.44710636138916,11.53203338839998,11.740733270569862,11.316922187805176,11.507178884266668,11.805414548111319,11.38352108001709,11.501749944753827,11.318013904865312,11.341287612915039,11.460637613155459
11.914054519303125,11.857015888121396,11.828753471374512,11.86168656711921,11.974470158517079,11.841094017028809,11.863305392633311,12.017068550822309,11.821207046508789,11.883900030567931,11.866034291725311,11.83155345916748,11.861889161742528,11.852838681977955,11.807744979858398,11.876909663496953,11.846469469134698,11.810667991638184,11.864836455968476
12.100161978566867,12.106601903734955,12.211722373962402,12.237839777040373,12.383029362334435,12.238677978515625,12.267832939616309,12.218926389304542,12.220880508422852,12.249001915686499,12.140527406402045,12.20698356628418,12.228854144705604,12.250772036682053,12.243867874145508,12.26015698052384,12.343540964987602,12.208572387695312,12.254879692553796
12.016732516077072,12.104078129573255,12.049086570739746,12.033368423593656,12.079582650382662,12.06560230255127,12.062657933196505,11.995056511510095,12.049283027648926,12.010927235512964,11.941215484574034,11.982783317565918,11.970826558049433,11.979660830525884,11.988378524780273,11.963934326049024,11.937508949262737,12.024561882019043,11.981046609965283
12.533579815765737,12.657444395799624,12.598799705505371,12.576273058336373,12.68269980201494,12.63326358795166,12.597070155987073,12.712826339246282,12.589998245239258,12.582631070841051,12.637518931747207,12.614973068237305,12.578063653847815,12.62700697952377,12.609553337097168,12.552296674910243,12.645940445065445,12.60059928894043,12.585259091441653
12.6410997921206,12.63002795730812,12.652762413024902,12.624128490965914,12.762298631247639,12.660409927368164,12.630499888334162,12.74105977307224,12.694036483764648,12.674159867769944,12.627771788656684,12.652661323547363,12.670913243578664,12.573776985381686,12.626757621765137,12.626798925475775,12.682431986857758,12.627755165100098,12.625733074701415
11.884495917930655,11.952265731184065,11.891246795654297,11.878532790666528,11.892643773131324,11.851460456848145,11.877886565648252,11.767826004878502,11.83878231048584,11.855721894049367,11.916573605389441,11.876086235046387,11.89047385779216,11.878949600419618,11.89145278930664,11.884229786133657,11.85919211226691,11.862870216369629,11.888074571932467
11.938199736300925,11.959633369176636,11.943446159362793,11.9301112036503,12.101335179375535,12.03926944732666,11.966638443248199,11.963542026950769,11.984845161437988,11.936449432584322,12.001149335963985,11.94902229309082,11.919762211673765,11.893640770160678,11.934733390808105,11.920197856493516,12.004203547170915,11.980908393859863,11.944359943416172
11.599112335481124,11.740122457555172,11.815544128417969,11.779221245108074,11.839429732759852,11.813790321350098,11.796701093946933,11.842180991562724,11.840662956237793,11.790899702234274,11.641635591664773,11.852396011352539,11.816536112647434,11.836532906385099,11.843303680419922,11.787061584377643,11.848566986699872,11.862594604492188,11.798092532206516
11.314486721293981,11.87972864407583,11.352313041687012,11.459420491725949,11.604239577750214,11.451597213745117,11.506857053935239,11.435249746827383,11.431406021118164,11.483881884938711,11.401766402735781,11.497113227844238,11.522223251982126,11.285335621706475,11.33420467376709,11.39665934666611,11.338634631840236,11.35633659362793,11.443692633053065
11.982935344196433,11.800858178118864,11.927906036376953,11.962236536817494,11.849374628916138,11.991631507873535,12.000670133116376,11.965766729733362,11.957324981689453,11.965690746486763,11.940172962969918,11.916139602661133,11.953558753977905,11.956922163460288,11.87030029296875,11.941992224728102,11.931598905817626,11.953001976013184,11.980917635054517
12.04355959836804,11.980236596275924,11.994178771972656,11.95032543495999,12.090637796056965,11.942397117614746,11.90428448794742,12.065773678460324,12.001852035522461,11.953826230372176,12.00522048265151,11.928497314453125,11.932216521142783,11.993928963942823,11.991268157958984,11.923293194178619,12.132911757400851,12.034882545471191,11.968854412310804
11.87757552297847,11.94453470675355,11.880134582519531,11.806757862302907,11.827230802532103,11.806032180786133,11.830996175539264,11.854385413318541,11.816311836242676,11.810778879069153,11.858453282540378,11.871152877807617,11.84183127417601,11.901927185466306,11.848336219787598,11.833008901538886,11.89923116094252,11.866829872131348,11.83089568749203
11.777218637129327,11.798032070824574,11.773870468139648,11.752022182493063,11.574881559606636,11.720038414001465,11.69987899987027,11.737487445741985,11.759117126464844,11.731257448347106,11.736127136475597,11.737070083618164,11.722330135231205,11.774670556292612,11.772258758544922,11.742535931389432,11.726464171786194,11.734602928161621,11.745886281093554
11.856522261533737,11.88370752127021,11.84195613861084,11.821291480686263,11.834703895419914,11.817733764648438,11.829028925919639,11.799585216199187,11.776969909667969,11.806410905603808,11.808171356179278,11.820891380310059,11.810521340950107,11.915221095587917,11.832742691040039,11.820049670072438,11.8237448740975,11.783790588378906,11.82464722256163
12.675766851909591,12.512774241643962,12.516546249389648,12.546657179863548,12.583234597462164,12.539644241333008,12.551319654993527,12.583069995989963,12.49869155883789,12.540993782072613,12.425934315471023,12.519505500793457,12.52584870233381,12.583368370293107,12.50733757019043,12.510262419890767,12.486617563242298,12.534299850463867,12.521249477713836
12.387089184491993,12.391459816999449,12.591509819030762,12.485429820918382,12.537388709463398,12.60395336151123,12.554119358141188,12.60093096846945,12.5744047164917,12.526923468729365,12.392571084211992,12.53213882446289,12.510304265495275,12.65370646714601,12.644186019897461,12.581419898669424,12.728893167418237,12.579790115356445,12.528149758194877
12.428019481065613,12.408794681305144,12.429403305053711,12.396635569557466,12.392820840054588,12.418988227844238,12.400933128571335,12.391378314075856,12.447351455688477,12.399873719262882,12.428535380922293,12.431549072265625,12.406651154609893,12.40055750427418,12.453712463378906,12.40528831261442,12.341421373154878,12.411162376403809,12.397851443278341
11.635151947212842,11.569410192974434,11.520821571350098,11.63759096353853,11.666214158684879,11.51994800567627,11.641572475141027,11.486091453039128,11.42934513092041,11.576679711031984,11.679118642604497,11.540287971496582,11.638989008293875,11.521383704417406,11.506705284118652,11.593930073503593,11.585800718712909,11.527511596679688,11.616367607832812
11.751950239425476,11.72303865568126,11.792186737060547,11.767747955518928,11.78992892716601,11.741421699523926,11.701851875117992,11.759176018492212,11.732938766479492,11.747128881861808,11.788544100535157,11.802654266357422,11.75599489101929,11.791389096110406,11.805273056030273,11.761374461277939,11.762868179566905,11.778216361999512,11.767135955472465
12.083910661257521,12.103808448374958,12.043519973754883,12.077144228852575,12.075168536977719,12.032652854919434,12.049938720076106,12.014408784335549,12.041316986083984,12.07665016400604,12.106553770372338,12.074753761291504,12.073710633918422,12.103818052021575,12.06933307647705,12.081665432954033,12.010366824264501,12.050747871398926,12.072726630478796
11.648338835562747,11.8249513896775,11.776209831237793,11.722760215674858,11.933524152954341,11.86303997039795,11.743054068372022,11.861518691088342,11.720991134643555,11.701498780216841,11.783890289787424,11.775418281555176,11.718500788231403,11.758576245824326,11.754583358764648,11.697371917046532,11.719340499194038,11.770816802978516,11.72337441413319
11.608244735642321,11.91478015692013,11.608541488647461,11.58812354564774,11.324300124298826,11.656820297241211,11.642974756451482,11.609631202858445,11.67765998840332,11.649010737781566,11.68469844484164,11.66716194152832,11.663710054202623,11.63774696295072,11.582722663879395,11.57337821504762,11.59040112077657,11.612564086914062,11.565491167210261
12.861001210669146,12.092199436890432,12.9305419921875,12.822966335414156,12.55851814259582,12.676469802856445,12.813526303420753,12.54569725029606,12.856719017028809,12.810085514162294,12.499364176715579,12.912080764770508,12.818441489072075,12.263055859828492,12.828827857971191,12.836489777310561,12.244105764097462,12.81069564819336,12.825673983964224
11.775297421715827,11.834282581908768,11.782544136047363,11.77749220235277,11.758643259359648,11.791752815246582,11.79094012446275,11.742936644001643,11.734085083007812,11.744326125893705,11.729866395434383,11.80245590209961,11.7823952948162,11.655298863074973,11.758978843688965,11.801309545246841,11.716665028915221,11.752303123474121,11.7780372374004
12.103491596905931,12.042560822200798,11.99973201751709,12.013544899279314,11.921271182885555,12.049874305725098,12.019906549083116,11.769986778630225,11.984475135803223,12.010199310681202,11.940020326738907,11.981345176696777,12.009499626671198,11.986881477143138,11.998619079589844,12.000503846823108,11.856084126553458,11.987282752990723,12.017614586188719
12.058158312538197,12.152498079765001,12.255452156066895,12.229273685891354,12.317772691920341,12.278678894042969,12.284669099363892,12.152677609970212,12.184134483337402,12.194360528277047,12.1315031244227,12.212721824645996,12.208537758013968,11.995155191979887,12.211840629577637,12.241368333197983,12.152768600365196,12.209025382995605,12.237574696077422
12.188422799337028,12.128945018994141,12.165898323059082,12.229549462142739,12.20461381881597,12.190436363220215,12.239369405944082,12.187374606051652,12.170660018920898,12.24176310970125,12.180200070872118,12.153364181518555,12.228848670736939,12.18886068347897,12.161048889160156,12.230014702750454,12.186558580194752,12.14563274383545,12.249935443186123
12.991755706536901,12.919356376747992,12.913691520690918,12.84496123952696,12.836537850363891,12.906061172485352,12.915181291272441,12.7592579048714,12.827163696289062,12.815710173656939,12.499815180244655,12.959487915039062,12.852773922557798,12.602392659237651,12.94196605682373,12.872153693476152,12.715440470188945,12.896225929260254,12.859125542940019
11.735276702486741,11.663880277021264,11.69909954071045,11.71861324476839,11.608504429461975,11.604656219482422,11.68058396401554,11.66087408573078,11.662033081054688,11.688097434339454,11.718013699613659,11.696290969848633,11.704248103952311,11.73072683626398,11.683670043945312,11.731457654229027,11.670133093004095,11.706048011779785,11.709692926388366
11.970356641102999,11.983927506827472,12.04930305480957,11.973751124452942,12.049156719168124,12.023519515991211,11.988179767625294,12.012141322932786,12.094425201416016,12.024993831720847,12.204474999246578,12.109054565429688,12.028384674992182,12.016258306898376,12.063582420349121,12.008628608137201,12.00984306440195,12.041458129882812,11.999098078368975
11.522885696764481,11.770255353378074,11.455992698669434,11.366697323649444,11.553861172552649,11.410528182983398,11.381181849229856,11.62321541807599,11.372249603271484,11.362242485434782,11.71392169262449,11.500105857849121,11.429442097402012,11.546054943187187,11.515714645385742,11.477783022811359,11.550534683881923,11.41402530670166,11.360082969249898
12.218500103788143,12.203612025652692,12.195868492126465,12.288492773812589,12.194871749392107,12.219432830810547,12.249832166519113,12.238092887991174,12.215604782104492,12.262651930898699,12.220507446546915,12.216525077819824,12.242686951853068,12.239775211766634,12.217538833618164,12.24467783003795,12.246272006249606,12.230036735534668,12.260853699779396
11.849404844423074,11.958545075266596,11.860395431518555,11.950713514088084,11.606987106865153,11.84023380279541,11.930805581260346,11.708692569112214,11.886316299438477,11.954733964366262,11.745212556757323,11.849315643310547,11.929970819817102,11.816033259546424,11.930907249450684,11.946763177900815,11.714446945972435,11.890265464782715,11.930912983774062
12.299112067295642,12.356984459427167,12.349600791931152,12.322087141533393,12.471664898834833,12.365620613098145,12.31950280707638,12.42552029105165,12.379746437072754,12.302013339363564,12.37050466249979,12.41597843170166,12.37035789736206,12.380715263885799,12.415937423706055,12.35771352294395,12.416044365203552,12.399937629699707,12.379158869442854
12.666660207428574,12.600540760773196,12.647122383117676,12.61635946056997,12.676592334230262,12.663604736328125,12.643452069821196,12.635495291827118,12.665810585021973,12.635851349658163,12.599054418968926,12.611326217651367,12.641486755003285,12.574215122461334,12.619890213012695,12.644057612549004,12.737111587388515,12.653046607971191,12.625040777447479
12.100717685412471,12.270910394714617,12.586538314819336,12.479835196078305,12.399679015459967,12.457518577575684,12.479923943261683,12.430174111029165,12.590170860290527,12.499015461387245,12.409972701436697,12.572220802307129,12.581286533731005,12.503005059528475,12.615276336669922,12.579561503312949,12.420622068376195,12.55025577545166,12.497023549946706
12.328294703023394,12.286707303080682,12.270726203918457,12.240032709040541,12.227722504231645,12.224517822265625,12.197183890863112,12.284065015319602,12.275253295898438,12.245062056038183,12.292655086941535,12.257493019104004,12.243712982947043,12.326270577670812,12.273266792297363,12.24416175708002,12.288084991324109,12.283296585083008,12.229013775981889
11.289794413577894,11.32351866369928,11.39185905456543,11.524905275639158,11.49970814146634,11.44836139678955,11.510582211475223,11.356446762279944,11.393976211547852,11.440764801311666,11.360775555065318,11.327046394348145,11.455209159957413,11.25358303214148,11.320343017578125,11.428175016804826,11.48720412307414,11.399126052856445,11.514537648809581
12.323860125621126,12.074265954388295,12.328620910644531,12.383988448020046,12.121475946180468,12.352331161499023,12.394682426707323,12.178805563548398,12.301791191101074,12.41805043830369,12.134950624650472,12.311436653137207,12.379261736462812,12.156985975812747,12.329156875610352,12.362490395010049,12.133601365793615,12.281792640686035,12.376649347448264
12.404927602627597,12.397579150040048,12.44998550415039,12.536365769598813,12.215679773695305,12.4093656539917,12.461965550552394,12.336700442596863,12.507665634155273,12.486475707765768,12.446569142639255,12.523335456848145,12.579504830464206,12.434921896691867,12.510383605957031,12.559161462308879,12.620299095047876,12.51966667175293,12.573785994952559
11.771443882099637,11.671153717004,11.726341247558594,11.71725990678079,11.634210270117597,11.65633773803711,11.685596883491337,11.715497207136197,11.70469856262207,11.673138528657919,11.751771709655433,11.72874927520752,11.7031307340363,11.783528554532072,11.738666534423828,11.708974994923102,11.732781096857472,11.731372833251953,11.715904338486672
12.128116509451258,12.160874737779515,12.176680564880371,12.1610555003675,12.10262576727234,12.116371154785156,12.156336522441675,12.155733249482358,12.13170337677002,12.166365669518528,12.016459109988748,12.184571266174316,12.16184067833952,12.079340486945238,12.191219329833984,12.160514681226227,12.135531198907445,12.147026062011719,12.171635077351686
11.88380602959621,11.822267577502233,11.880399703979492,11.865681435227948,11.74472687553108,11.84343433380127,11.836142903427893,11.834128594448371,11.847500801086426,11.830321311307403,11.78781941626525,11.876852035522461,11.824546771294616,11.880030254621795,11.888729095458984,11.860708226623554,11.868905651027674,11.9186429977417,11.864196944296994
11.58432477200052,11.740650477957983,11.597193717956543,11.712015027095736,11.569522169870341,11.54944896697998,11.638471014310493,11.556279893069673,11.435402870178223,11.638774734443519,11.621170628849942,11.606705665588379,11.657302624859613,11.596763660536721,11.59664249420166,11.684814008648436,11.634376533035566,11.541495323181152,11.68903195951701
11.418625774449598,11.609935899958005,11.459738731384277,11.434202174988638,11.392228560743014,11.394712448120117,11.413438812261747,11.283015106613478,11.441094398498535,11.415541717056648,11.407829775201412,11.409358024597168,11.370186951562742,11.349458615528722,11.461953163146973,11.42700877779606,11.465906844221355,11.393111228942871,11.40354953527735
11.818577604251555,11.636449373434896,11.675117492675781,11.635443862057036,11.540242508153394,11.639808654785156,11.652233729949852,11.574689450864415,11.591862678527832,11.610395106843905,11.695525055283603,11.675690650939941,11.645236867877133,11.63835933480265,11.672489166259766,11.653931285128294,11.653359692988092,11.646452903747559,11.654369184468786
11.751950239425476,11.787981258976064,11.66707992553711,11.728867565058952,11.751144368455043,11.7496919631958,11.766985036370652,11.669135053531715,11.738761901855469,11.748084705273076,11.759763072820725,11.63656234741211,11.71550049233251,11.719365709500918,11.668488502502441,11.743272885005398,11.780316596757753,11.709373474121094,11.747662947436254
11.824087219587643,11.599913140072251,11.67114543914795,11.705535452855676,12.04148549970314,11.672518730163574,11.789168103667938,11.60631165480093,11.603739738464355,11.680786901329624,11.766623919891181,11.687358856201172,11.7740226378188,11.886732024350534,11.644057273864746,11.772584393182726,11.935946355461374,11.644519805908203,11.722743207183518
11.608244735642321,11.59799062882234,11.644696235656738,11.679830129436928,11.533801867672965,11.540217399597168,11.613764652288362,11.552842785826927,11.576863288879395,11.650858965573356,11.575353376254593,11.621837615966797,11.647071318201581,11.603481129793888,11.643645286560059,11.689425668050102,11.546920281224915,11.630827903747559,11.655636805935643
12.173037959397275,12.295529525609659,12.129392623901367,12.138045342817144,12.254195170913993,12.10909366607666,12.125050662998628,12.156914144871001,12.085738182067871,12.162080632311483,12.125559661074588,12.129413604736328,12.108891789987302,12.134659221269834,12.120081901550293,12.134279413666247,12.137859310466395,12.11053466796875,12.13734356978709
11.941462360646149,12.044720749567654,12.043813705444336,12.038762877148075,12.101379211958262,12.096060752868652,12.03385345520136,12.104266717807054,12.083907127380371,12.055809312620182,12.0631792948421,12.043121337890625,12.045300005976987,12.115203646558074,12.078387260437012,12.035821724406473,12.004392776766162,12.080469131469727,12.044488266547427
12.409017571151187,12.413202151038211,12.428932189941406,12.47811969544093,12.275913062274055,12.404106140136719,12.466535975412175,12.375695142537257,12.469172477722168,12.40546380554025,12.378443891576257,12.410370826721191,12.380665820950819,12.376340023077315,12.439916610717773,12.397833658161298,12.378442768791398,12.457487106323242,12.472128667204851
11.748005492256807,11.714420108716388,11.753259658813477,11.792177030132281,11.713382074778243,11.67359733581543,11.75905625737243,11.74755497907822,11.704634666442871,11.766465998405607,11.76248421499755,11.722991943359375,11.797141391306962,11.608134375140887,11.752608299255371,11.791243074337109,11.729869363910971,11.717293739318848,11.804412107432556
12.034696963475044,11.979256119553622,12.050368309020996,12.071850875359244,11.96247531867513,11.97819709777832,12.037326502794295,11.977226978204838,11.998767852783203,12.04540281956294,11.994400747421576,12.044437408447266,12.045601872527369,11.985291067629436,12.034132957458496,12.043187298687615,12.019428881265991,12.060798645019531,12.074475474879618
12.468440756144114,12.446783319336461,12.511765480041504,12.511745829934442,12.57384878853555,12.513821601867676,12.49586004252147,12.542649757164957,12.475105285644531,12.498981014248171,12.523490510651,12.513707160949707,12.495760110832482,12.4474541848806,12.521066665649414,12.523115955270924,12.477779297039506,12.521930694580078,12.48821540277367
12.066816325306588,12.150628588221391,12.128523826599121,12.108892410911738,12.196835196271579,12.098262786865234,12.060233025031064,12.164740372898043,12.118258476257324,12.074140085942156,12.063467408974045,12.107754707336426,12.088612853905481,12.088533434203894,12.102500915527344,12.065227329287637,12.16585346379436,12.116013526916504,12.085678732204256
12.010671928196443,11.990385308961645,11.954620361328125,11.915630674596498,12.043111293194146,11.929359436035156,11.912766010836243,12.039564178982953,11.978628158569336,11.93873145851409,11.99062967060839,11.968218803405762,11.935000730963083,12.045605866590996,11.935523986816406,11.927412565952034,12.039751187068761,11.943808555603027,11.932063132490342
11.350418300109132,11.663227192527499,11.035828590393066,11.579957793152749,11.286136510846001,11.628328323364258,11.605499235239288,11.124172671332126,11.513230323791504,11.568539992978025,10.892296685404911,10.98626708984375,11.53388610744,11.33144449434283,10.970478057861328,11.449799855012516,11.711868868873472,10.998312950134277,11.514807818940826
11.724813914587886,11.58803469675325,11.677398681640625,11.69118219547916,11.434823167356946,11.631133079528809,11.670564975895893,11.692240713864225,11.70068073272705,11.654917993530367,11.577105634667404,11.735326766967773,11.729958559262199,11.631478743995466,11.711104393005371,11.685440985108759,11.715327152354503,11.688819885253906,11.675972309623075
11.60733523953139,11.558566390822158,11.515917778015137,11.479494264270913,11.498238603858477,11.37900161743164,11.444057423991564,11.46167514433325,11.408414840698242,11.463599964864875,11.619918814444734,11.470742225646973,11.457673664888917,11.722880117468277,11.440851211547852,11.450080211646318,11.45312666239286,11.480345726013184,11.464519057996807
11.498836682527127,11.689689739998132,11.704943656921387,11.801617614962863,11.936168811910022,11.909672737121582,11.919222257712958,11.546632141158288,11.629802703857422,11.77742610639342,11.605105629216526,11.634344100952148,11.803120492001637,11.726512797571903,11.603796005249023,11.770238691603609,11.623263465910584,11.661127090454102,11.792371051244976
12.004574385508691,11.85058850184539,11.811981201171875,11.634283581654682,11.598777644447383,11.656417846679688,11.601655414542149,11.747719698418189,11.758952140808105,11.632747141050794,11.739705888955495,11.790779113769531,11.681153134909154,11.90458098397885,11.841327667236328,11.715959910250442,11.62378415869605,11.739998817443848,11.685287798694233
11.804855999911272,11.838270334326836,12.033076286315918,12.0872797565744,12.304505279286511,12.102462768554688,12.213946315323373,12.21100739846993,12.000678062438965,12.07923396634419,12.044792385765469,12.17846393585205,12.068668472077558,11.841834557440606,12.05385684967041,12.120539023571974,11.796498311204026,11.972806930541992,12.122690863734787
12.229549885708273,12.204692632552018,12.189765930175781,12.22619821675218,12.304681300053625,12.23050308227539,12.256028600239818,12.315797631372641,12.189288139343262,12.234438173741669,12.192413944580238,12.213910102844238,12.230545324878568,12.214566587947395,12.167183876037598,12.225169798599849,12.222817620624323,12.179826736450195,12.219515721724864
12.128116509451258,12.187014756071113,12.090449333190918,12.056033087001804,12.031686008392962,11.97744083404541,12.049166746272169,12.143521759404905,12.086869239807129,12.059860104539894,11.913186152871559,12.08159351348877,12.031794636464792,12.04476709989529,12.068219184875488,12.047114094121355,12.177818520896844,12.099278450012207,12.057091839121773
12.273735966890268,12.305841571776714,12.326977729797363,12.34324110249656,12.186361630588111,12.341743469238281,12.359855067429907,12.300552940463577,12.366558074951172,12.364610090058008,12.315055657599762,12.334416389465332,12.377062745182286,12.29545033489923,12.34261703491211,12.370240626891738,12.369062296326812,12.351298332214355,12.363632492588707
11.459007676978688,11.69252115508837,11.701228141784668,11.744870662143523,11.581055464802034,11.73127269744873,11.737612516809797,11.71489197376464,11.763587951660156,11.738582833661797,11.723689085530456,11.725635528564453,11.758939381132404,11.703476453530657,11.71088981628418,11.746155036937894,11.70536077577808,11.706718444824219,11.748996201328183
11.326607934898927,11.498674873737373,11.255477905273438,11.407766044853151,11.40580185986495,11.342738151550293,11.496334530166104,11.473023552542971,11.295748710632324,11.400065609533462,11.43842520001916,11.34699821472168,11.440982273475171,11.509890259015409,11.273193359375,11.377899710542227,11.348902359311031,11.311071395874023,11.398744291625748
11.767187766223199,11.582857937127498,11.614067077636719,11.674167230426852,11.623660286222183,11.536972045898438,11.610386834778897,11.532747590762103,11.534082412719727,11.673725653608427,11.771370926083343,11.645636558532715,11.704819564295166,11.765727329391467,11.604782104492188,11.672282975775074,11.64782682309197,11.6129150390625,11.652433977516537
12.230770136157428,12.229665635723574,12.23664665222168,12.184408142817421,12.206561104087875,12.285350799560547,12.214897601052076,12.388737296591508,12.257878303527832,12.148939962074715,12.26988598543265,12.256779670715332,12.150412757307437,12.235522936943944,12.23106575012207,12.14327843499277,12.405201731055149,12.270522117614746,12.16565621104439
12.08954444723597,12.042578617125283,12.054095268249512,12.087602076470459,12.208119737214608,12.088932037353516,12.114670723806569,12.104841068407891,12.051888465881348,12.08946419020378,12.033201430389385,12.025388717651367,12.07532531003648,12.05034837288797,12.01853084564209,12.07461303715465,12.09824107815579,12.027770042419434,12.084980921537168
11.68658461118553,11.737875265188967,11.696405410766602,11.72557724321722,11.632504834559917,11.745787620544434,11.729820538154977,11.630671330352282,11.73044204711914,11.732394005672703,11.680236066937752,11.730508804321289,11.726959843993257,11.68444511629074,11.764472007751465,11.739791031374052,11.635869878445016,11.732025146484375,11.740005848930563
12.200562492481511,12.091675189529823,12.17521858215332,12.242882702572254,12.188088637628791,12.237959861755371,12.221953358907998,12.206164108065098,12.225822448730469,12.213465033862544,12.158429504909616,12.203988075256348,12.233303434603053,12.212699691257397,12.182538986206055,12.215408104508702,12.183404698644102,12.200495719909668,12.25562546516783
12.040614105490253,11.872982537109538,11.863813400268555,11.953290429861351,12.16232351815968,12.162370681762695,11.994302684442792,11.943177677515282,12.049650192260742,11.985926024897465,11.807735337274217,11.94314193725586,11.939649951105679,11.829814913315579,11.934703826904297,11.94524908043119,11.852776284884083,11.902320861816406,11.933899967808673
12.429220196836383,12.430329564622374,12.452681541442871,12.429206908897516,12.400800051750132,12.465720176696777,12.428933093302538,12.369446221226234,12.395774841308594,12.436098674995732,12.457755636604475,12.400784492492676,12.378689805765761,12.454252782759086,12.452719688415527,12.39807276719019,12.394275153658937,12.42304801940918,12.431974009103044
11.51293546492023,11.685977421601699,11.456314086914062,11.40799952919053,11.222658438580766,11.37623405456543,11.345363637584533,11.18389528872055,11.370490074157715,11.372098707552963,11.403777219904306,11.402287483215332,11.390638542544973,11.38367097886989,11.46886920928955,11.381293961464273,11.493986291115114,11.435434341430664,11.422233730362246
11.652696102959753,11.563060391832845,11.49478816986084,11.568092039631015,11.568519780111961,11.529529571533203,11.553447941328722,11.541685915643338,11.529033660888672,11.509290688395076,11.466117491665507,11.474876403808594,11.509472589096902,11.556942240212127,11.480134963989258,11.524818729056925,11.455936821394065,11.484807014465332,11.527373965195428
11.652696102959753,11.649531005531898,11.751962661743164,11.74392665435261,11.616504863077877,11.734423637390137,11.753419089452837,11.574363070334195,11.807538032531738,11.743048571815029,11.91020097957319,11.788747787475586,11.803351971603021,11.612044230385965,11.76314640045166,11.780725023745012,11.610984478801594,11.813815116882324,11.773270327281317
12.154784614286667,12.218519088558669,12.19150447845459,12.182614053442206,12.214012755607717,12.131962776184082,12.259803707611365,12.34779939936363,12.205838203430176,12.166920083094816,12.22841151304328,12.174301147460938,12.158023549515132,12.385129052094415,12.190489768981934,12.169125607495978,12.319985683197642,12.218177795410156,12.161371100380691
11.827013315851762,11.800141629397642,11.849115371704102,11.892947203356243,11.917755516112111,11.944090843200684,11.944819310716067,11.91322628292304,11.90471076965332,11.928932247209902,11.860179772879365,11.921337127685547,11.914414286554619,11.958542499577051,11.903264045715332,11.964907139173489,11.754740206629892,11.8463134765625,11.953001852164135
12.100717685412471,12.041544498581755,12.042409896850586,12.058278611617405,11.949135809346789,12.066636085510254,12.045608299649137,12.016299777276572,12.05527400970459,12.050528595536695,12.019921003992668,12.072380065917969,12.053296772878996,12.02018484432739,12.049734115600586,12.044570788078659,12.044090207383974,12.0584716796875,12.045637682087643
12.85832230788469,12.802594327173335,12.627988815307617,12.648835500637668,12.734477912403813,12.634992599487305,12.600154029390714,12.810552409976173,12.646860122680664,12.615247308781585,12.771808420660774,12.647880554199219,12.611547299717886,12.849851805754135,12.624454498291016,12.589653867923776,12.670245894774869,12.609235763549805,12.600973358854715
12.28765724080691,12.141275721497559,12.199041366577148,12.10655715618475,12.129339359218775,12.048181533813477,12.125512670493409,12.072584210512824,12.174296379089355,12.11104721328023,12.095858274922985,12.219403266906738,12.08456520930986,12.257267137206837,12.188105583190918,12.100222660144935,11.962439832957468,12.063154220581055,12.040358600507009
12.466515835145202,12.221987992131837,12.191643714904785,12.064297619143206,12.323458703068656,12.183283805847168,12.132590700243501,12.147318011361772,12.103240966796875,12.050505543803666,12.494529596944453,12.268211364746094,12.098759453400108,12.38752707626141,12.162158966064453,12.093341283816093,12.241488253933838,12.150175094604492,12.07834171349196
12.07824495582233,11.987869430486192,11.96564769744873,12.003622667956192,12.078836327870153,12.005879402160645,12.027477851736652,12.009049200220643,11.975247383117676,12.010975630794993,12.01814746227149,12.013701438903809,12.025162447070938,12.002559067094044,11.984087944030762,12.022171918116515,12.248407958125867,11.987272262573242,12.018973780078603
11.842236406331555,11.631539109454941,11.734493255615234,11.820569639371717,11.734440084314322,11.753772735595703,11.806751548316006,11.84191586974046,11.772170066833496,11.827651852941601,11.733239321991716,11.720020294189453,11.79542958593269,11.759149184283197,11.715765953063965,11.828337034192582,11.799963103945492,11.737452507019043,11.819303454126633
11.951186847493476,11.884761073627303,11.911231994628906,11.885955957835176,11.832970347723585,11.874268531799316,11.891770359179084,11.851084215063304,11.907327651977539,11.873978375632493,12.039059908205296,11.908331871032715,11.890255491960296,11.93719637661498,11.941165924072266,11.898854781554865,11.960324697730243,11.91712474822998,11.899036542916978
12.676079399771027,12.695774470030294,12.7610502243042,12.60118709877659,12.639485559218073,12.89039134979248,12.635485403569987,12.69913714621246,12.856966018676758,12.62557195813078,12.79776013903383,12.791242599487305,12.6305506043763,12.792801379126724,12.721023559570312,12.61346886567821,12.718240981730784,12.761789321899414,12.617558802740357
12.0075668272517,12.025158844981643,12.062139511108398,12.058127444195081,12.020225789057065,12.059192657470703,12.069499941965562,12.00908114694714,12.055580139160156,12.063142477405513,11.98766901794869,12.037753105163574,12.061816589959507,12.030147325071356,12.029278755187988,12.056977527403035,12.001922537500109,12.053580284118652,12.064806475755681
12.100717685412471,11.988488434381352,11.935954093933105,11.861716391299307,11.990800271363204,11.872269630432129,11.842629229999222,12.016095580533028,11.919084548950195,11.873275949389035,12.07561041717265,11.886831283569336,11.859141959221317,12.059413852434249,11.882230758666992,11.857518408395064,12.042893876974397,11.88685131072998,11.860861261958812
11.51293546492023,11.503048544139613,11.444379806518555,11.476140500109882,11.373211325192868,11.41335678100586,11.486008657464712,11.26904391235169,11.373064041137695,11.472616310977694,11.444341910246642,11.460813522338867,11.546433284886126,11.587009256046754,11.459222793579102,11.529012474041984,11.264214277540809,11.403464317321777,11.514067540674954
11.820417517632333,11.846093262198288,11.847888946533203,11.856270873718328,11.867652583556328,11.821227073669434,11.858020164927273,11.913747184246196,11.855544090270996,11.857971104489772,11.885422236392348,11.865574836730957,11.86695555133644,11.9051301520948,11.847986221313477,11.86924239314675,11.885825325144195,11.855365753173828,11.857812723003931
11.944064817531656,11.93626657482535,11.983920097351074,12.055542622313716,12.065988086051178,12.085529327392578,12.078114560261776,11.971594270506525,12.03139591217041,12.05534728396921,12.01602617782767,11.995112419128418,12.044100125432287,11.994917723895647,11.996810913085938,12.049698460935181,11.971216980728636,12.020814895629883,12.043752230535068
12.10625783509458,11.880611230113548,12.068989753723145,12.063055834223498,12.06128460874655,12.020767211914062,12.041712377368015,11.920032991113128,12.065587997436523,12.046533266057535,12.112908968337027,12.13586139678955,12.12042645081778,12.147552806895005,12.13310432434082,12.122574594334926,12.139998345814748,12.109803199768066,12.055366800732894
11.344518647594766,11.512238367136739,11.385224342346191,11.365654577885831,11.29121791705302,11.323811531066895,11.430198515751908,11.479905855424219,11.385383605957031,11.439396129877542,11.639504347592036,11.474157333374023,11.492193541917853,11.605421526507891,11.410676002502441,11.445939349629358,11.338551533849845,11.446653366088867,11.344409603936612
11.759793355371237,11.792130762894741,11.818443298339844,11.834470991272873,11.73608440881858,11.860966682434082,11.809333326736546,11.728494312034028,11.809688568115234,11.80603158556871,11.762656537707436,11.809415817260742,11.77716746636997,11.653647213688505,11.807701110839844,11.822975701633384,11.774719796469611,11.848747253417969,11.817712016674669
11.373674891823535,11.69581173928658,11.470113754272461,11.45764299072254,11.565834484232987,11.442273139953613,11.447889042070994,11.50022036306945,11.393461227416992,11.405198885390137,11.547249747895558,11.430479049682617,11.448774037577111,11.28199625274517,11.352217674255371,11.34793752583859,11.603638977472645,11.447359085083008,11.440303798632192
11.951186847493476,11.932383087596898,11.904094696044922,11.890370155790333,11.875174583697813,11.931739807128906,11.87465197842394,11.871990418519404,11.90264892578125,11.899559100681326,11.895487225853474,11.891319274902344,11.887810878111754,11.848029916836815,11.844454765319824,11.885761336209432,11.846916579765887,11.873705863952637,11.877119932725822
11.918397239722838,11.896780723338544,11.842159271240234,11.83888769516226,11.955966874358838,11.866484642028809,11.887873978260279,11.811444051819711,11.897628784179688,11.884205259134205,12.01322067451882,11.909046173095703,11.866690309633356,11.804398944321248,11.83103084564209,11.846735547126297,11.717154129246646,11.834648132324219,11.849530842471584
12.328294703023394,12.316993319356998,12.301281929016113,12.301366390706992,12.276687394650954,12.29627513885498,12.27914283243767,12.211569564152278,12.374024391174316,12.307274117068596,12.254408304306178,12.309090614318848,12.294164036416474,12.255111709216235,12.285266876220703,12.294075953428228,12.260192396620049,12.348872184753418,12.331511788953048
12.404927602627597,12.297111697784537,12.253665924072266,12.242326308185216,12.235015006690357,12.238456726074219,12.258439962385083,12.267576089614066,12.232571601867676,12.244495723282599,12.32266402314192,12.24919319152832,12.247732587685437,12.272237466334431,12.222197532653809,12.223921449842978,12.24352563728712,12.23453426361084,12.221805886075286
11.923384748066601,11.917394997765163,11.921769142150879,11.891900631144013,12.02400070998959,11.932073593139648,11.911382967937838,11.993903576236706,11.921626091003418,11.866054454674202,11.937258506162495,11.946755409240723,11.896045355394877,11.93606062992566,11.958284378051758,11.875251254049791,11.861068798105737,11.9013090133667,11.866971661831311
12.301387370778713,12.226481694610055,12.238603591918945,12.283713701042512,12.248442134083659,12.239338874816895,12.282657048585731,12.3019714398164,12.23066520690918,12.257221113975158,12.205516095765725,12.249516487121582,12.247321848190326,12.239675013122689,12.260082244873047,12.277261264812573,12.265146750231764,12.231012344360352,12.244457770789586
12.100717685412471,12.02084711131156,12.049636840820312,12.011011333336779,12.205262089912193,12.110819816589355,12.07163272855825,12.146688163237176,12.089289665222168,12.052123609639251,12.082087081088321,12.061488151550293,12.053524906747525,11.99032894215861,12.071808815002441,12.036288436194118,12.098757566687885,12.09177017211914,12.062504550704773
12.066816325306588,12.084879250746795,12.083512306213379,12.15052758541394,11.93691594831854,12.025433540344238,12.122638997455278,11.977686414128062,12.061141014099121,12.096827917004543,12.139435921168989,12.121325492858887,12.147782034461303,12.150180520274738,12.08940601348877,12.060912646676918,11.94222352500215,12.078760147094727,12.140695751137729
11.870606902224587,11.872219927964402,11.8627347946167,11.954835227638467,11.884962810632928,11.845009803771973,11.93337881137872,11.879175559787129,11.87968635559082,11.959706358144013,11.915966743420924,11.85058879852295,11.927148992695951,11.92260598402641,11.849416732788086,11.92626798026969,11.884769861812945,11.899455070495605,11.959252598570044
12.049424683420915,11.972671105520869,12.360636711120605,12.475154298423796,12.09973100128396,12.40320873260498,12.525436078845434,12.120378459749805,12.421899795532227,12.48257873270101,12.075885662554356,12.344231605529785,12.516637721279139,12.151522115833332,12.375389099121094,12.4625146120328,12.236118026978557,12.427757263183594,12.49714846727446
12.345838935721968,12.357445067750154,12.436304092407227,12.41332913975301,12.470087930818087,12.451805114746094,12.437746161388434,12.331872148297721,12.406099319458008,12.416956157623977,12.3499079351857,12.377878189086914,12.405571490760071,12.35550347850215,12.414606094360352,12.438987554986445,12.227173201490869,12.406827926635742,12.430472005492613
12.352339472153524,12.268541274054781,12.204703330993652,12.240518568026822,12.266481761129707,12.177103996276855,12.20801840348166,12.217154097958842,12.189285278320312,12.234532941095479,12.215171417693695,12.175376892089844,12.24005653893795,12.186199838983878,12.191972732543945,12.24898084474036,12.260783733310728,12.19799518585205,12.24237734694984
11.652696102959753,11.94379033773161,11.616579055786133,11.631588316676346,11.500096913914923,11.58729362487793,11.557179701837407,11.606488595952326,11.638164520263672,11.573944501011605,11.670287885202454,11.58285140991211,11.578301419250359,11.587153277161974,11.60343074798584,11.592323292624902,11.472792007936484,11.610091209411621,11.591760053570066
12.468440756144114,12.333048117707536,12.410472869873047,12.396234775767761,12.27235822792288,12.368824005126953,12.397501610755,12.426576555505129,12.39639949798584,12.412504851132157,12.434884593097765,12.40039348602295,12.455072094854591,12.491177133243141,12.425437927246094,12.459814306226399,12.453020552901428,12.408552169799805,12.421444750395
12.019749091416921,11.720769510399823,11.729110717773438,11.785588477735386,11.881296626189997,11.713272094726562,11.77686289538308,11.832786899407603,11.812231063842773,11.800368089831672,11.683903337222453,11.671269416809082,11.786578979422378,11.81493433076336,11.772913932800293,11.772210366142609,11.64841154261215,11.751667976379395,11.785571296470705
12.225880174775122,12.364030608129315,12.282577514648438,12.284386292626056,12.268144005994014,12.278655052185059,12.261581449679491,12.218126446939126,12.263481140136719,12.273484998110744,12.377336241408033,12.322836875915527,12.284908501213945,12.369671690948756,12.325141906738281,12.295269956995263,12.21666680187341,12.259232521057129,12.272207477774048
11.736077016252437,11.908268957446085,11.814854621887207,11.924428388521353,12.004381171471485,11.995657920837402,12.009921086965129,12.04448499131761,11.952778816223145,11.97465876541475,11.847771138937317,11.906543731689453,11.982766155510896,11.856393944533693,11.862628936767578,11.952259698214114,12.076523802616169,11.947999954223633,11.970650471681367
11.775297421715827,11.807705318046798,11.817960739135742,11.973164101574516,11.813845905858685,11.947376251220703,12.072180032735192,11.758267208372912,11.887141227722168,12.03430237510906,11.828130221464797,11.872525215148926,11.962924207132058,11.7752786549941,11.856806755065918,12.02524511660183,11.810751239091477,11.863545417785645,11.982789820774832
11.561725152903833,11.525682060049364,11.571155548095703,11.487983958008382,11.359897752714435,11.558883666992188,11.467716533795164,11.427883049948711,11.588420867919922,11.467069232546187,11.573658662763384,11.537714958190918,11.469829780390867,11.56456345050022,11.547480583190918,11.491279902355863,11.454105636185968,11.565171241760254,11.46638984358412
12.312686874960354,12.327432825453945,12.290999412536621,12.30843946244185,12.18168179335226,12.318069458007812,12.29977091828494,12.2862346353345,12.34932804107666,12.310906028722096,12.248850337605283,12.309859275817871,12.31757540109178,12.272215556177242,12.29507827758789,12.288287968392833,12.269061662750884,12.319519996643066,12.300981026179128
11.856522261533737,11.792690350227433,12.03396224975586,11.9912354633973,11.939029583683489,12.003423690795898,11.967181714787293,11.872247500539638,12.022026062011719,12.013444741804317,11.788697870225981,11.981645584106445,12.01089815926098,11.839986592098889,12.013684272766113,12.021109468941722,11.941958897321214,12.033300399780273,11.997162154296705
11.652696102959753,11.681956970705869,11.522522926330566,11.611023506541287,11.606668593377888,11.66598892211914,11.656506110677405,11.447560133614642,11.654982566833496,11.679660424602725,11.529597468412621,11.516757011413574,11.571910862063307,11.528520079078397,11.469931602478027,11.56872600072436,11.653462791043298,11.487399101257324,11.601285202591399
11.711784520403112,11.821330792128782,11.835432052612305,11.845398362477336,11.905582165394092,11.830739974975586,11.867697905681355,11.901158373568352,11.808741569519043,11.86416516241731,11.920857450596596,11.839603424072266,11.851903900435877,11.959498689268294,11.856986999511719,11.863161933631103,11.882485383019542,11.833137512207031,11.864068664694411
12.827731880206521,12.792443023010472,12.697574615478516,12.682166535092103,12.74049235463077,12.638293266296387,12.640258825271612,12.780888769495146,12.686016082763672,12.684298403294047,12.757891145540315,12.730201721191406,12.67945397254642,12.803150547580055,12.725960731506348,12.6610779234543,12.784771195454832,12.680154800415039,12.641040468839382
12.154784614286667,12.108054078791307,12.140382766723633,12.122076915117457,12.090465995524095,12.123786926269531,12.08520955008455,12.117977891337992,12.1426362991333,12.134497812897783,12.158855472882243,12.10698127746582,12.112601597144144,12.12884262085737,12.090187072753906,12.117999714352214,12.144202693323917,12.131024360656738,12.137615576556557
12.367345048436391,12.138001401619414,12.123581886291504,11.953805947315315,11.970989611259352,12.001648902893066,11.899324241340697,12.12322243051697,12.017942428588867,11.945948593481955,11.985877535070653,12.091134071350098,11.948892173743332,12.214321283129042,12.096881866455078,11.965194781387398,12.091217182823492,12.094478607177734,11.970024497833158
11.736077016252437,11.482819890101213,11.481420516967773,11.668155611919488,11.6030214895036,11.686705589294434,11.666629885171783,11.58462152988594,11.750510215759277,11.676300623164595,11.619241385002207,11.635931968688965,11.729128969283709,11.736584728688172,11.662822723388672,11.715554214353942,11.629552289031688,11.674899101257324,11.757498861525157
11.277215789596893,11.206098959397616,11.325690269470215,11.357869166284967,11.031063230485124,11.164923667907715,11.3105421662223,11.261357624849687,11.327360153198242,11.351267176123201,11.274092475145046,11.307979583740234,11.317385016594756,11.483300040116957,11.283876419067383,11.373549170858023,11.494846137621648,11.348780632019043,11.349789603974717
11.603688960617083,11.491684173664213,11.612208366394043,11.574863450122688,11.632173161227016,11.485944747924805,11.455367109916706,11.588754197173953,11.53925609588623,11.494211914960037,11.562049144267327,11.557207107543945,11.492815562818674,11.55934331018105,11.591492652893066,11.589915400910998,11.574369292918647,11.596620559692383,11.57163964569064
12.504327379899443,12.427487597998699,12.616962432861328,12.493260482758446,12.451842080341015,12.583548545837402,12.505354527662945,12.485061105129468,12.586063385009766,12.50978898737326,12.416905889788662,12.55091667175293,12.46893777648669,12.45036721417437,12.583582878112793,12.508171879768128,12.483238333934121,12.574291229248047,12.477645851424061
12.448630513463613,12.330024261150909,12.388762474060059,12.381882164698766,12.358402927942695,12.33626651763916,12.368072914137056,12.362817808917873,12.379691123962402,12.385805961971316,12.366958528125924,12.357185363769531,12.376106299670823,12.353376877108339,12.363335609436035,12.360323763746925,12.436590547334449,12.409322738647461,12.38765408420471
12.676079399771027,12.58557177650296,12.556143760681152,12.499619934046631,12.594306254626929,12.442045211791992,12.527144673398162,12.626432775757523,12.471658706665039,12.53491926625839,12.734034452354855,12.573260307312012,12.531468281468698,12.585903566975437,12.558906555175781,12.526521298733439,12.689021452815295,12.533692359924316,12.511357185242606
11.998439434579149,12.062689018972735,11.976405143737793,12.01514837320448,11.96081490422267,11.963451385498047,11.9978151494925,12.069132465518118,11.95883846282959,12.009094654992401,12.026154915099633,12.02017593383789,12.023723384835478,12.002582744560664,12.012128829956055,12.017211409724135,12.00002396230436,11.989116668701172,12.004939483882247
12.929993908996359,12.918546265943398,12.959250450134277,12.818968474161833,12.973668255632743,12.951006889343262,12.87116818655632,12.902542846673603,12.920321464538574,12.838097727221458,13.006525761513426,12.877623558044434,12.799852208109135,12.840721339290443,12.895033836364746,12.804351546299092,12.833654751078111,12.913561820983887,12.830574142050793
12.301387370778713,12.490376989724995,12.39218807220459,12.386564058703216,12.194133024699045,12.36233139038086,12.369945013883688,12.361117858744343,12.391834259033203,12.398364482179122,12.516141057363829,12.370516777038574,12.393696934599385,12.338253394085928,12.361876487731934,12.388174687556806,12.350569858618638,12.385320663452148,12.4111602557255
11.544433821905134,11.515725601220481,11.446481704711914,11.535218405071447,11.332833254634842,11.479206085205078,11.516380203737793,11.26837757360519,11.403336524963379,11.459151954336678,11.477978792421622,11.454100608825684,11.515136892191864,11.519578233945092,11.476588249206543,11.533963024854287,11.358856698943454,11.446674346923828,11.512859781306602
11.931642378754141,11.823391804784928,11.92152214050293,11.827387271608202,11.767777932067487,11.867988586425781,11.85474703194075,11.751226328389889,11.920567512512207,11.813228416052212,12.038424966796933,11.987994194030762,11.853742025422118,11.966760215812137,11.901981353759766,11.846385626339679,11.837198647219195,11.891651153564453,11.822487656094854
11.755879486687116,11.708574455652164,11.775433540344238,11.732305456247342,11.622963618362846,11.687832832336426,11.72444386933778,11.682640671948194,11.720564842224121,11.73966287462618,11.709780273004048,11.678199768066406,11.758026743740555,11.836078491839428,11.779118537902832,11.804071635990592,11.655550202004324,11.775436401367188,11.749034721828856
12.154784614286667,12.06780944925504,12.056062698364258,11.97444603994358,12.309303465117617,12.116888046264648,12.03580262774816,12.188953037096727,12.009894371032715,11.987625654308777,12.043810604710146,11.977895736694336,11.975932104035369,12.033889950872318,12.020389556884766,11.984040325069145,12.025472556594176,12.008131980895996,12.005323093676791
12.693501691489768,12.809152583735473,12.793961524963379,12.747276560913077,12.780453171504996,12.818418502807617,12.75946568124811,12.784591412866291,12.75720500946045,12.751259850511849,12.817376036842596,12.790535926818848,12.752586797143788,12.833847954884709,12.827303886413574,12.760725586430755,12.886201881206446,12.768888473510742,12.737280823343632
12.119975396053194,12.128693265104555,12.166570663452148,12.181536202932223,12.166786591000893,12.184492111206055,12.205013796845236,12.16348661699201,12.173248291015625,12.198651746497596,12.17260189063111,12.16830062866211,12.193744394660664,12.143002514909249,12.15500259399414,12.170136151205224,12.179281146599005,12.167867660522461,12.187479653277586
12.337105293891872,12.11487162909517,12.389097213745117,12.433804908304884,12.107793964626163,12.25507640838623,12.374544328205046,12.172350041534157,12.30471134185791,12.434581563053644,12.315844695640042,12.381709098815918,12.468018872995696,12.301207799228797,12.34455680847168,12.468987936829139,12.224957720944603,12.361034393310547,12.445740081339906
11.763691965388299,11.748377683988753,11.730846405029297,11.827277597639489,11.849366889880589,11.70677375793457,11.77261930100026,11.784340493905638,11.801101684570312,11.796938309243725,11.671160919447418,11.749493598937988,11.801919523523617,11.794158572617304,11.770630836486816,11.827702774425807,11.680035697005518,11.75697135925293,11.80842331541492
12.278397958261774,12.154278763761823,12.212461471557617,12.099060218889397,11.950236121471244,12.086302757263184,12.053530578903677,12.10608891786535,12.126885414123535,12.101143785994838,12.171332891758107,12.198004722595215,12.110529950423903,12.241235951389749,12.284418106079102,12.125160759166373,12.119128098699504,12.221489906311035,12.105284611446574
12.384223015005313,12.14251123510789,12.213199615478516,12.157609726081354,12.038870634094634,12.20373249053955,12.168840351127313,12.120500379421125,12.113774299621582,12.166957999472169,12.156539059216128,12.211752891540527,12.141572885419821,12.33159429034004,12.268826484680176,12.148072116469304,12.196582323886426,12.232900619506836,12.173042816490874
12.001511614739405,11.897883997524472,11.925752639770508,11.93556106189266,11.902283649188451,11.975247383117676,11.923699390323673,11.92636602372992,11.935940742492676,11.915562239355943,11.992773989388773,11.932165145874023,11.958511909542116,11.966873042345624,11.944345474243164,11.95044084587768,11.944806569637594,11.93425464630127,11.938718155595653
12.122696471358964,12.03673402517738,12.16777515411377,12.192301942845694,12.112441489014085,12.227757453918457,12.214029152186203,12.176094542165636,12.197491645812988,12.204026142305308,12.20595899536594,12.217820167541504,12.22081904634149,12.130112859276279,12.154129981994629,12.198352402990356,12.246527977307428,12.252127647399902,12.219546358455675
12.400820837540556,12.14713512937485,12.30176830291748,12.234588753687563,12.273732801473797,12.302909851074219,12.27551749581558,12.265083639414168,12.26355266571045,12.229550335500173,12.17087134921436,12.313787460327148,12.290429406662271,12.28966432227775,12.31403636932373,12.318748119163796,12.209812462459887,12.300573348999023,12.290761541971499
12.259618151783465,12.31967485481242,12.256775856018066,12.211371208316098,12.43071905482286,12.220490455627441,12.210120809126744,12.347731592787623,12.240754127502441,12.217714523656422,12.170488178698385,12.206631660461426,12.231765271121985,12.288809777770185,12.258650779724121,12.227983588409113,12.22815813577462,12.226827621459961,12.21817264755508
12.058158312538197,12.05164015549614,11.986586570739746,12.004300749122226,12.361422004867197,12.015538215637207,11.968761971142355,12.178698566495248,11.901183128356934,11.972480069735708,12.083573819541993,11.99641227722168,11.938969210131567,12.089227359918702,11.972288131713867,11.915545060501982,12.013507055291544,11.957898139953613,11.930242189588883
13.126032637428713,13.010698670933303,12.95263671875,12.927900913879933,13.101235711242516,12.968450546264648,12.951079053113434,12.915470143976087,12.957286834716797,12.947613089302308,13.028590406221205,12.953758239746094,13.009943959987735,12.84207127100002,12.984501838684082,12.974354833663055,13.025980137574328,12.980751991271973,12.964761343785328
11.51293546492023,11.446149882781983,11.60033130645752,11.62023895043565,11.60154885568486,11.656829833984375,11.655764392788088,11.69358864720735,11.661399841308594,11.668062429295338,11.721917258574095,11.588809967041016,11.668548178795108,11.656089817211905,11.649401664733887,11.711058709073473,11.687524734626061,11.613508224487305,11.649520435845531
12.083910661257521,12.040949831320825,12.089980125427246,12.04210310449753,12.101888275707468,12.074141502380371,12.047363095851475,12.096911820683328,12.07308292388916,12.04302246985033,12.054842032556703,12.035356521606445,12.03195900424906,12.035672555535244,12.046879768371582,12.035322759458364,11.984102630632679,12.05105209350586,12.04156588816463
12.206577518060588,12.007607006313938,12.131853103637695,12.04443096311146,11.859851344010309,12.090365409851074,11.99208299145166,11.99945393938074,12.018943786621094,11.97331027247166,12.127307007799796,12.12187671661377,12.028411232820632,12.04295691267802,12.149763107299805,12.065246972744486,12.126198571663648,12.09231948852539,12.020283333842606
11.695255355062795,11.707734573813818,11.777772903442383,11.739623649704553,11.77483133479196,11.785538673400879,11.739780243857876,11.772744120186895,11.788280487060547,11.742470485855916,11.60765601980378,11.68692398071289,11.716983240910336,11.711514008994989,11.706121444702148,11.735793754454233,11.71553913638439,11.783196449279785,11.761307247309963
12.206077645517674,12.00773400274405,12.197216033935547,12.34653321008366,12.2163658099205,12.281773567199707,12.349293606566539,12.306333628367874,12.332621574401855,12.378401568008531,12.3105169640904,12.25060749053955,12.318685982759568,12.367244344695692,12.293270111083984,12.37138987500411,12.143987462483471,12.293625831604004,12.313233885440395
11.751950239425476,11.803137420750195,11.724119186401367,11.739673250588417,11.714533955672161,11.73110580444336,11.689963265945517,11.706883043581096,11.635614395141602,11.705056731034217,11.672051092165221,11.681859016418457,11.676881770340307,11.623258711840581,11.705202102661133,11.72773241086542,11.436565946470397,11.67271900177002,11.762338124703682
13.07107218827772,11.952933055322635,12.80410385131836,12.780712420988301,12.38866053449324,12.638067245483398,12.785306547067153,12.57801157209389,12.76257038116455,12.803078949350049,12.548050361564943,12.76198959350586,12.884715007403203,12.101133777090848,12.776586532592773,12.85564409181297,12.428578675440283,12.784215927124023,12.828498307962954
12.06105265381003,12.121062596753191,12.13454818725586,12.101327798247254,12.158054012096201,12.1246976852417,12.115337843366179,12.05197929650357,12.113389015197754,12.106400254076599,12.070999659943993,12.116459846496582,12.116203002204626,12.120533530022527,12.147069931030273,12.117367855560143,12.0200915646826,12.105554580688477,12.104937431301233
11.813037464800539,11.698775312786374,11.774715423583984,11.778211031704377,11.893744991223969,11.79081916809082,11.764763207110583,11.801312102182166,11.798368453979492,11.782145523314682,11.77268532406739,11.866982460021973,11.824740950914986,11.700746369914546,11.82703971862793,11.809222427386675,11.851628322315788,11.831070899963379,11.817393875268165
11.940399914116648,11.865685813965088,11.878422737121582,11.896357353511506,11.981487119627085,11.900083541870117,11.93115705868121,11.843885654058765,11.889588356018066,11.899816043130413,11.967781775332652,11.84466552734375,11.938461770465205,11.861288722243847,11.866989135742188,11.922250984804224,11.96607156438693,11.880169868469238,11.923389254791612
12.563750586299374,12.463691946363712,12.522199630737305,12.479893003676457,12.615344520121864,12.511978149414062,12.484567379014983,12.48339930189687,12.409542083740234,12.457364054075002,12.547202831243718,12.477351188659668,12.444401326709437,12.400423330268493,12.45222282409668,12.435700657218518,12.456242375831373,12.420863151550293,12.413496716413878
12.660331092405906,12.218059729984942,12.554733276367188,12.494621758152052,12.736161370903258,12.629613876342773,12.517038243932575,12.674750639820843,12.612040519714355,12.509580280765551,12.745270734344667,12.584015846252441,12.51915618595885,12.680207404264891,12.59896469116211,12.445842837944541,12.64088176641911,12.558201789855957,12.495914739806853
12.122696471358964,12.12270110597526,12.122905731201172,12.080299602128688,12.073887159882165,12.046134948730469,12.067691495744143,12.069701397633423,12.06036376953125,12.060670681706416,12.079315484291367,12.101460456848145,12.064940089493943,12.043798982230465,12.085877418518066,12.080030621938269,11.758618065471238,12.09849739074707,12.074754746735978
12.165255859329688,12.199578769592552,12.207964897155762,12.187825807143263,12.210263517864883,12.231636047363281,12.1766963331994,12.211026543264607,12.240753173828125,12.199307230829946,12.231754800631963,12.210041999816895,12.183966055257498,12.23154766031337,12.223713874816895,12.19804348006529,12.202438278810451,12.227977752685547,12.169108295020042
11.775297421715827,11.8368832154328,11.9459810256958,11.928801174762038,11.881849082243798,12.041438102722168,11.93272270373121,11.881479807812921,11.982769966125488,11.925481185229616,11.872874638697738,11.99206256866455,11.964847480365167,11.881727008779215,11.971457481384277,11.914496648216804,11.821727362929753,11.964372634887695,11.906351216797908
11.751950239425476,11.657265974533026,11.736394882202148,11.713402936726261,11.671389175756428,11.692389488220215,11.697479380764845,11.672785277382905,11.686976432800293,11.671533900502704,11.738234949931392,11.732839584350586,11.696428354492191,11.71669047043165,11.725584030151367,11.691266708234515,11.696874083887879,11.747007369995117,11.717694123979701
11.908346971208951,11.84879429070601,11.927922248840332,11.963116059027163,11.986327594881688,11.995800018310547,11.968371613387799,11.865784816762984,11.920639038085938,11.937949445201136,11.944868572829213,11.938552856445312,11.94433673580789,11.909551444055719,11.940052032470703,11.957417544743835,11.935696619742203,11.940662384033203,11.945928131830573
12.650351332641707,12.798545319314794,12.556138038635254,12.466367407053923,12.572529951304961,12.568676948547363,12.44155903306716,12.560833448040238,12.520784378051758,12.441265771359589,12.619877723896918,12.533856391906738,12.436155018194038,12.616865803318143,12.525452613830566,12.443361495976236,12.635262055206246,12.508171081542969,12.438234964351691
12.367345048436391,12.029594736529825,12.592972755432129,12.640271278204915,12.45378410666435,12.695219993591309,12.632478788144693,12.435079439232384,12.639192581176758,12.698420307625334,12.518431252817269,12.6209135055542,12.66619560598034,12.365260925081401,12.533098220825195,12.644288899263648,12.430891348753144,12.641515731811523,12.637442689204144
11.552155793461898,11.83045934673037,11.674552917480469,11.82029149637923,11.737789896943092,11.746336936950684,11.833427614622877,11.744250486867022,11.690475463867188,11.801164602897256,11.605358766640398,11.6644287109375,11.753898956397641,11.671654033496386,11.727181434631348,11.83132436981226,11.66360655444592,11.705501556396484,11.795654392508835
12.524166311833152,12.655769492742444,12.594143867492676,12.610435014351326,12.603648880719504,12.607965469360352,12.62852791794553,12.651419694623485,12.542826652526855,12.573160839574362,12.498186164819645,12.584993362426758,12.598448557581408,12.722264199477653,12.632326126098633,12.593255892748806,12.593615788261049,12.523165702819824,12.584887408687026
11.849404844423074,11.835757898690144,11.81451416015625,11.831426144994829,11.964392943747342,11.812936782836914,11.789633740472873,11.992660069043826,11.80223274230957,11.806667146932535,11.969527593309632,11.801698684692383,11.822600808996143,11.982183419891806,11.801942825317383,11.816712656538003,11.997066682036674,11.784249305725098,11.811973821470609
12.052344376474922,11.977965009218853,12.015960693359375,11.982672598501086,12.014096194272026,11.979726791381836,11.9727125382275,12.061699027819152,12.012527465820312,12.002460312699329,12.031598580315654,12.01651382446289,12.009597486322473,12.038973398920612,12.022180557250977,12.036031111157563,11.957511346651154,12.048420906066895,11.996766256281179
11.626263078808801,11.712037716074297,11.64107894897461,11.707877043770205,11.656620389316,11.709938049316406,11.66940046249575,11.59701791443786,11.69914436340332,11.637967065594054,11.595995224141646,11.679938316345215,11.682618065020396,11.659875251680125,11.730691909790039,11.712856669134567,11.720121165721363,11.759284019470215,11.686655647616005
11.91170829631447,11.837228629670355,11.855331420898438,11.865668954464889,11.9084751689473,11.89411449432373,11.869639866238204,11.861473162863152,11.875504493713379,11.857740051219293,11.858185118324458,11.854545593261719,11.855929885639052,11.858131208813653,11.831034660339355,11.846543685993185,11.855422977238167,11.853947639465332,11.851948414389845
11.608244735642321,11.653787148893974,11.64281940460205,11.66686065811698,11.665164925301104,11.631930351257324,11.67140002328336,11.644381973720137,11.553214073181152,11.654151715038763,11.721461274353842,11.68626880645752,11.708028012918579,11.730738475564337,11.674623489379883,11.703489514878196,11.52173006863678,11.6631498336792,11.664749875669063
12.103491596905931,12.052164744242095,12.064250946044922,12.135325844701738,11.999024851746526,12.0946044921875,12.160260169133366,12.011108552682497,12.099113464355469,12.152563467153117,12.113160157279628,12.138683319091797,12.1367767512297,12.07739131279208,12.116801261901855,12.155400207462346,12.025730040136738,12.095778465270996,12.152868623436555
11.87688084212164,11.79942125328038,11.745803833007812,11.88550710827897,11.7026570723496,11.746111869812012,11.82750876557559,11.923839194392027,11.840968132019043,11.877144906218279,11.952619895681906,11.814387321472168,11.855576033022722,12.030424784395162,11.821952819824219,11.87171410493435,11.867016130177234,11.844565391540527,11.861483575872057
11.856522261533737,11.766676434602632,11.773847579956055,11.775897640889944,11.72386280180161,11.790026664733887,11.757759260222317,11.767112531842177,11.781869888305664,11.764894507293906,11.811486496810193,11.758550643920898,11.75521800552616,11.781985159096362,11.758517265319824,11.760360095864803,11.75827178299301,11.797039031982422,11.795031766424223
12.531776395271262,12.345608859108886,12.420430183410645,12.420904132894654,12.372556027719412,12.362557411193848,12.339945140035024,12.397616425515432,12.432454109191895,12.376250007762167,12.426542921442767,12.423977851867676,12.415717462164704,12.346660425239472,12.453563690185547,12.431300759759603,12.392002205780337,12.36878490447998,12.382767755593841
11.884495917930655,11.958737347516943,11.925827026367188,11.921574451632777,12.046675626802635,11.894158363342285,11.931657474599177,12.006129896430746,11.936336517333984,11.900268245674393,11.90077981266841,11.923940658569336,11.903545747158981,11.873576233157808,11.92053508758545,11.906027392246873,11.91559700687026,11.931538581848145,11.912034558994092
11.49273296168228,11.428029833281812,11.39980411529541,11.520292082499129,11.153078710134656,11.409272193908691,11.484212699354794,11.190820785777923,11.443297386169434,11.52137019583858,11.516575625282652,11.475683212280273,11.54546145490812,11.507553006641709,11.3773832321167,11.488374413012554,11.339826673074683,11.3916015625,11.474940988312301
12.133507329024972,12.013497717674417,11.995763778686523,12.021759817444874,12.11468487579433,12.018871307373047,12.029767869920695,12.066131314904988,12.047263145446777,12.028494880656268,12.035315306949306,12.01300048828125,12.004772820754711,12.044618247177194,12.05516529083252,12.019528777367833,12.042032844235706,12.013238906860352,12.03131668707974
12.439875187430008,12.371370873073214,12.374235153198242,12.30440350856344,12.342412688451617,12.362407684326172,12.314313685082064,12.412463031924515,12.360913276672363,12.320596590414812,12.375481485158012,12.397936820983887,12.29811278420467,12.473131761035653,12.390392303466797,12.332114716638268,12.435891898147506,12.376230239868164,12.309202056071273
11.957617696467539,12.038358401495387,11.903465270996094,11.869963278929124,11.898933986830487,11.899101257324219,11.861300828474386,11.863030311970588,11.892524719238281,11.869037515939315,11.892759831860545,11.886187553405762,11.868786527967735,11.928124358101876,11.902766227722168,11.881112427251708,11.917816090511595,11.907196044921875,11.87731216037589
11.993813394724253,11.911595808271093,11.863157272338867,11.881776228494155,11.872680638884972,11.839341163635254,11.89514239368049,11.922775846404885,11.834860801696777,11.904981917606568,11.923914725674292,11.919038772583008,11.917669481470627,11.93975713455573,11.893848419189453,11.920502533205195,11.854903397998367,11.870957374572754,11.88625075822185
11.808955099378537,11.876841083341002,11.8844633102417,11.90082755724876,11.95242591311289,11.940637588500977,11.911320121061207,11.861294385408756,11.901328086853027,11.898583303270401,11.840586729066063,11.86273193359375,11.887108925574834,11.862066710742447,11.902181625366211,11.896986673117311,11.823042451924163,11.90691089630127,11.893376382776374
12.25486757159303,12.318746298097295,12.25084114074707,12.239972910823488,12.316597750416612,12.263728141784668,12.248722796364223,12.208609029691177,12.25621223449707,12.243393821837662,12.282977613778097,12.244762420654297,12.228160546447086,12.299550943288294,12.271533966064453,12.23293378172183,12.243550315363192,12.246810913085938,12.257601074573142
11.580593459194764,11.618694649720945,11.294428825378418,11.555991264210574,11.535334180337108,11.495296478271484,11.564011677324716,11.562971660738265,11.59841537475586,11.628129498106196,11.5607848997566,11.381316184997559,11.521023580365611,11.375827186581107,11.394941329956055,11.470622820667103,11.440835971141258,11.385939598083496,11.540003789598599
12.649157827477366,12.307724798030225,12.374815940856934,12.256470047920576,12.241551007711253,12.278688430786133,12.200222044498606,12.38085178034816,12.374260902404785,12.201888555946265,12.44871313030794,12.390170097351074,12.265062888426836,12.398631855811189,12.380701065063477,12.27960919142849,12.350196222304756,12.355509757995605,12.253118450337528
12.027191164883384,12.140555921296347,12.08403491973877,12.099801439580274,11.983852600752584,12.074747085571289,12.107373496081394,12.002323670591917,12.03137493133545,12.08809284131026,12.180709177036496,12.080639839172363,12.087855282838373,12.130658289653276,12.088685989379883,12.089601554319604,11.976747537973884,12.04853343963623,12.094271669320918
12.230282214644559,12.220336170099017,12.284323692321777,12.284233523438415,12.264605355771943,12.254610061645508,12.28974455335452,12.223673877948537,12.264360427856445,12.291680806483571,12.285145020688915,12.25651741027832,12.297615734707113,12.307050707228345,12.270326614379883,12.286372181743605,12.12979404815544,12.262596130371094,12.282221742438594
12.206077645517674,12.247153385539756,12.192835807800293,12.209651231100104,12.378372034785974,12.252452850341797,12.269366400529776,12.334481611227018,12.196368217468262,12.219266133916747,12.29975299145192,12.155289649963379,12.192712616934317,12.311760309722276,12.175883293151855,12.162423952381577,12.320624590322959,12.1958589553833,12.18794645276598
12.100161978566867,12.093686761029769,12.069321632385254,12.056814403569389,12.064917832537178,12.034809112548828,11.997123834300764,12.06051167271817,12.085484504699707,12.079221086742166,12.069726368701529,12.053021430969238,12.014191581628094,12.095148950999574,12.060890197753906,12.034598115091347,12.066781212815446,12.097543716430664,12.060947190284038
11.48247656671073,11.63753244361812,11.664106369018555,11.689160784407134,11.717325045972597,11.68193531036377,11.69107261936544,11.667237089631138,11.70935344696045,11.696313307447044,11.75174870935334,11.702768325805664,11.688511453203358,11.693267026926817,11.720932006835938,11.702950367703398,11.712127039857517,11.735556602478027,11.714658109027134
12.864242696187505,12.904863415765343,12.921756744384766,12.988906080600323,12.70473213197461,12.88502311706543,12.987560478084637,12.84641509873888,12.87768268585205,13.004757700990636,12.791603654443676,13.032761573791504,13.076485278894184,12.826882308940029,12.99528980255127,13.042508753066297,12.65935280722249,12.898234367370605,12.998342922331782
11.626263078808801,11.441979411827194,11.46884536743164,11.607704022187855,11.643541673854365,11.468816757202148,11.585811282920888,11.433117293299514,11.509647369384766,11.603125427193332,11.46264505501604,11.512808799743652,11.558323992855588,11.295027906159984,11.468527793884277,11.581811868285614,11.461427416963987,11.501185417175293,11.619125510748152
12.577639650232573,12.545226687845762,12.505525588989258,12.528531815763849,12.472343824174251,12.543325424194336,12.54019672627726,12.494076501621443,12.539361953735352,12.563504705142376,12.5410895042248,12.524747848510742,12.523148693917344,12.498659049437853,12.49451732635498,12.557359277342998,12.474820419006114,12.514275550842285,12.549167795959454
11.571203807011969,11.487512681433687,11.48558521270752,11.452972201487741,11.464529154032975,11.460845947265625,11.441450049879437,11.405329727077241,11.445034980773926,11.442296946494395,11.485312984385867,11.481292724609375,11.468586618556147,11.556224975051446,11.511396408081055,11.431521227768563,11.453217274429749,11.506025314331055,11.462479393266308
11.736077016252437,11.704062669122855,11.719054222106934,11.742299518670896,11.575414143644622,11.758228302001953,11.768243104918168,11.667526481884346,11.756979942321777,11.78313636281005,11.705238686373665,11.712021827697754,11.717320859469181,11.73117475786134,11.709212303161621,11.74448587767206,11.665538367620375,11.721288681030273,11.7697609284598
12.167856627501678,12.16522756469717,12.157400131225586,12.204061493990924,12.175274063042663,12.216663360595703,12.255478147089105,12.177125278096456,12.157965660095215,12.222314583170052,12.132161705913465,12.144722938537598,12.215393641035547,12.12869206309721,12.142427444458008,12.1925701647832,12.187938271791145,12.156306266784668,12.235864915018663
11.904974309480183,11.863597267751139,11.80530071258545,11.8458809712473,11.82201582707751,11.740269660949707,11.791290040450106,11.988882067816604,11.781922340393066,11.812494968873805,11.94955970833092,11.829865455627441,11.84826363211891,11.938179545272257,11.82847785949707,11.84701095522978,11.911836477505748,11.790473937988281,11.855280179390173
12.90669432231532,12.791346196168588,12.845235824584961,12.740808528531876,12.836063201071342,12.850086212158203,12.769680255977152,12.612595533672264,12.8235502243042,12.76870639151279,12.898738258778158,12.907142639160156,12.769505475534917,12.782680742118753,12.914532661437988,12.759431065050196,12.649469539860519,12.838211059570312,12.730608135825031
11.456365695436427,11.5425331860935,11.450728416442871,11.452493803105945,11.335068131442098,11.469287872314453,11.444836122871436,11.312696998848105,11.483882904052734,11.452278481336373,11.379874184962292,11.400511741638184,11.385740107112689,11.430060056285667,11.430259704589844,11.414551740853726,11.377085610619142,11.444878578186035,11.424387371405409
11.761354623750297,11.876690102583455,11.789307594299316,11.748393983834612,11.719749823281887,11.732217788696289,11.703085616709647,11.696771673064937,11.75172233581543,11.723464636713596,11.718384573002163,11.747796058654785,11.730740248206251,11.760912264204789,11.772805213928223,11.739228550091315,11.811188134050422,11.774806022644043,11.747699389198502
12.285350445351659,12.325313030535344,12.216036796569824,12.213201063941307,12.284039891282692,12.252820014953613,12.255170597915876,12.258347020519029,12.219602584838867,12.194497755657146,12.280703019223756,12.246315002441406,12.223035001008501,12.245144025012618,12.231718063354492,12.200698030408505,12.257946114325716,12.225801467895508,12.193193118988033
11.402005077384885,11.446081365086458,11.368124961853027,11.437356082606557,11.38904636084049,11.463034629821777,11.432167847859795,11.417705942159404,11.451313018798828,11.437563616328017,11.309057033748815,11.240201950073242,11.432907265427437,11.323226294196097,11.39517593383789,11.427617296256367,11.402763312195562,11.335803985595703,11.427483252376462
12.130815551850676,12.13485843295192,12.124524116516113,12.159247083530683,12.159857955590494,12.108236312866211,12.13281371661697,12.182840497064475,12.117972373962402,12.166937502250361,12.162256624324861,12.115494728088379,12.145014323296593,12.156109274514447,12.12521743774414,12.16616653760543,12.236359671487854,12.142637252807617,12.170583228109162
12.178192583415596,12.020014078988718,12.233648300170898,12.239721621720362,12.2235461945816,12.174177169799805,12.252432197231231,12.223682175273735,12.2111177444458,12.245663763258857,12.238154941869734,12.215108871459961,12.23531888888794,12.198444893257212,12.220829963684082,12.244924261446364,12.308884592193243,12.218427658081055,12.238453737795535
12.669809806411457,12.504018933375843,12.490547180175781,12.490818515975192,12.433448319145823,12.47574520111084,12.462703759140883,12.425092332448688,12.511889457702637,12.482092947759952,12.710483404575593,12.4744234085083,12.439692908743554,12.503229429999855,12.480539321899414,12.440764554169844,12.468796021629576,12.466935157775879,12.430437718013476
11.635151947212842,11.596194232821102,11.788586616516113,11.764359779006508,11.82643252667816,11.892126083374023,11.85578825453115,11.73538346015294,11.861030578613281,11.86630252116986,11.754121141223816,11.842023849487305,11.800266732139734,11.628571757046211,11.819207191467285,11.740024512156557,11.711195866657018,11.819624900817871,11.802639860757278
12.47801017053037,12.52049553076803,12.536885261535645,12.487020448356917,12.358830144211115,12.490612030029297,12.420693004140952,12.500085436613578,12.560909271240234,12.569254572092092,12.483256273394096,12.490789413452148,12.513495729510849,12.497889453151586,12.526796340942383,12.528180876537826,12.461289509255977,12.561070442199707,12.550224375826744
11.612779849672751,11.413614946001664,11.439592361450195,11.490042742098158,11.594296160687174,11.517853736877441,11.482515743218018,11.662951781142018,11.47713565826416,11.45994936512384,11.531767214495796,11.419200897216797,11.44683737638028,11.493802538905522,11.45754623413086,11.443758413073123,11.528841324063823,11.399042129516602,11.434091990310954
11.277215789596893,11.455177746258109,11.421085357666016,11.59673141949992,11.29114855725905,11.544696807861328,11.581465133589061,11.019250730610697,11.391691207885742,11.553713553220994,11.265653326016436,11.401567459106445,11.54060393382529,11.385672421573654,11.31999683380127,11.533678224714855,11.188367663415708,11.379351615905762,11.508600569865127
11.695255355062795,11.674813600734332,11.794096946716309,11.749582674176876,11.50761826814354,11.669815063476562,11.647243110569134,11.872840258808882,11.798158645629883,11.755406823787103,11.833795515208871,11.787118911743164,11.757616997624693,11.822734113942788,11.80408763885498,11.737592753133788,11.834931457911393,11.788345336914062,11.759446281108348
12.230770136157428,12.275270426602019,12.366555213928223,12.37028805462991,12.44129728178359,12.461047172546387,12.401795602162638,12.420549764936665,12.397181510925293,12.364684986198233,12.344498926055316,12.368579864501953,12.36772266562188,12.344944981694823,12.348231315612793,12.365195066485496,12.315552235746983,12.40438461303711,12.350634941060367
12.394628892852941,12.309706587241944,12.2913818359375,12.400497297731492,12.130708990630886,12.35977554321289,12.38894447495068,12.11856863825795,12.297344207763672,12.35505490125708,12.350230906278409,12.340204238891602,12.402996345127336,12.165983080759352,12.32015609741211,12.393468230833456,12.337381774791965,12.335858345031738,12.405050299627781
11.827743504053695,11.859603777563843,11.802165985107422,11.731741005706162,11.996043204165714,11.81419563293457,11.80886672611863,12.101076397674056,11.895238876342773,11.823979896304463,11.86305921020337,11.784460067749023,11.788905033831512,11.744506063112047,11.808180809020996,11.755179298284757,11.83534392380154,11.801426887512207,11.796845845801377
11.849404844423074,11.873254351797486,11.903234481811523,11.899979165348332,11.832242155670372,11.961845397949219,11.936562881192721,11.760175147096179,11.809271812438965,11.841960558717117,11.891199428160558,11.909673690795898,11.904967349021145,11.914570742280258,11.90875244140625,11.899860951933798,11.879160169661013,11.870368003845215,11.889754781162232
12.100717685412471,12.167136244376564,12.134483337402344,12.200374506714274,12.118300079718534,12.152554512023926,12.180667528506806,12.178268081468755,12.167441368103027,12.197837365413093,12.143807371805675,12.138017654418945,12.163529328563584,12.147651106727036,12.138039588928223,12.183078445175092,12.223445102264254,12.13861083984375,12.194835083257928
12.531776395271262,12.069124750183633,12.38367748260498,12.309768147998154,12.468073581522779,12.358123779296875,12.32891890890386,12.234748705490492,12.463964462280273,12.325945203684002,12.190521756748717,12.437993049621582,12.333784172118087,12.189342287239636,12.420182228088379,12.356751302674079,12.153092445800121,12.453359603881836,12.315845976432968
11.245059091624615,11.565523136841232,11.321969985961914,11.496785579126904,11.474075655548715,11.42136001586914,11.54232003112382,11.59877063274452,11.359416007995605,11.572286660532852,11.236607024350597,11.265785217285156,11.387386872945466,11.25790114412132,11.3485746383667,11.495060620370582,11.247191813854062,11.341593742370605,11.459168081208794
12.367345048436391,12.268273201396392,12.343592643737793,12.49352309078081,12.565307667784511,12.523268699645996,12.50997966792299,12.624034161513961,12.485186576843262,12.484791933189538,12.321307176561874,12.516244888305664,12.520600221618967,12.462539427955859,12.514325141906738,12.478477082560923,12.418382040707588,12.473187446594238,12.48767286541231
12.06105265381003,12.083135118673699,12.087364196777344,12.106989507974808,12.146158475639735,12.062678337097168,12.084901647193373,12.099487332736667,12.07275676727295,12.09219699788668,12.138702071405486,12.089583396911621,12.10155278612823,12.128978098129208,12.083039283752441,12.095845754556933,12.135636920692416,12.057879447937012,12.099870990842971
11.970356641102999,12.026202914684823,11.91408920288086,11.9705402618479,11.941471875533264,11.922786712646484,11.934214575909133,12.022989258753764,11.975545883178711,11.965521805828667,12.09902377061088,12.010321617126465,11.976671206811485,11.913056531127646,12.008295059204102,11.989540000045348,11.914415048445482,11.936531066894531,11.961226600252616
11.884495917930655,11.859882788728086,11.848066329956055,11.881522135487737,11.95886574992152,11.867846488952637,11.890995803157807,11.924877209459398,11.859136581420898,11.873235929624082,11.83435901267643,11.859090805053711,11.885767702681855,11.750037500052867,11.873332023620605,11.887856333899874,11.967640570195584,11.85173511505127,11.900804299496956
12.345838935721968,12.30385870962292,12.347710609436035,12.394025347573079,12.417917744211767,12.356757164001465,12.380750536885488,12.313232709622978,12.380026817321777,12.381254496543617,12.317603541213495,12.320218086242676,12.3976130911212,12.292183682651133,12.338213920593262,12.380374912835666,12.318301350793877,12.340563774108887,12.392898288611397
12.242891437918386,12.249069383979796,12.163731575012207,12.160039502625805,12.245095623688005,12.201510429382324,12.200843942933076,12.219851245824024,12.167712211608887,12.196094041461478,12.315929954284172,12.147586822509766,12.175387253389395,12.334438930995201,12.162522315979004,12.189433994125777,12.231348956638463,12.151202201843262,12.182727809159955
12.301387370778713,12.418236453550993,12.387683868408203,12.411234779517084,12.383500198742599,12.387474060058594,12.391508456827902,12.450920474947335,12.400883674621582,12.41915531518461,12.289367827558394,12.338013648986816,12.387200942792195,12.405763608080823,12.35582160949707,12.395429029396967,12.445064053195834,12.390213966369629,12.407690448797688
12.352339472153524,12.244670840167789,12.201106071472168,12.247463834147577,12.292026998551808,12.227882385253906,12.271021457281403,12.296921375585633,12.245513916015625,12.257226614666013,12.244565883187054,12.209417343139648,12.252868237455903,12.26575145296939,12.224504470825195,12.275313714995724,12.267138656004633,12.227823257446289,12.263565896362447
11.48247656671073,11.645325639215981,11.579597473144531,11.569449004610393,11.453957993632134,11.526419639587402,11.544243122156864,11.522071331725183,11.581936836242676,11.560007820721845,11.67359461306028,11.594010353088379,11.529987079589548,11.58322491686451,11.60669994354248,11.578989419745348,11.636234860849239,11.560152053833008,11.587442284780394
12.07824495582233,12.053739463774898,12.076327323913574,12.008582858038489,11.908476061167551,12.001781463623047,11.972865183384522,11.901802159107392,12.050408363342285,11.99881209972718,12.028836156877603,12.058677673339844,12.004386871421177,12.13822433068211,12.068943977355957,12.028725162052814,12.012564867703112,12.085489273071289,12.011785200021768
12.52815976788113,12.727213679459055,12.765374183654785,12.718875326781953,12.895346761672908,12.839656829833984,12.777031271021313,12.881199641848426,12.80070686340332,12.72861164491571,12.855981950523653,12.739015579223633,12.73096744561901,12.832623976178251,12.753609657287598,12.718041988958264,12.80507666410753,12.773465156555176,12.730537273386249
11.92504173829169,11.981739758533148,11.959416389465332,11.900029621323059,11.794057592623222,11.903813362121582,11.889014114645287,11.817446987584471,11.945054054260254,11.903483718163203,11.959779212013494,11.923766136169434,11.910765412391859,12.014545231801584,11.92498779296875,11.905462179293435,11.988849273671192,11.959959983825684,11.905807059536974
11.775297421715827,11.801378883890061,11.751263618469238,11.756941979400278,11.835264729757187,11.794964790344238,11.775020216177635,11.718427691095362,11.778239250183105,11.747444539883587,11.653395304446006,11.757463455200195,11.77019332171202,11.853053034033247,11.775796890258789,11.76051214664356,11.780942414588909,11.765364646911621,11.748406650249798
11.19822841866684,11.837361109524725,11.41361141204834,11.500629951505369,11.761947805331433,11.587044715881348,11.530243245951107,11.507246490690319,11.542691230773926,11.551892295407292,11.388206622443668,11.439189910888672,11.480360026757172,11.343386287583517,11.411189079284668,11.473927022972655,11.487153735884773,11.385092735290527,11.467961966248055
12.075400019877522,12.110109384767895,12.123452186584473,12.088455938990716,12.156577533916673,12.06542682647705,12.112257652391683,12.220043306947185,12.097434043884277,12.096249150155776,12.108293154149797,12.113079071044922,12.086387420799676,12.165433452558238,12.131203651428223,12.092015086421686,12.092343118714329,12.121217727661133,12.074546048851973
12.128116509451258,12.088955143220698,12.14758586883545,12.124515820666998,12.035019293071983,12.109065055847168,12.116312753161742,12.118350660710446,12.135165214538574,12.105049915946289,12.159695987312894,12.12867259979248,12.10384976286684,12.127897788023068,12.110912322998047,12.097795468669817,12.093861082905436,12.145201683044434,12.119541279491006
12.097936057925594,12.01155107401867,12.045099258422852,11.962547231075234,12.087344422230045,12.050731658935547,12.047018216871356,12.082072524559143,12.028319358825684,11.991693735163794,11.902077410963795,12.017999649047852,11.999256139253982,12.013150826436712,12.015076637268066,12.021024286414766,12.059100231740434,12.042197227478027,11.994508582954177
11.699413330633599,11.634419591907715,11.625638008117676,11.637060466467803,11.497035218550595,11.65441608428955,11.590092547955598,11.560496499318266,11.65715217590332,11.59284656571844,11.557849803007663,11.570483207702637,11.58692469099594,11.682048404342202,11.560872077941895,11.576085262324794,11.682305677540285,11.63162899017334,11.614045279384253
11.904974309480183,11.955508535999279,11.946468353271484,11.894995512013912,11.907224567114891,11.892041206359863,11.925829397778775,11.954702175113258,11.91108226776123,11.89828576772121,11.948790804738186,11.897845268249512,11.898107242372811,12.040552116369092,11.935942649841309,11.910248639443212,12.006438965684822,11.952004432678223,11.913464888705272
12.491255347155265,12.470758208640966,12.459698677062988,12.457371696848623,12.479624212757427,12.484244346618652,12.452737766095042,12.48012533625841,12.457554817199707,12.459425583590333,12.415373076827189,12.492836952209473,12.458293459609864,12.457669336622292,12.485278129577637,12.453378568844707,12.511899101867261,12.460886001586914,12.456170124445356
12.394628892852941,12.063347329714219,12.268686294555664,12.08924686100261,12.409723869845045,12.193373680114746,12.043443031622921,12.39030342987871,12.292143821716309,12.079100713668828,12.352570470619462,12.264537811279297,12.114727888452288,12.367355305989891,12.269221305847168,12.101983288479422,12.57082983408985,12.321547508239746,12.075689986709943
12.577639650232573,12.685583393914769,12.615621566772461,12.540585474297258,12.559356276971812,12.619279861450195,12.549510610275398,12.588629869902249,12.616705894470215,12.562516109807781,12.634152481284184,12.631091117858887,12.589667536369902,12.598971888769345,12.623069763183594,12.537633599831606,12.525330378625831,12.641666412353516,12.557501449812595
11.842236406331555,11.93342117135748,12.081866264343262,12.011451245044373,11.880151427111537,12.070772171020508,12.030914558203618,12.00378730207817,12.030658721923828,11.991060238356145,12.036032804468796,12.040264129638672,11.98428478147179,12.095258481871351,12.040803909301758,11.99057500601329,12.034383174664248,12.073827743530273,12.00604672614499
11.732069026983156,11.90789565508375,11.756928443908691,11.732215997449227,11.692027104345515,11.685690879821777,11.699425021651814,11.80031637203628,11.735685348510742,11.71304153306451,11.713803371962388,11.761918067932129,11.698972452161998,11.752367138781032,11.730718612670898,11.70622206374645,11.749704263897312,11.732061386108398,11.733620216077917
12.230770136157428,11.950383151288163,12.136324882507324,12.03115404111721,12.165727476577379,12.062151908874512,12.038617607963525,12.044545218280238,12.064520835876465,12.043687704210347,12.009089729343758,12.093055725097656,12.14137624405832,12.113782974616278,12.115845680236816,12.134555282103731,11.985404309133926,12.09765911102295,11.96085998551784
12.211065162153215,12.217016112650182,12.244633674621582,12.311766026389307,12.388737872809694,12.228559494018555,12.327862717098416,12.306043502552365,12.220625877380371,12.310277776333775,12.200995771947532,12.224310874938965,12.272542922372674,12.236838969075142,12.231539726257324,12.282272113477225,12.170326276069645,12.229584693908691,12.300751979275882
11.856522261533737,11.626378172651714,11.631749153137207,11.591159668638317,11.462573468600127,11.571557998657227,11.501603167069431,11.464785436684265,11.633989334106445,11.512984502960792,11.618459629763166,11.601933479309082,11.500916718353201,11.677825268577987,11.669942855834961,11.545439253441415,11.721572921170294,11.597561836242676,11.548878532904451
12.936754021718041,12.732324452159554,12.827558517456055,12.814066403151683,12.858359025731392,12.780256271362305,12.806985901324,12.927795477142304,12.806266784667969,12.832173562204137,12.712857800353682,12.81197452545166,12.850465728667457,12.813736642052191,12.820478439331055,12.842457135056423,12.913460312927356,12.784482955932617,12.799627555133064
12.165255859329688,12.321159702410972,12.265729904174805,12.274202869011173,12.341534324114672,12.289909362792969,12.286678194933044,12.127100029555693,12.249373435974121,12.265581744052161,12.192826172343699,12.260726928710938,12.269640766851326,12.238357470564106,12.251577377319336,12.268730404817767,12.15378446051903,12.271240234375,12.309538252479621
12.339295865674435,12.248527840509643,12.288506507873535,12.292562616113765,12.263931786103296,12.349483489990234,12.298278015412244,12.298243308436382,12.322437286376953,12.294544502405344,12.223868488475237,12.257865905761719,12.233336474248116,12.306552214533726,12.303607940673828,12.258501855018139,12.282303885697802,12.302407264709473,12.261649417933453
12.128116509451258,12.17612016771676,12.107354164123535,12.075726874170757,12.238564374423905,12.148364067077637,12.108471100157397,12.165262355709826,12.128506660461426,12.093944146735325,12.244735436432677,12.135150909423828,12.080335035342356,12.162902816505945,12.136693000793457,12.068480656244185,12.162676427498784,12.124265670776367,12.075861539595904
12.242891437918386,11.94618725168763,12.246050834655762,12.265002874405535,12.286103591476738,12.263067245483398,12.297197317314472,12.279389931498722,12.261018753051758,12.274037537244128,12.2075862374588,12.210663795471191,12.280169351562309,12.411518302522554,12.291947364807129,12.284609014046529,12.327201826206174,12.263333320617676,12.276502767132401
12.407383590534293,12.313794208864607,12.455191612243652,12.377748926004513,12.405828354362917,12.3934965133667,12.355087868969946,12.34452217829522,12.441268920898438,12.343630855854581,12.342440837030972,12.39465618133545,12.289068795625056,12.342386517004812,12.427688598632812,12.336612847870812,12.332684903293837,12.444356918334961,12.367710580144484
12.09626335986454,12.121169426544474,12.081521987915039,12.117470243833317,12.22280946838409,12.178306579589844,12.142219904716145,12.103286180427641,12.098499298095703,12.108445656907422,12.034478522717233,12.103057861328125,12.108318104692712,12.121058452882627,12.116711616516113,12.121545614703802,12.106854384112687,12.075655937194824,12.10339196897494
12.011886987792716,12.004722273664289,11.983895301818848,12.031339805271733,11.929621265586189,11.986550331115723,12.017311359067126,12.00706969843531,11.961374282836914,12.034005696167014,12.007193332905295,12.007420539855957,12.040668602709792,12.047574160476053,12.007418632507324,12.04597116228584,11.96128714207667,11.984267234802246,12.034544655816553
11.976665770490767,12.131021176759107,12.107780456542969,12.06061220657155,12.098287103171405,12.10077953338623,12.07605408291386,12.19704308113374,12.1192045211792,12.063343920970887,12.139291377452272,12.11855411529541,12.09557876422993,12.106972515860042,12.146467208862305,12.092580677308675,12.129909327192324,12.118487358093262,12.081261684375358
11.385103457032141,11.425233614735568,11.543806076049805,11.60639512069031,11.531781192268657,11.570100784301758,11.592283966461588,11.496766528293005,11.459239959716797,11.505321851476403,11.551896514118532,11.514801979064941,11.54303128599449,11.449462471486882,11.54011344909668,11.592201685119162,11.43089178402554,11.535280227661133,11.544268647353103
11.711784520403112,11.611099059564399,11.683682441711426,11.687307056091354,11.721792572885546,11.695070266723633,11.680879060886175,11.700348972149035,11.700126647949219,11.688229131605572,11.668996072979915,11.712007522583008,11.672546959274536,11.670903295608216,11.713118553161621,11.666054198737378,11.6522230630674,11.678420066833496,11.688019599057007
11.941950837487406,11.950297470054116,11.804421424865723,11.800992123996481,11.893805684252028,11.761920928955078,11.748392071328794,11.849679660222701,11.727876663208008,11.771432807996254,11.810932199996124,11.801016807556152,11.77344752028434,11.739370055910184,11.827535629272461,11.784448331061462,11.886711524092702,11.771610260009766,11.809482432678209
12.359784657728284,12.317433355793986,12.458686828613281,12.418092252470847,12.40094231139028,12.393144607543945,12.426274753420413,12.376928228480317,12.408414840698242,12.46193769959307,12.506587998797686,12.467594146728516,12.475985397689822,12.395852012214194,12.40401840209961,12.440311515321882,12.448252612897676,12.409549713134766,12.423214925822403
11.819681958463892,11.643420351481808,11.76738452911377,11.842492478936332,11.78214064128995,11.774444580078125,11.863633068541432,11.74946568921786,11.713982582092285,11.816177645051276,11.846837251012797,11.798251152038574,11.872294654830714,11.643081840308914,11.777240753173828,11.855495308941071,11.748725554129159,11.754159927368164,11.829287368707496
11.782960235741939,11.791677936648535,11.910602569580078,11.896983514824415,12.024142473488286,11.959465026855469,11.944211001357017,12.020480612018677,11.900527954101562,11.866163395043586,11.874539425141446,11.915568351745605,11.926589144888448,11.940338767838293,12.00714111328125,11.957984535481243,11.748700903744531,11.929787635803223,11.906215673238126
12.367345048436391,12.254904885728012,12.40728759765625,12.291663352683125,12.337163854107246,12.390288352966309,12.311316805475084,12.359005676857413,12.50504207611084,12.350099600907345,12.432259075921598,12.419888496398926,12.34407170507997,12.400492130935154,12.4212646484375,12.349472649829094,12.354699274256362,12.464873313903809,12.345356848136529
12.025755079404917,12.037948047480308,12.055424690246582,12.004212917176481,12.097143035856252,12.13245964050293,12.10605356597398,12.083785745834332,12.069108963012695,11.988502615824695,12.068926410230553,12.060677528381348,11.96560310252669,11.798136178431275,12.063896179199219,11.964495353035243,12.001200945024378,12.092816352844238,12.014925803051193
11.86710429621008,11.924538543231947,11.923361778259277,11.864008590526357,12.022200557748931,11.820367813110352,11.860075900488228,11.947244234866558,11.860548973083496,11.865632497247475,11.9522097675105,11.944311141967773,11.861841286223147,11.962630326381651,11.927655220031738,11.863494032018018,12.022571167885816,11.894325256347656,11.861632384744357
11.931642378754141,11.722991592558989,11.806238174438477,11.843305691034288,11.708451622569616,11.824684143066406,11.8194446711686,11.713485968826665,11.822653770446777,11.877197554020265,11.623395261634588,11.792891502380371,11.85329428684136,11.902143517254041,11.83712100982666,11.863982641842245,11.61402487441723,11.779596328735352,11.849520924625704
12.384223015005313,12.274965679123294,12.306848526000977,12.227239470404584,12.30425727271926,12.283578872680664,12.234121717810014,12.359576741336415,12.302983283996582,12.285786566004468,12.329145341518904,12.310637474060059,12.299728836307944,12.302615492087696,12.276382446289062,12.289867073731408,12.375035383152692,12.298059463500977,12.218176753648217
12.07254696717504,11.92571760972786,12.068408966064453,12.051610711206228,12.104987029046443,12.081806182861328,12.051709408032691,12.110962493048262,12.074454307556152,12.020318094215483,12.07560753642376,12.057943344116211,12.04408686447534,11.967501427239903,12.105439186096191,12.031128471491076,12.001297671838653,12.068181991577148,12.030504083592616
11.973516181427835,11.94536605222793,11.95971393585205,11.813945999849832,11.962246047122541,11.845788955688477,11.823144498031704,11.954871440391127,11.95514965057373,11.86533576622444,11.995818904346311,12.005772590637207,11.85324308862802,11.982715292982636,11.994154930114746,11.86885385006448,11.944786982727996,11.949711799621582,11.831560807224712
11.964007453736912,11.985742428558524,11.96877384185791,11.913420965989202,11.999702447275197,11.886988639831543,11.87864335687447,11.958333253633517,11.951250076293945,11.913975992305485,11.87231479499559,11.94102954864502,11.892347656569777,11.893984296321172,11.969082832336426,11.897542943513065,11.92364645327637,11.928681373596191,11.9159315616512
12.495007682693725,12.309584914290804,12.549408912658691,12.538022155457059,12.52339578916065,12.53393268585205,12.530536930807493,12.59036477382372,12.5579252243042,12.580124231061612,12.51037081714376,12.537137985229492,12.536836136507297,12.507149041131084,12.558693885803223,12.561869942458545,12.632559436851798,12.584391593933105,12.540668259848081
12.230770136157428,12.33607970161103,12.355386734008789,12.38084596232874,12.422219388901405,12.342463493347168,12.366834948089046,12.50215177076294,12.324783325195312,12.38250710949845,12.268075880244789,12.297464370727539,12.38023790592298,12.377426192274045,12.354645729064941,12.431227828487424,12.51407009791022,12.331626892089844,12.407337193815016
11.917730355182513,11.71503046231286,11.7820463180542,11.777704111809502,11.759044497568649,11.808294296264648,11.77253465464108,11.806726176348588,11.820472717285156,11.784481739707644,11.798866707971797,11.837759971618652,11.78089234913852,11.588268924190178,11.770330429077148,11.76804524403532,11.707944933037158,11.769598007202148,11.7673645190307
12.59473402514672,12.093499275797614,12.587169647216797,12.519983130631568,12.597875667201116,12.562094688415527,12.504355826567728,12.574047154525092,12.557982444763184,12.564569599541567,12.364977114864374,12.646355628967285,12.625041809803616,12.37808973365629,12.581188201904297,12.611395587944742,12.221275710184528,12.563074111938477,12.621872988469628
12.631016799175821,12.635633655436768,12.633875846862793,12.732628729055792,12.656421414336899,12.735823631286621,12.759457157847445,12.679671801506469,12.729117393493652,12.746129940899309,12.5641020975807,12.725064277648926,12.769191927313646,12.772116289847277,12.749287605285645,12.763697277412549,12.623884301388026,12.729446411132812,12.758283138293022
12.323860125621126,12.272132314613385,12.381170272827148,12.362922380505877,12.230481624409911,12.38149356842041,12.346363485589475,12.288159249091198,12.410665512084961,12.380680546173874,12.393764150737075,12.393919944763184,12.337789279104124,12.345079345422109,12.360405921936035,12.330868853690351,12.293557214610802,12.397968292236328,12.375030108650874
11.402005077384885,11.507722181853554,11.55678939819336,11.654386897770864,11.425181744975992,11.394797325134277,11.580935997769297,11.402961466615027,11.464516639709473,11.573612367394064,11.468742933954138,11.643582344055176,11.683165526142963,11.482706753351644,11.608951568603516,11.706887379474733,11.381807708155481,11.633872032165527,11.69516466873961
11.320565693461432,11.555746247281306,11.610712051391602,11.590336493995618,11.677323712206938,11.546503067016602,11.59216866160041,11.587479852652788,11.593602180480957,11.596700106425148,11.608614478056639,11.582175254821777,11.62546770945969,11.594599868225153,11.620077133178711,11.634099627616157,11.555340741130728,11.598297119140625,11.599710673068463
12.793862088206213,12.862948679120969,12.843289375305176,12.765280391514704,12.782249737984651,12.880258560180664,12.76043852345119,12.745541465134638,12.862313270568848,12.781939149401804,12.76100971893506,12.843940734863281,12.779021005202805,12.84437720393824,12.843287467956543,12.776264771153462,12.695260508328543,12.837798118591309,12.779147570076614
12.017336559562407,12.068760352774568,12.150181770324707,12.11628822273686,12.04407852536538,12.100921630859375,12.098644219498759,12.133906839759339,12.156855583190918,12.114844565918137,12.07230389535784,12.122676849365234,12.109252078785214,12.050558668511894,12.0973539352417,12.096005610876475,12.080075034200743,12.147626876831055,12.110859406859323
11.790564777297387,11.761235122671152,11.74663257598877,11.729526024273927,11.785025008248734,11.697704315185547,11.734218715589357,11.740334227338233,11.737435340881348,11.716142630505606,11.773463798565476,11.684621810913086,11.729049550003491,11.817603150979417,11.729720115661621,11.753388097029482,11.732831748563093,11.749724388122559,11.738501283334543
11.694421681264394,11.710329608829719,11.748252868652344,11.713424234743528,11.608307723477937,11.771081924438477,11.706336705038416,11.920522726410356,11.814723014831543,11.695405893002182,11.740449671340807,11.747373580932617,11.672052233108092,11.925687995964076,11.780449867248535,11.723488151340264,11.693953941318927,11.791531562805176,11.701667505055182
12.834683971615659,11.910579876580151,12.453790664672852,12.434948011322543,12.228982618709033,12.375442504882812,12.414915098687697,12.141754689842044,12.464818954467773,12.439540800491665,12.204951689533658,12.467787742614746,12.468023886744241,12.024862321762738,12.445601463317871,12.421761216247921,12.034501759554892,12.485005378723145,12.45118192982311
12.08954444723597,11.897078790045962,12.048534393310547,11.965549919654592,12.110007656032064,12.067582130432129,11.975464488376565,12.089004603618463,12.08768081665039,11.990969953665488,12.029721779030268,12.038307189941406,11.96614203875851,12.053386588445337,12.011685371398926,11.968939095050985,11.938767841288268,12.052217483520508,11.969984970614556
12.146858590895919,12.152777083114426,12.110424995422363,12.110289067968115,12.110818239914305,12.147738456726074,12.105592419065681,12.121985065814338,12.1160249710083,12.11347109996752,12.14525684735032,12.123074531555176,12.114052185997155,12.13700718372142,12.139430046081543,12.115015256310437,12.10280100741274,12.119335174560547,12.109358035052077
12.468440756144114,12.535387041791498,12.400260925292969,12.374038229624626,12.40452700193342,12.3624906539917,12.317834177463613,12.310932128181726,12.350777626037598,12.3637145716527,12.398861860201555,12.348793029785156,12.336106661554407,12.385993644207188,12.368117332458496,12.328116638345218,12.407288130219968,12.412071228027344,12.354924688965628
12.506180941677357,12.438692992263759,12.471220016479492,12.435547138303376,12.460472064809979,12.49306583404541,12.422386920619507,12.404483861119754,12.473963737487793,12.409611943228393,12.471683230510319,12.457018852233887,12.373772638092499,12.464994394882451,12.478543281555176,12.416456628307406,12.487335265080386,12.469748497009277,12.422260426204854
12.468440756144114,12.694467143087929,12.66122817993164,12.648076025979861,12.536121336080509,12.595047950744629,12.649760965443532,12.645416428897848,12.593489646911621,12.631796843091246,12.67909545684806,12.651501655578613,12.655135821165723,12.683108218146872,12.665862083435059,12.669026648163987,12.662619930781723,12.638264656066895,12.653277706260328
12.141539457711714,12.10276658235393,12.194960594177246,12.14243743645951,12.13777285125255,12.134319305419922,12.067342059362499,12.143935764930953,12.21117115020752,12.14571152643702,12.153364197397678,12.216339111328125,12.099240794187729,12.135454615368289,12.191122055053711,12.014870614019637,12.085018917566067,12.210234642028809,12.110063594230043
12.74444728628135,12.696774014310646,12.770492553710938,12.761118479261874,12.57296622372563,12.735548973083496,12.706959086621843,12.654790217336203,12.807043075561523,12.758598465513973,12.84943969989337,12.810152053833008,12.796601706903813,12.861070937168439,12.834371566772461,12.766679358494141,12.754015301532702,12.845132827758789,12.754342749135281
12.777055016970678,12.760955763917284,12.71755313873291,12.685601940433315,12.712417122466288,12.734792709350586,12.68797490120291,12.753122830461056,12.67437744140625,12.676798974821509,12.716427918994096,12.629441261291504,12.647307677494478,12.686890459065859,12.649765968322754,12.65917916451705,12.647127381315316,12.720627784729004,12.666639028575156
12.614868865984631,12.412123489248584,12.45869255065918,12.474091533140912,12.433757281898709,12.493727684020996,12.474695140056278,12.48833652264354,12.455202102661133,12.482648984572544,12.385124380804108,12.432650566101074,12.467381011621432,12.458799877696068,12.477335929870605,12.452587497788702,12.432170744795192,12.384197235107422,12.442625805491575
11.745433036677353,11.682006165453332,11.769431114196777,11.721065437197522,11.733021603446332,11.770183563232422,11.731042776828374,11.693870965056131,11.75634765625,11.73597392693811,11.733147410122259,11.776017189025879,11.733129509534436,11.703501122721976,11.735516548156738,11.725716661973836,11.664415931950066,11.753201484680176,11.709093533842218
12.396697137361691,12.016478789143473,12.461649894714355,12.373093324871913,12.527698639813023,12.498780250549316,12.387589736275807,12.436409070770637,12.488438606262207,12.366282257786452,12.415585549735924,12.44870662689209,12.351390553785313,12.515704685779225,12.476690292358398,12.330587278734464,12.318250110026383,12.474122047424316,12.399021085700646
11.373674891823535,11.744681463774729,11.376317977905273,11.414389246143251,11.466875928088289,11.430334091186523,11.503833187257603,11.561818200423676,11.49376392364502,11.492516589704508,11.634604113244622,11.46440601348877,11.501314344741461,11.397350717463341,11.370190620422363,11.397083157992085,11.371616118531437,11.374008178710938,11.369938720046683
12.688501881189456,11.950326234071694,12.51938247680664,12.566013485489629,12.516489426407015,12.556660652160645,12.571874155289755,12.540511275191571,12.492278099060059,12.562291518034312,12.305811059203064,12.506754875183105,12.594883061623273,12.331559927100415,12.528146743774414,12.529875819357336,12.478073963067267,12.493268013000488,12.551588306414557
11.886218559372042,11.885811263647367,11.837520599365234,11.905884559537256,12.066215261995023,11.85977840423584,11.90010682439596,11.951895533526368,11.844537734985352,11.909444879887252,11.8989327759429,11.837299346923828,11.908978574655196,11.864006424992422,11.86748218536377,11.909296181245008,11.928843683356185,11.83764934539795,11.897476653485699
12.276069679344003,11.927564028760003,12.02387523651123,11.950034762690366,11.831691113535387,11.975601196289062,11.951414879406606,11.80384761489963,11.966195106506348,11.898880152967733,11.832819732862314,11.946001052856445,11.978926527787506,11.902994567190971,11.991460800170898,12.01728120985189,11.955133677294052,12.013399124145508,11.971379264079747
11.264476926102367,11.45618992668201,11.314131736755371,11.432086320830024,11.511810206114212,11.312294960021973,11.420885785801069,11.514669222004564,11.246604919433594,11.381427128740915,11.504685670176936,11.379351615905762,11.509337555766436,11.461387220230998,11.369376182556152,11.493469746783871,11.304062372486962,11.307286262512207,11.437828717981008
11.686887175419702,11.880979253611697,11.805328369140625,11.860439258537282,11.827978777910635,11.788742065429688,11.802455004233005,11.744969149547353,11.75745964050293,11.807435124425718,11.827950350850907,11.7617826461792,11.818310635878706,11.849568207455846,11.800753593444824,11.835049064915927,11.757242920116063,11.810273170471191,11.85792459945079
11.842236406331555,11.76808486411439,11.822856903076172,11.829767277049392,11.87384704227808,11.826736450195312,11.855972615829232,11.800196992477606,11.8225679397583,11.844615561874773,11.793550427729574,11.814096450805664,11.839529327614086,11.779185574564648,11.830828666687012,11.83112416422584,11.753775735539632,11.815292358398438,11.834661014759535
12.556733038263905,12.528193238018199,12.486788749694824,12.529810878312196,12.878884133345984,12.495017051696777,12.516415471023091,12.581327268763422,12.489623069763184,12.560303499614411,12.742602809476784,12.497909545898438,12.556541637396217,12.439780360783242,12.510093688964844,12.569563812982127,12.740842068579145,12.517760276794434,12.534047524441895
12.240478903153711,12.221911715141877,12.14959716796875,12.13901674938616,12.201765346118286,12.160531044006348,12.154946557443106,12.249883622688706,12.17008113861084,12.150193860674264,12.191117308041044,12.133134841918945,12.10592900361717,12.194138268492278,12.129768371582031,12.10190042039133,12.289983201015243,12.121243476867676,12.111610851788265
12.165255859329688,12.26986285598443,12.174140930175781,12.159140076639995,12.197614195805965,12.176787376403809,12.160696118303832,12.105203948416277,12.167101860046387,12.141838614932933,12.19955871461899,12.172457695007324,12.176774099028298,12.184818893280264,12.176982879638672,12.159561156707618,12.141102737892464,12.184489250183105,12.139253883479677
12.34126328584159,12.020654021971746,12.216623306274414,12.124579541282479,12.164065991256233,12.112882614135742,12.087370878424256,12.240992658592628,12.185321807861328,12.13046947352741,12.252932625950438,12.310073852539062,12.109257578763696,12.130076187940947,12.25235366821289,12.11095387254567,12.138168296502885,12.293570518493652,12.180183592395766
12.841132451487937,12.940062428364953,12.73076343536377,12.707427379246358,12.735387232494537,12.680305480957031,12.693685484858332,12.785445345909977,12.755898475646973,12.710864470534027,12.617502534427452,12.754956245422363,12.711582652753066,12.900926765655253,12.780485153198242,12.682478552958548,12.833441256540091,12.69820785522461,12.71645174416147
12.273735966890268,12.315113467717907,12.323321342468262,12.308708288325459,12.28910796177911,12.306546211242676,12.307027409911903,12.252709597334633,12.316852569580078,12.316336110177836,12.306097300202893,12.316414833068848,12.309108252182325,12.327494195654404,12.338333129882812,12.311329432807627,12.277302965963775,12.326083183288574,12.307428655936668
12.218500103788143,12.225234358455529,12.255690574645996,12.199503070439993,12.101089715702605,12.160170555114746,12.17840207184606,12.124094091122343,12.186483383178711,12.170283210333007,12.27011586573898,12.269243240356445,12.244227920203429,12.280455685149494,12.209643363952637,12.237365435054773,12.089249887799863,12.209473609924316,12.202581397216242
11.951186847493476,11.8024251131768,11.870841979980469,11.867568243425271,11.978193368933898,11.861164093017578,11.903645498236942,11.90173319852288,11.896459579467773,11.884442659335814,11.921937927634252,11.950186729431152,11.913451083519238,11.968428474240193,11.957901954650879,11.935479136488482,11.979872467329322,11.925259590148926,11.896704982992256
12.220473454337986,12.285550686669058,12.335792541503906,12.319417152951132,12.210930850902614,12.261059761047363,12.301323627286786,12.182388317327751,12.343940734863281,12.348300198517274,12.274234489754626,12.360738754272461,12.358789624724606,12.290502186639989,12.344085693359375,12.3295601280085,12.19466462400064,12.311630249023438,12.322656261270314
11.314486721293981,11.71811907738723,11.295498847961426,11.450159417556847,11.283258231275886,11.451112747192383,11.537186806368547,11.15932310898288,11.493366241455078,11.568063771138757,11.259334024926012,11.349665641784668,11.446413256495017,11.397149318932229,11.34727668762207,11.463289684767387,11.384738305878834,11.282150268554688,11.456678035381582
11.37940550085183,11.648796658155916,11.343505859375,11.429319138562878,11.378311311553963,11.335259437561035,11.43214224174754,11.437665925469561,11.31656551361084,11.42885467848594,11.390611880698838,11.401799201965332,11.424419719490716,11.391228620341636,11.306037902832031,11.421191120249114,11.48267500965891,11.353130340576172,11.424187672560633
12.491255347155265,12.636644903481091,12.490910530090332,12.587248905181065,12.486390155579235,12.531464576721191,12.59114638466485,12.561851264799564,12.506855010986328,12.559997484295588,12.516632484473172,12.499810218811035,12.51511156688244,12.465985763207547,12.487615585327148,12.534766451187382,12.685621686857974,12.50212574005127,12.567178536490962
11.350418300109132,11.476699097422914,11.463540077209473,11.533449154452184,11.57079760908492,11.532244682312012,11.607094583206198,11.52148058742667,11.513662338256836,11.576312728357218,11.478888087495092,11.36224365234375,11.489914363640915,11.36610544122463,11.39494514465332,11.507448474393335,11.41421290439139,11.436248779296875,11.540061169309508
11.850832386224807,11.79178669631255,11.881172180175781,11.80844432188984,11.834066675822516,11.846423149108887,11.805041249424729,11.707916944474544,11.813444137573242,11.797534797555935,11.823685807322384,11.810952186584473,11.784484794475919,11.759358721228518,11.789558410644531,11.765201450415196,11.78633539639345,11.799338340759277,11.786025785744842
11.928347504569842,11.909947471839534,11.835563659667969,11.76774813695542,11.880308403627113,11.8027925491333,11.79268550971473,11.91185602498261,11.852766990661621,11.807534776740962,11.900376256188142,11.855624198913574,11.814378663645487,11.882671620087864,11.849713325500488,11.809859496840328,11.912555970140625,11.851757049560547,11.799375084345863
11.967187086434018,12.126059069769394,12.095478057861328,12.084266065859191,12.094614400512054,12.118599891662598,12.010673522622957,12.07024713340443,12.13097858428955,12.086739463072464,12.072836748893732,12.125190734863281,12.081621066276576,12.039757526258708,12.116667747497559,12.067446988704086,12.089129444387982,12.1244478225708,12.096168547954687
11.944714374881176,12.075693253998542,12.123043060302734,12.09700349630292,12.111972288604667,12.114139556884766,12.071365851652075,12.090074901670643,12.097944259643555,12.063047422064125,12.111296508237416,12.110465049743652,12.073578680468074,12.111911837035047,12.107316970825195,12.073250998211769,12.113485188966916,12.120590209960938,12.081944844342805
12.988043102265232,12.895347188343916,13.08749008178711,13.004827807207995,13.212637847326171,13.092822074890137,12.987815821806691,12.988060686922525,13.193841934204102,13.025495447751515,12.856426195065646,13.178079605102539,13.01448345303736,13.099013587193644,13.060843467712402,13.012598511971733,13.062475757263853,13.167354583740234,12.979144346293232
12.670001611311875,12.59304589238099,12.557721138000488,12.594373758797813,12.579124671997809,12.631659507751465,12.676837524561115,12.639891091235153,12.481828689575195,12.558864865065406,12.622618489415343,12.57013988494873,12.567009605814663,12.6404725291362,12.55587387084961,12.584037602370836,12.566747299226561,12.494257926940918,12.560085055874492
12.154784614286667,12.25308023758371,12.226913452148438,12.198144365166922,12.276697683374863,12.170897483825684,12.137253660596585,12.167574937217397,12.170153617858887,12.188074096576308,12.246707211198897,12.184179306030273,12.21194762542572,12.058249852172285,12.153581619262695,12.20130237697611,12.128172894352337,12.159465789794922,12.193181800723384
11.461642696843066,11.837144274792905,11.406231880187988,11.477779732279405,11.43700078633736,11.347480773925781,11.363495636255509,11.496034237885365,11.514484405517578,11.411045258347636,11.679176724781549,11.46326732635498,11.466013006149579,11.513294740233341,11.376827239990234,11.456441940492805,11.55571333162311,11.467309951782227,11.456589058606115
11.570259974415547,11.517641246603043,11.655062675476074,11.624840105715991,11.46639570662674,11.56700325012207,11.464948405172457,11.622623863858124,11.57144546508789,11.510110921145008,11.61557249123076,11.588016510009766,11.500050877084579,11.608359133523232,11.63803482055664,11.59478740910275,11.568869125154066,11.616950988769531,11.654501254256562
11.849404844423074,11.828651007286469,11.927672386169434,11.883364611768993,12.123118344959453,12.03062629699707,11.91769634751577,11.933015707191865,11.98142147064209,11.905550531927254,11.792869370091971,11.9464111328125,11.890012263939123,11.882524943958229,11.93641471862793,11.90868919583927,12.025363535496005,11.95035171508789,11.87293602110633
12.086731521684555,12.116468127926074,12.031950950622559,12.00950587757042,11.959187030337144,12.045027732849121,12.013192611518566,11.93367109472488,12.055381774902344,12.015609453632665,12.018160525855619,12.030129432678223,11.99322957550438,12.026125682250289,12.023025512695312,12.000447917294636,12.01505723319348,12.041478157043457,12.01504393927568
12.06105265381003,12.0618220397834,12.007956504821777,11.9841433599097,12.01855887654992,12.0077486038208,11.992573498878581,12.00033976749217,11.99267578125,11.976282501299798,12.014629332006521,12.012799263000488,11.979411016357963,12.033795938709435,12.026432037353516,11.98680194669775,12.026530365921131,11.988332748413086,11.965755345104466
11.80560254159177,11.816068650874719,11.881876945495605,11.882334117647334,12.048545381915115,11.96840763092041,11.990358833108008,11.9304220553971,11.874236106872559,11.89181434322793,11.762882147570217,11.844597816467285,11.867322505557027,11.919202543170393,11.838781356811523,11.893320000555512,12.093007453102667,11.863301277160645,11.886043145858874
11.775297421715827,11.934221631756275,11.657159805297852,11.688086359851876,11.660209144349661,11.755853652954102,11.79408643536055,11.719197504137206,11.786039352416992,11.804473739468847,11.59007596149257,11.662261962890625,11.656182065877475,11.274980993793774,11.622406005859375,11.643673423693334,11.776223753418384,11.703472137451172,11.678523281239135
12.54254845357358,12.526634307820355,12.438054084777832,12.415948547493956,12.350564583100374,12.422876358032227,12.426916843902939,12.433405778339006,12.412402153015137,12.417797506179014,12.299192046304425,12.438128471374512,12.409371949998189,12.364636373150319,12.450851440429688,12.429261565290368,12.394954709154087,12.395201683044434,12.422221984237803
11.957617696467539,11.974666260852036,11.854381561279297,11.830912869441926,12.012974364727471,11.853998184204102,11.850194847632135,12.067918254283471,11.849431991577148,11.835805178404348,11.81255053539657,11.849367141723633,11.846049758401445,11.823936282694023,11.845846176147461,11.842879207109338,11.844117033909304,11.817329406738281,11.838446820997353
11.884495917930655,11.848885210343804,11.82613468170166,11.798421703888193,11.846157600761495,11.828984260559082,11.82648120500161,11.86337712769156,11.862397193908691,11.829023531879988,11.866342197121801,11.802912712097168,11.802027279195517,11.760690496022693,11.863701820373535,11.872057605644123,11.840005071339029,11.790386199951172,11.776724287974567
12.198549416880068,11.895112348533578,12.247480392456055,12.254378095810194,12.150948674888001,12.204898834228516,12.256234331834264,12.271166680166424,12.240578651428223,12.225021696150144,12.261145357340695,12.251702308654785,12.26549155891524,12.15628809189732,12.195154190063477,12.220259612491528,12.262294868459987,12.240920066833496,12.283110164786459
11.678448377988165,11.62558870071357,11.594809532165527,11.492218018660596,11.637419877620566,11.577879905700684,11.498165567971652,11.61748176563976,11.537426948547363,11.479987802305484,11.710480180095733,11.561502456665039,11.518472540826972,11.686054694519894,11.562065124511719,11.516016135414159,11.688316135836432,11.570541381835938,11.49754886991596
12.154784614286667,12.129250684929804,12.139750480651855,12.120026872084416,12.078802557709704,12.063102722167969,12.055097064759103,12.133814725589293,12.127262115478516,12.115583116977247,12.184271116143377,12.11847972869873,12.079697365330736,12.209517663395665,12.123087882995605,12.127940721705807,12.104566039806382,12.117853164672852,12.138757174932001
11.898194668458823,11.644151014655792,11.760647773742676,11.705550160557134,11.682245432897087,11.67428207397461,11.63625525834021,11.711288999298482,11.751004219055176,11.745846974705254,11.783129825047963,11.753389358520508,11.72348266552863,11.745359021080567,11.748334884643555,11.761345059309088,11.778761293513867,11.749435424804688,11.768327512424829
11.976665770490767,12.082722106008177,11.996795654296875,11.981862019953649,12.045400188137805,12.04826545715332,11.98109938677462,11.992314456652885,11.998499870300293,12.002663174034833,12.011521156598102,11.97487735748291,11.992413474213581,12.05166379139924,12.052946090698242,11.986571806628215,11.967847315254378,11.992270469665527,11.989529979916064
12.013706813470414,12.027892479792797,11.916251182556152,11.930719520824063,11.67900173193476,11.903427124023438,11.907586551622641,11.901688962584034,11.939520835876465,11.918762646288217,11.920215370824438,11.91937255859375,11.891425246192204,11.96337290053861,11.87804126739502,11.888999468703082,11.746396784536602,11.866101264953613,11.899148468331145
11.790564777297387,11.894530423396633,11.886751174926758,11.864113144158074,11.835976664211266,11.853889465332031,11.849614367801992,12.047898242745791,11.91109848022461,11.843504073299044,11.85231401133194,11.860615730285645,11.860719319250093,11.886718805881843,11.896208763122559,11.832241295594791,12.007587364114247,11.923851013183594,11.883589970883722
11.995357787034976,12.029712711558995,11.979726791381836,11.929773073332456,11.9975547600692,11.945148468017578,11.960815328621349,12.062584886538618,11.881637573242188,11.935350020714994,11.994940255067334,11.950305938720703,11.907058962420797,12.121211751750845,11.97240161895752,11.886337106419045,11.971765715847669,11.932829856872559,11.940828484087454
12.057578437658945,12.086229304301122,12.084768295288086,12.082411848100827,12.086238429635989,12.08377742767334,12.088597492440092,12.064565691710833,12.05883502960205,12.085927707235182,12.127367957329449,12.080207824707031,12.088544662616929,12.122061110059843,12.084848403930664,12.091104070489754,12.079975904342815,12.095446586608887,12.088825930192217
11.808821212646512,11.780279287847724,11.79312515258789,11.874381361938143,11.67126149524945,11.76446533203125,11.949132071534063,11.724520500616109,11.854029655456543,11.912522293518942,11.695514844294344,11.708694458007812,11.81907288445127,11.698570051920116,11.721941947937012,11.79719304256808,11.684658179926474,11.769042015075684,11.853966566795723
11.736077016252437,11.753484634714395,11.700654983520508,11.659509560098398,11.676208107188163,11.695080757141113,11.662883790916407,11.66280258590503,11.721723556518555,11.657459630426699,11.67839250423837,11.648944854736328,11.628237501019845,11.785108630006725,11.676109313964844,11.701593889551253,11.736464785162937,11.727069854736328,11.678597366992578
11.719947764402807,11.762245478392462,11.756470680236816,11.79736939310783,11.762476631116655,11.68565845489502,11.731563084838859,11.703039864990437,11.745375633239746,11.73791024126321,11.825462277609827,11.801979064941406,11.860887810892832,11.794142051047167,11.746702194213867,11.839833945471078,11.745884585916544,11.777301788330078,11.813298968586524
12.299112067295642,12.193314897302592,12.225985527038574,12.228499006265952,12.275818072019874,12.245469093322754,12.250451668146837,12.223901152021718,12.255130767822266,12.244910290920238,12.222250419319618,12.254383087158203,12.236122233442432,12.193895412786278,12.241958618164062,12.235097646309216,12.256680128256829,12.232002258300781,12.242541817169824
11.0186455364637,11.863373496146957,11.145844459533691,11.194123945712187,11.112437972405335,11.246736526489258,11.23495749890051,11.031372732083444,11.282890319824219,11.261124311813836,11.239730881574284,11.214855194091797,11.246032205024273,10.972438006961628,11.158787727355957,11.176669002628628,10.95740915571441,11.156828880310059,11.167787509695646
11.904974309480183,11.852915941497955,11.847689628601074,11.83556654998442,11.914712924160709,11.858264923095703,11.814302149649723,11.83059376180615,11.831305503845215,11.809531914404182,11.815042532997689,11.843792915344238,11.822832587961077,11.837977239611735,11.848276138305664,11.83117434672254,11.804238847964012,11.820219039916992,11.820425923174632
12.73670383776449,12.544463571141714,12.597368240356445,12.522253893643743,12.695909958511216,12.600042343139648,12.547698840601827,12.660009343224548,12.612770080566406,12.582557938660086,12.646364873493276,12.573118209838867,12.54120449043583,12.574133898311256,12.54483699798584,12.564406343896376,12.623504165842473,12.622072219848633,12.534018394205898
12.885204569609956,12.793308102253377,12.793006896972656,12.77236752769465,12.735326244977946,12.840486526489258,12.773884190006243,12.232415018908412,12.75098991394043,12.780360909456089,12.3435930954591,12.779847145080566,12.798975455679626,12.696437455836504,12.796224594116211,12.79926510566669,12.33736288885485,12.728792190551758,12.79548802367091
12.095146671399466,12.095999515411668,12.079237937927246,12.131322297423356,12.124136108188539,12.070585250854492,12.133017603827467,12.08182255182463,12.061853408813477,12.119957825061741,12.148106337792775,12.103499412536621,12.146362669533692,12.151592773038436,12.096296310424805,12.13880492070897,12.123854412247287,12.106176376342773,12.145994489874132
11.751950239425476,11.970601300852223,11.88239860534668,11.824639769686925,11.789417331355528,11.844766616821289,11.871472845560374,11.778858882735353,11.803739547729492,11.817438374884984,11.967775899826492,11.822813034057617,11.821772113733754,11.973662384619383,11.86765193939209,11.821816304757421,11.836085638385073,11.803569793701172,11.814307714620602
12.142871895843887,12.239589349245138,12.196647644042969,12.181333952499376,12.168601720608486,12.152692794799805,12.160485602198092,12.182397450539028,12.170661926269531,12.172174914864184,12.18839795309421,12.165119171142578,12.150811703025107,12.219217818578727,12.176885604858398,12.163032510672572,12.156316405815788,12.189888954162598,12.186460341637323
12.271396795480596,12.217899667439715,12.218107223510742,12.277338791504157,12.261318648624794,12.224376678466797,12.326345337414507,12.240532431723011,12.216997146606445,12.291590342288185,12.247814212906817,12.213622093200684,12.301860298750448,12.271343752482526,12.23058032989502,12.298845162921502,12.237821529378504,12.217849731445312,12.296287722319095
11.23850177707664,11.690068909453947,11.334349632263184,11.40974474446767,11.516083766161126,11.547859191894531,11.511582256768541,11.522630699324324,11.567523956298828,11.506427781375763,11.473035879895026,11.314398765563965,11.34226879270352,11.449189853825468,11.369460105895996,11.367540670640949,11.470250547564447,11.288786888122559,11.351277714429425
12.388398368982115,12.36878534378665,12.437658309936523,12.30733042741165,12.324112230532839,12.306797981262207,12.275933028780901,12.444495632540676,12.483445167541504,12.293486182114178,12.649444387640708,12.389202117919922,12.319874097204185,12.565708119370989,12.398970603942871,12.313837403914896,12.42247353702147,12.480705261230469,12.2799376315526
12.165255859329688,12.153385345410443,12.158791542053223,12.140747356973781,12.10425102761435,12.16653060913086,12.135427878478383,12.163705229240316,12.135671615600586,12.130259378851493,12.070259483633533,12.120501518249512,12.119959081654269,12.070880418781273,12.129718780517578,12.129585240876235,12.142871004682187,12.139212608337402,12.150201333523837
11.302216779257382,11.81401469370452,11.320442199707031,11.416086358670054,11.578096230736813,11.495684623718262,11.531607605555028,11.584853109847046,11.484745979309082,11.50956802353536,11.250682534423143,11.173383712768555,11.371138232984874,11.322185313858007,11.410161018371582,11.477402202880358,11.370243723743592,11.300586700439453,11.468300399397139
11.736077016252437,11.81038616006542,11.786437034606934,11.816510192484387,11.856796743168124,11.853693008422852,11.890797115274328,11.842858397967143,11.85090446472168,11.870132898989171,11.792209119299345,11.805344581604004,11.86380844561021,11.804417091297287,11.826763153076172,11.84738406843436,12.019843376796086,11.856281280517578,11.844252881197491
12.160033942617156,12.213252548200739,12.187289237976074,12.233324841859366,12.20471557475255,12.213665008544922,12.22206260227832,12.167659182618818,12.18874454498291,12.23711969917715,12.141190716001912,12.195517539978027,12.219812258195594,12.158889889829535,12.217930793762207,12.220254234417583,12.152060749343766,12.174790382385254,12.224473988390518
12.962196972666593,12.976866040240706,12.964120864868164,12.846368272601785,12.991062337446927,12.931313514709473,12.856961349945509,13.065484311120155,12.927982330322266,12.831027539283827,12.972216756739067,12.96815013885498,12.851586236295418,12.903651499423962,12.907625198364258,12.850390678212056,13.05383340846058,12.930441856384277,12.844547812782865
11.686887175419702,11.851921976965695,11.731111526489258,11.730654340622001,11.621080369266112,11.556794166564941,11.655546541454541,11.54315763605969,11.715618133544922,11.688216939111655,11.602566607733742,11.695677757263184,11.675560880016436,11.50426010507471,11.679765701293945,11.70959804335241,11.614762719193187,11.690494537353516,11.699810332584413
12.278397958261774,12.354564630512929,12.272122383117676,12.26952866825819,12.374341989373406,12.262709617614746,12.245052061698892,12.352814299845374,12.245833396911621,12.246049441518773,12.333747218158855,12.243009567260742,12.276596527761901,12.330301797137864,12.22494125366211,12.270582113035262,12.273067003185826,12.267472267150879,12.258124047653325
11.575909653758895,11.5906601741809,11.608368873596191,11.603684311696968,11.545005419381246,11.500718116760254,11.52653111979793,11.53888293324259,11.56562614440918,11.573723533132231,11.598639101330717,11.575505256652832,11.56989433986146,11.524420655371275,11.57435131072998,11.570122917184692,11.55922586545509,11.56708812713623,11.578626385772703
11.51293546492023,11.575210968292955,11.410693168640137,11.49530388989736,11.664081891612774,11.435710906982422,11.463195417001277,11.58405903981232,11.432193756103516,11.453217439544991,11.327512779298468,11.345967292785645,11.48392456009525,11.33641370469648,11.301066398620605,11.441873588023734,11.618720179236256,11.464043617248535,11.50816354087384
11.599112335481124,11.543985771572608,11.619353294372559,11.606288710081284,11.563230490295856,11.597787857055664,11.560880916439126,11.491756555581471,11.520761489868164,11.569783588645093,11.50999475039851,11.590470314025879,11.62368496619446,11.625322770290186,11.615477561950684,11.636472121524314,11.518148145432507,11.595519065856934,11.62120673514561
11.767575435251748,11.76464921739471,11.810935974121094,11.819875970759677,11.803297806051043,11.807034492492676,11.818966635797407,11.791150129377492,11.766400337219238,11.795810587332118,11.793597753601343,11.844891548156738,11.83702906841559,11.785618898281664,11.842018127441406,11.832010177234674,11.779761934392603,11.829221725463867,11.828010038270659
11.719947764402807,11.792242380351825,11.770082473754883,11.797159258081171,11.649354797694944,11.784098625183105,11.827908811068653,11.862545137217305,11.783032417297363,11.805999863917377,11.77355233156535,11.790783882141113,11.81124855069621,11.785037616822153,11.77432632446289,11.812306489846703,11.782501615268453,11.76711368560791,11.813960881715458
12.040614105490253,12.036966048243318,11.904748916625977,11.961744534278209,11.963282365220307,11.971138954162598,11.927018041694504,11.916051927464544,11.92134952545166,11.951190970214066,11.872235275996513,11.915081024169922,11.963772323821075,11.795247581620451,11.896319389343262,11.906337284564618,11.947770648445227,11.917113304138184,11.976619857283966
11.112462823634855,11.907905536213176,11.249316215515137,11.48610907257442,11.449534096678617,11.56015396118164,11.621011280087888,11.329665329905938,11.531514167785645,11.594542589986071,11.075567527613794,11.242009162902832,11.403666140355945,11.717507922807059,11.196756362915039,11.437598232180493,11.513670062147009,11.322980880737305,11.446238159979114
12.392556361841777,12.313546079876925,12.2415132522583,12.215312108306087,12.317900440202218,12.240955352783203,12.182122744632627,12.198561744702298,12.246033668518066,12.21458830545066,12.334167799211286,12.256285667419434,12.246986856848048,12.197135238411494,12.26284408569336,12.195694545454604,12.19612177338884,12.236549377441406,12.198183760419782
12.411056299528171,12.227643826917372,12.316092491149902,12.224888154462949,12.387971578044516,12.264747619628906,12.209009788776306,12.444869710238622,12.277502059936523,12.24782531789847,12.445976766406904,12.297810554504395,12.236577737501733,12.434910613047608,12.291142463684082,12.214419440287523,12.465023547375141,12.279064178466797,12.225851345615194
12.013646205940514,12.123455801898197,12.133397102355957,12.113574117016944,12.026047254606176,12.147360801696777,12.120566259780901,12.131845758890925,12.149908065795898,12.120338195328374,12.119908574713929,12.14738941192627,12.122987184801959,12.131005675333148,12.127964973449707,12.124791810576394,12.12176226093711,12.124799728393555,12.103312681075595
11.58989576532275,11.508734974146241,11.536932945251465,11.485226166167424,11.443982185839428,11.493410110473633,11.452466365784646,11.57579319079637,11.552153587341309,11.487921236875906,11.544595598633903,11.574555397033691,11.529659960204233,11.498094106333259,11.57077407836914,11.5695191698488,11.468061469995977,11.548397064208984,11.50111097246903
12.460718739865236,12.541466620002343,12.480802536010742,12.482598264628422,12.457019514266486,12.492269515991211,12.463040685015757,12.459550041965253,12.471850395202637,12.455481410580443,12.256709908176346,12.41016674041748,12.4358477939935,12.302242399840322,12.399104118347168,12.454979505710897,12.503500187135455,12.483060836791992,12.47304859202243
12.031725210748633,12.06649663905345,12.060025215148926,12.078129491033552,12.046580972577026,12.030111312866211,12.084786590101384,12.046272977773631,12.07081413269043,12.085055805042414,12.029149410494547,12.059693336486816,12.08296382212428,12.031307731806315,12.056267738342285,12.081206240962633,11.999448646399397,12.061803817749023,12.076390604312952
11.918397239722838,11.93128410280956,12.008337020874023,12.007770628629906,11.915509435634043,12.012828826904297,12.04687487514959,11.94741021443981,11.97086238861084,12.025991887195755,11.891047370267522,11.99486255645752,12.0329755178433,11.89729789874153,11.971076011657715,12.016999765999463,11.97527993372386,12.008927345275879,12.014663526749247
11.652696102959753,11.661673915446178,11.721193313598633,11.81490524160049,11.80464076925175,11.741124153137207,11.78200156915854,11.651439882447233,11.778766632080078,11.778639923036996,11.651725676633552,11.785673141479492,11.812921772540733,11.294430317195598,11.769514083862305,11.813494617624972,11.685224437517482,11.782965660095215,11.776277044413401
12.083910661257521,12.11467131800396,11.94609260559082,11.877489383798899,11.755869742425933,11.80396842956543,11.77940993572388,11.905604067322871,11.81664752960205,11.867842285189797,12.111720256314587,12.061790466308594,11.918964556952874,12.231258599116066,12.030441284179688,11.927886057727314,11.892979418181,11.900339126586914,11.88299699670298
12.54254845357358,12.51007144784177,12.488940238952637,12.537269625670914,12.422259674741987,12.527009963989258,12.524300813904752,12.49460530239518,12.507183074951172,12.526419471855773,12.620267271445455,12.464048385620117,12.47723813756977,12.568074235381092,12.488872528076172,12.508132579286965,12.622292514516065,12.507347106933594,12.552088327097424
12.73596827534975,12.6350888916562,12.613561630249023,12.565472397778995,12.608705483354044,12.634293556213379,12.560994766644233,12.690733469762908,12.611907958984375,12.540177201012751,12.63257427122416,12.634920120239258,12.565410144289304,12.691686788915924,12.603840827941895,12.556234472321956,12.536924841493445,12.591814041137695,12.50901961915107
11.002116507732017,11.895705337453677,11.511651992797852,11.711067408307,11.826314730409317,11.74907112121582,11.82218223095401,11.513652284769305,11.594788551330566,11.715014257973138,11.575790444484442,11.582417488098145,11.690745906681279,11.584677261763101,11.556049346923828,11.661234925133513,11.549630646499477,11.522555351257324,11.706192460398922
11.884495917930655,11.70879023459793,11.818312644958496,11.789266918234548,11.766059492748845,11.838037490844727,11.793299542913514,12.040114916744031,11.935298919677734,11.865330803513814,11.871853378466408,11.893267631530762,11.849257976161516,12.054984782508194,11.866307258605957,11.825001478774665,11.950386612530485,11.898252487182617,11.806733411771841
12.310437165348775,12.540564571992192,12.361166000366211,12.288034677447632,12.373457700263724,12.266337394714355,12.27540043929866,12.472126601030562,12.328937530517578,12.287663305149671,12.428316443465944,12.303661346435547,12.28850632441729,12.435849320085165,12.293306350708008,12.295520605533907,12.292952837112471,12.303622245788574,12.301169965605606
11.652696102959753,11.574222235929941,11.646090507507324,11.649893933006277,11.745766854236884,11.627657890319824,11.620972394657771,11.694343190409109,11.642486572265625,11.615804312837357,11.690840144944943,11.674522399902344,11.663097548260899,11.594400035944917,11.69040298461914,11.660991162521547,11.712301298399694,11.707754135131836,11.645720674689159
12.337105293891872,12.33448217689936,12.450389862060547,12.431453792142964,12.41241808839159,12.436515808105469,12.409713293435837,12.340867666154228,12.387679100036621,12.397372304275642,12.2942595187891,12.397499084472656,12.440835438588326,12.24761719585709,12.411947250366211,12.457004644031882,12.365599653124626,12.390012741088867,12.411189182384646
12.106997888588934,12.180545522588492,12.155091285705566,12.136029806964142,12.084916205499606,12.18723201751709,12.091794339479222,12.051583527919304,12.14928913116455,12.131200614237457,12.116049066186456,12.158549308776855,12.102553666997299,12.129128687292189,12.180267333984375,12.111101466736933,12.136601861207597,12.16402816772461,12.126423229053291
11.915058360753719,11.900874099551551,11.941421508789062,11.952133606440349,11.970140854482223,11.947064399719238,11.963045390114372,11.901410618645691,11.907652854919434,11.945309968203711,12.028829468793642,11.980423927307129,11.977307707773212,11.942628830034048,11.93819522857666,11.9847787211997,11.938553638939418,11.916642189025879,11.953251189825073
12.384223015005313,12.042555465226252,12.294146537780762,12.210047453425002,12.164285332671064,12.165596961975098,12.205275875851513,12.310055139027718,12.222652435302734,12.202618015469527,12.424424058874303,12.347000122070312,12.203628097883719,12.282634403607538,12.309266090393066,12.192371524628838,12.126509585140584,12.372329711914062,12.205403857166992
11.744045122410057,11.74859229290668,11.563864707946777,11.55260530552923,11.61833762186173,11.584395408630371,11.543069903905126,11.653961017207175,11.600903511047363,11.592296737412086,11.594838264704673,11.60993480682373,11.599732824491843,11.714793261905188,11.619312286376953,11.565917276832566,11.631686491122808,11.569771766662598,11.536414922729426
11.863589378812122,11.845004536846528,11.829072952270508,11.805383867171289,11.874831079271734,11.840133666992188,11.807467063328252,11.807151880618663,11.808064460754395,11.819660489230547,11.79533167709642,11.82115364074707,11.819955079205117,11.839195225114306,11.84296989440918,11.805387284017431,11.831637970851219,11.809351921081543,11.820057149104379
12.237091546357338,12.036757965693331,12.197311401367188,12.224510905722095,12.191381696301777,12.206452369689941,12.239069795816306,12.139641317316183,12.221592903137207,12.191191376329616,12.059418103241102,12.264939308166504,12.22489395669114,11.978533531307669,12.26708698272705,12.215115965670618,12.106338959422402,12.179576873779297,12.226032449661597
12.278397958261774,12.273915628807355,12.3093843460083,12.197002423747845,12.340561240911468,12.224392890930176,12.21131568327651,12.375318172062146,12.267587661743164,12.23506662958761,12.271019647532372,12.274632453918457,12.227719383006727,12.137702150084012,12.197968482971191,12.130649681236699,12.187804854990603,12.273426055908203,12.186375013848867
11.635151947212842,11.709845447799335,11.723060607910156,11.736357372512197,11.759803387579325,11.793327331542969,11.789996811473186,11.70038479716818,11.799161911010742,11.701761977224429,11.755636167235231,11.7452974319458,11.740603336656038,11.820423562393943,11.793021202087402,11.765274791023721,11.696402968290284,11.786139488220215,11.761957822078832
12.660331092405906,12.64254285221689,12.729887962341309,12.682319482814941,12.682611754058303,12.737553596496582,12.73401255104245,12.706982428572978,12.7606840133667,12.713533162167462,12.732821819587826,12.725678443908691,12.745923683706295,12.646087954455423,12.71313762664795,12.71350953312431,12.684095551419079,12.723190307617188,12.687925679514866
11.842236406331555,11.911527359155631,11.87962532043457,11.894076481005891,11.956518031599787,11.901009559631348,11.917025464421691,11.931914768202127,11.87389850616455,11.905077108371028,11.882664521961319,11.843452453613281,11.894667007773887,11.850457781546673,11.852730751037598,11.879491399613782,11.781159804532642,11.853550910949707,11.883220006586747
11.813037464800539,11.842127689338634,11.855295181274414,11.92894977237479,12.199089302787618,11.983162879943848,11.947432137883753,11.923155306202188,11.869791030883789,11.910136140651709,11.954865382134564,11.871260643005371,11.908832792067054,11.716672422436474,11.856364250183105,11.874302534187951,11.992984615807883,11.885629653930664,11.902881623222111
12.524530013005734,12.293547290556594,12.381415367126465,12.33576992088092,12.336445231257656,12.285922050476074,12.312862635370598,12.333662193254593,12.40320110321045,12.324194303135101,12.317632125629615,12.403142929077148,12.383527378004255,12.233851832057832,12.374831199645996,12.373978748937024,12.239768732135015,12.362316131591797,12.312006497182242
11.599185726610004,11.648610974159917,11.668045043945312,11.635142347907225,11.594835172395438,11.592241287231445,11.643676870168761,11.58819875992738,11.612133026123047,11.615689107581193,11.621715819788363,11.64297866821289,11.630415566203714,11.608899166293636,11.679184913635254,11.630287462573305,11.64555109605692,11.646036148071289,11.640796640607892
12.182809136284991,12.203554204389619,12.194336891174316,12.19261397622225,12.210544963115016,12.211165428161621,12.195855269600278,12.206065746557751,12.195357322692871,12.179421907168656,12.21691011151863,12.20169448852539,12.18843462504674,12.196686521806303,12.211615562438965,12.184860656632253,12.216521196028797,12.185847282409668,12.190777366521367
12.07254696717504,12.158387931548761,12.088698387145996,12.093717305766036,12.263328535234965,12.022603034973145,12.072522654299272,12.202459853555867,12.041399955749512,12.097567012561058,12.16663872580203,12.096418380737305,12.089453750739057,12.145223232475296,12.07374382019043,12.098789082850884,12.255115873570654,12.0402193069458,12.091965746655466
11.355113089309977,11.539495973139847,11.468411445617676,11.486225881507957,11.475403469409523,11.487748146057129,11.512739665884503,11.447510951830898,11.507009506225586,11.457234547016363,11.474897777261116,11.500344276428223,11.478361195572642,11.586972703502392,11.475520133972168,11.473696949723543,11.39004258273288,11.454780578613281,11.47661120945382
11.288543647320601,11.710577178475551,11.571378707885742,11.613459833785827,11.687386521572298,11.600753784179688,11.606581606070314,11.468012066583306,11.615804672241211,11.571648969385102,11.584558028096016,11.619730949401855,11.662055025030869,11.991607312869611,11.551109313964844,11.600747121291084,11.658852744147522,11.652034759521484,11.655021792378642
11.715874472198905,11.667781431591287,11.659789085388184,11.755180102299558,11.72591239639194,11.766241073608398,11.74781181359116,11.840482759906568,11.738042831420898,11.759121706447722,11.728843843588555,11.670388221740723,11.721739023996019,11.73878037596745,11.687161445617676,11.725221656525544,11.668656435683076,11.68221664428711,11.728891080373474
12.10625783509458,12.10460007116853,12.088784217834473,12.095440869653775,12.083818694167498,12.109045028686523,12.115354675958574,12.129565450651091,12.087554931640625,12.088164584291102,12.094643196589885,12.085639953613281,12.092861886338513,12.088407744228936,12.07900619506836,12.086033343260077,12.13834843303544,12.07956600189209,12.078036791815142
11.302216779257382,11.414854276899536,11.366625785827637,11.34758098013907,11.364068398521187,11.235213279724121,11.31445636924707,11.35273489790867,11.301471710205078,11.316674814817071,11.326413694154343,11.371321678161621,11.378153817391517,11.373155635915806,11.385075569152832,11.352974887241087,11.381456329774789,11.341920852661133,11.351481248689337
12.264346270624157,11.955005154191168,12.240547180175781,12.190563426078386,12.199444978132586,12.210240364074707,12.167050003303117,12.284243751031719,12.25607967376709,12.17372845505468,12.17019141907589,12.213565826416016,12.157311995833664,12.284599615103845,12.204795837402344,12.178051648234096,12.252977442700603,12.228382110595703,12.163858775401271
11.661354090741,11.740367777563403,11.577835083007812,11.552151140039298,11.36170158420248,11.560737609863281,11.440753474889194,11.295855568550527,11.51694393157959,11.423581668028506,11.72133733309228,11.669596672058105,11.532713280055056,11.728734465992291,11.638399124145508,11.543528374970542,11.481917743850005,11.590298652648926,11.516934942344403
11.686887175419702,11.637262774661634,11.599559783935547,11.599084216479456,11.346555920071081,11.551421165466309,11.543765145446546,11.559946414652805,11.623241424560547,11.557537213676754,11.574576637228107,11.595698356628418,11.554141201011944,11.659038674759504,11.579110145568848,11.583442814532253,11.503504461708257,11.629875183105469,11.547763019408194
11.411457364027745,11.830301581661445,11.40257740020752,11.397956712943737,11.803800851413936,11.522677421569824,11.549586831424566,11.5462757588486,11.44998836517334,11.516763194655308,11.649404641867601,11.593841552734375,11.490491452313632,11.7125095117811,11.506904602050781,11.370701977448343,11.432897603726468,11.409163475036621,11.42233072357097
11.608244735642321,11.989317675301214,11.805767059326172,11.720747406043287,11.885633086286328,11.75035285949707,11.655426090877008,11.948182914559398,11.828337669372559,11.746474978687868,11.886141160399843,11.880217552185059,11.695013052811928,11.859032652845427,11.829099655151367,11.733924212532878,11.88978612467015,11.852643966674805,11.742513666373611
13.22672519452875,12.839863089497118,13.12322998046875,12.957106780203532,13.089003597649297,13.083100318908691,12.99620226468956,13.099970287209205,13.170711517333984,12.999317250226898,12.811953781906935,13.146224975585938,12.985993269231095,12.965663985049167,13.202269554138184,12.989111516287752,12.978994264512098,13.11772632598877,12.987331203050465
11.678448377988165,11.588674286063045,11.660486221313477,11.762052435562143,11.696977104245208,11.68232536315918,11.796726618491235,11.902163134709179,11.698471069335938,11.766304647841853,11.713062650759497,11.701115608215332,11.786848197697255,11.660006484594826,11.652666091918945,11.775197778376006,11.938556767016863,11.671159744262695,11.759404023258487
12.000897933306716,11.914240808655784,11.913263320922852,11.843989705636359,11.823354026385081,11.894437789916992,11.882354972429901,11.834109396766083,11.870206832885742,11.85044697081156,11.952895671206344,11.875932693481445,11.834222166986814,11.92626926948445,11.860708236694336,11.85465115776569,11.907664396913882,11.914060592651367,11.857618987377132
12.058158312538197,12.10869774107324,12.177051544189453,12.173982375559588,12.292569032819603,12.202445030212402,12.196673323599455,12.054920281862174,12.178457260131836,12.168605223622906,12.153417388261037,12.192893028259277,12.162288605053716,12.130653071384339,12.172745704650879,12.193486505308865,12.125407083387028,12.15971851348877,12.206696164409486
12.25486757159303,12.298715362206517,12.269667625427246,12.293826651635882,12.361553592232992,12.285658836364746,12.26290410677442,12.339952224722108,12.280975341796875,12.287247321030735,12.282309606316595,12.288796424865723,12.287786557763344,12.271086379496266,12.267642974853516,12.280023793196563,12.363528363708864,12.261198043823242,12.284046646710983
11.755879486687116,11.90901140887568,11.957292556762695,11.994820294859661,11.862311822979487,11.986249923706055,12.044333663721028,11.932238726010862,11.918984413146973,11.994489815435864,11.973036812962953,11.989167213439941,12.033143780834534,12.017848534182672,11.985956192016602,11.98812237807076,11.977558767980202,11.947648048400879,11.988976077620226
12.154784614286667,12.12005349248391,12.278009414672852,12.234811005537363,12.389312608873718,12.284177780151367,12.249282693448965,12.41008973559894,12.282723426818848,12.264497804443424,12.260695724976342,12.226903915405273,12.213698925485577,12.282913203595324,12.244399070739746,12.236095898661777,12.363355112324417,12.261137008666992,12.264139424560272
12.20557752297723,12.22443445278882,12.244169235229492,12.25106378932073,12.199965722868924,12.2741117477417,12.25943779838507,12.180314722186008,12.244707107543945,12.251097105566604,12.22067887361294,12.22773551940918,12.261320580717834,12.217885626568117,12.222601890563965,12.233774599114394,12.166924997882425,12.233022689819336,12.24936027232283
11.691080018519527,11.712914992839362,11.740821838378906,11.765201367613198,11.825214009147215,11.750499725341797,11.748868214821904,11.83448303408765,11.73336124420166,11.755334987588368,11.806554837572012,11.71253776550293,11.774631325057825,11.818867532699322,11.709527969360352,11.76072269918545,11.729845993381645,11.74137020111084,11.783952412277705
11.695255355062795,11.69573630415238,11.58340835571289,11.571676671289216,11.672621116179512,11.4913969039917,11.48907079301492,11.816622909572965,11.470993041992188,11.476572472805167,11.63602796590867,11.50964641571045,11.473041502513096,11.589135620171874,11.591595649719238,11.622032549038382,11.640453628367613,11.59358024597168,11.55617448299464
11.608244735642321,11.527409145238904,11.529439926147461,11.567856204265176,11.589712351473032,11.627931594848633,11.63523586525236,11.659507165357239,11.62453842163086,11.590797363273536,11.745614677000692,11.527259826660156,11.587251117952327,11.658936492639587,11.553275108337402,11.592629590005203,11.610360054300997,11.530304908752441,11.589860315622685
12.54254845357358,12.222729526467981,12.3250150680542,12.257917673867386,12.365315119044762,12.255768775939941,12.210912950310478,12.397064215864155,12.299652099609375,12.253285018296223,12.423582381276809,12.309215545654297,12.185791792374664,12.407901476127774,12.266695976257324,12.183197835408006,12.291513507271455,12.325794219970703,12.213134703936657
12.225880174775122,12.302049224934615,12.195932388305664,12.19676295745435,12.336822366072695,12.170920372009277,12.201448448058123,12.322006346978586,12.127511978149414,12.181154580175706,12.230618034084044,12.177247047424316,12.215873181918322,12.218650006885131,12.149409294128418,12.211189252198238,12.323911530192742,12.148527145385742,12.224412139355868
12.25486757159303,12.238351112367065,12.362936973571777,12.287335676349246,12.230235546737722,12.334879875183105,12.284431578322112,12.281187590948702,12.378801345825195,12.280729426048527,12.270459176625332,12.345603942871094,12.286208704476252,12.259404631317793,12.340973854064941,12.264230807603207,12.2843150994785,12.350752830505371,12.309762162441503
12.144202560946876,11.81086859426498,11.834940910339355,11.854778888127353,11.769914183920868,11.919300079345703,11.862006708491942,11.744622383090064,11.882091522216797,11.827480157585649,11.84086266552913,11.99349308013916,11.906776085556547,12.062021533684012,11.983959197998047,11.960924881414112,11.742397610805321,11.913731575012207,11.856588576658226
12.075400019877522,11.969400290420225,12.076752662658691,12.040558020142239,12.031679251550553,12.117583274841309,12.023797109638142,11.958136578785862,12.093838691711426,12.030685246397457,12.09013878267845,12.08524227142334,12.029204648976066,12.037278678886366,12.094073295593262,12.026199978045854,12.005488362806105,12.071222305297852,12.024475682380816
11.49273296168228,11.564087088495272,11.422772407531738,11.566003605046369,11.558045576035026,11.468880653381348,11.596225933917978,11.432424080097084,11.336227416992188,11.513292334315311,11.518559835264405,11.524996757507324,11.616460557778776,11.486525701312601,11.492530822753906,11.6525536786657,11.576539557288255,11.427557945251465,11.526798838573644
12.45293662970407,12.026406266021276,12.206058502197266,12.075807439095934,12.444699236109846,12.09001636505127,12.045521806246812,12.28669233996823,12.24168586730957,12.071178679990426,12.340707053058152,12.130870819091797,12.034664679292792,12.396273772683376,12.187675476074219,12.0349189893924,12.333366743407844,12.228452682495117,12.065891564476342
11.989165855127435,11.898509793087237,12.083906173706055,11.966149139436187,12.245640596807933,12.125811576843262,12.036315663495659,12.10168012728576,12.08226203918457,12.04284737945297,11.980803585726633,12.040163040161133,11.980207297762433,11.990903212099868,12.051608085632324,11.944898492650461,12.043520292330529,12.044445037841797,11.97804620466324
11.608244735642321,11.776291799662086,11.647862434387207,11.629551747647902,11.577838798004008,11.689241409301758,11.688386252886755,11.457573993121462,11.599591255187988,11.571680574713374,11.493328202761548,11.564882278442383,11.61067305308894,11.501302471191215,11.5886812210083,11.591631790180617,11.45923359334323,11.602005004882812,11.611227361595295
12.481565733211923,12.290256959747445,12.401067733764648,12.368891322673061,12.402592663338195,12.409547805786133,12.345090684717242,12.400739511243017,12.469674110412598,12.342195204228918,12.36178283389445,12.495502471923828,12.32787543931354,12.403768787887666,12.449624061584473,12.345753730945763,12.32148082721244,12.459203720092773,12.34889754974891
11.951186847493476,12.017269414370809,11.946539878845215,11.922099904731573,11.958597579341342,11.893235206604004,11.922343330632694,12.073551101458788,11.930834770202637,11.950842668310514,12.070231818804263,11.893400192260742,11.932037443831012,11.973679291899394,11.943142890930176,11.96479985378588,11.968788735514872,11.908207893371582,11.950293729328791
11.04106411122238,11.773879520842135,11.725775718688965,11.7315350896816,11.585300542878432,11.742264747619629,11.745248051437454,11.660850865887534,11.705143928527832,11.726573561591113,11.704025954189405,11.74131965637207,11.722179302936485,11.714165679858613,11.727924346923828,11.73624652318494,11.67498190413395,11.732008934020996,11.737943233172958
12.147919030759663,12.176233824221098,12.107407569885254,11.957615659236128,11.961227318108236,11.962116241455078,11.849610207612859,12.073265833472204,12.019400596618652,11.921413954304318,12.145122762783476,12.160015106201172,11.969721220884104,12.210869723632667,12.149540901184082,11.923244711475082,12.078989945824254,12.086250305175781,11.917360950207769
11.728044909070785,11.682169954910444,11.674320220947266,11.708568332643127,11.697004199014515,11.681632995605469,11.693587259703568,11.706463018300022,11.718238830566406,11.736991438940914,11.65369877526147,11.704421043395996,11.726992774444032,11.720309150648065,11.688667297363281,11.76183666195337,11.71634219717643,11.679707527160645,11.734096379666564
12.093693109638318,12.08571030513731,12.095977783203125,12.088963462815544,12.250014032256663,12.12653636932373,12.148790662323185,12.136954607059725,12.105754852294922,12.12801432810825,12.13630856866161,12.069591522216797,12.011110770400172,12.073139188688897,12.059072494506836,12.007061837278728,12.073207907697,12.072830200195312,12.102353722287308
12.025755079404917,12.044114549394651,12.094108581542969,12.036859642709734,11.979334408230695,12.084335327148438,12.035085690724374,11.918109556795748,12.055586814880371,12.022827915773886,12.177678376480506,12.133431434631348,12.038750379930663,12.139933891418456,12.117377281188965,12.02820829307696,11.902950760442536,12.048831939697266,12.027911300945455
11.89478753335453,11.997750946214024,11.981754302978516,11.959284546336187,12.021128573914368,12.040698051452637,11.97953413933478,12.03970241828648,12.061697959899902,11.972200444546415,11.910303327139783,12.011507034301758,11.958172378290547,11.900535649961267,12.007469177246094,11.9469380855725,11.992367418708634,12.07076644897461,11.972630414260502
12.429220196836383,12.437951744816818,12.393451690673828,12.438215080907685,12.45019729336888,12.399333000183105,12.43083450388207,12.439041704246204,12.423213005065918,12.439711364039294,12.405269027779205,12.414633750915527,12.443832007677768,12.370694924596505,12.40447998046875,12.403146700308127,12.391482871298686,12.425118446350098,12.42953293681419
12.138869243416009,12.01356910610641,12.102777481079102,12.139151522864365,12.122860656771142,12.10085678100586,12.114227186609913,12.115628281459651,12.132102966308594,12.1524676338628,12.161595099977106,12.121240615844727,12.129146580682889,12.138815980824454,12.099392890930176,12.115956798854524,12.171306063047686,12.100862503051758,12.136965461840008
12.264346270624157,12.158931799180959,12.292622566223145,12.351749212270411,12.137973390441033,12.268390655517578,12.328516377795799,12.187001500612656,12.313849449157715,12.3418414785513,12.16902757456467,12.303418159484863,12.317355796797434,12.232012178417499,12.309480667114258,12.336341250179496,12.374890099534626,12.286486625671387,12.340205936009067
12.154784614286667,12.00150006278105,12.196344375610352,12.221047412051124,12.109661083735945,12.161663055419922,12.196059387512415,12.17496683769664,12.189194679260254,12.20914482230926,12.085162976393281,12.146944046020508,12.212803746927205,12.211883180139077,12.22249698638916,12.212794315882459,12.239993230674912,12.20730972290039,12.265739009474284
11.904974309480183,11.839082952627841,11.798209190368652,11.803881259474762,11.995863338430807,11.826448440551758,11.79939230145326,12.002958302385883,11.79920482635498,11.774168512244175,11.915204840414242,11.78933334350586,11.794533827353048,11.886606869708206,11.808732032775879,11.77023182601916,11.913608854668785,11.800664901733398,11.81300345883261
12.994532278619134,12.799615188202841,12.901562690734863,12.768827470883458,12.78295420802063,12.790534019470215,12.759921484732839,12.855294950002424,12.892311096191406,12.785842162700062,12.924224882068287,12.851822853088379,12.838958037047595,12.822887080420223,12.854756355285645,12.816051731954198,12.82719145659846,12.899858474731445,12.78538954236523
12.433212202169729,12.482712624823431,12.420389175415039,12.479324130632378,12.430230340031695,12.439929962158203,12.493788322841588,12.296528096392494,12.423479080200195,12.467870362853676,12.535020407260063,12.481586456298828,12.514701564323335,12.426597936109015,12.480387687683105,12.481333544943443,12.353296879674797,12.44675350189209,12.512487276262647
11.794345471549745,11.791574550342425,11.830225944519043,11.801403228065341,11.785904580158906,11.75987720489502,11.776177557891659,11.791799104604173,11.789942741394043,11.79249671824843,11.801829277587162,11.841695785522461,11.81868115835345,11.824507807725032,11.807862281799316,11.774458087720634,11.756429168197275,11.810456275939941,11.783401718092314
12.249615734512616,12.370056978549187,12.215625762939453,12.173841343812722,12.262420006730524,12.219099044799805,12.191475192283173,12.262886299113985,12.237136840820312,12.180320429304233,12.203764958764138,12.209964752197266,12.184084940968585,12.235228197920197,12.203072547912598,12.173564021584076,12.238656660015302,12.209173202514648,12.15961943828965
12.847929163278053,12.898652288943312,12.890721321105957,12.979975526947104,12.828933728267126,12.986759185791016,12.949195237643737,12.997455814980428,12.973957061767578,12.975167517869943,12.867946765872544,12.950048446655273,13.00430190590355,12.783693451477337,12.988319396972656,12.96722132488446,13.004668696849073,13.046977043151855,12.965185443394985
12.601490784782536,12.659911423999567,12.65007495880127,12.674688508384019,12.714000773358787,12.673832893371582,12.657166201130606,12.666743532221606,12.660651206970215,12.672865762182367,12.584766657725554,12.690116882324219,12.671375495860536,12.586680291155703,12.69732666015625,12.669886105571019,12.725927029351498,12.668684005737305,12.691340275707919
11.401681006153428,11.874050157445287,11.686005592346191,11.66148324515921,11.642570432607227,11.71351432800293,11.737200649690987,11.585332220543327,11.685401916503906,11.685952942094026,11.613154208746614,11.702408790588379,11.724266778100018,11.582207627786186,11.717611312866211,11.685898138534181,11.675137347179978,11.679680824279785,11.699557367129625
12.694655727828803,12.754453658072492,12.777996063232422,12.713015781282717,12.712202375076084,12.69858169555664,12.686742038603855,12.724291075230333,12.763246536254883,12.69045658470249,12.768413373520652,12.758405685424805,12.717950255187988,12.894245217591731,12.751029968261719,12.714727612079347,12.832315711653221,12.729493141174316,12.7379319358647
12.832013750189885,12.78717587180743,12.765947341918945,12.739554411694677,12.719250731565774,12.745796203613281,12.743989795167073,12.785160940495386,12.71782398223877,12.740403864277003,12.820049013102672,12.757136344909668,12.76124213081031,12.814851035163153,12.788031578063965,12.761795674026727,12.758847923878497,12.730737686157227,12.749681638352122
11.951186847493476,11.971422232032797,12.084881782531738,12.043383222202085,12.188053994816547,12.173999786376953,12.122190440641003,12.21880828909449,12.074810028076172,12.047021909817696,12.153209168482459,11.99121379852295,11.971008566588369,11.98192264235637,12.023853302001953,12.0047699691746,12.074990515785135,12.005974769592285,11.992879131579318
12.00762780434872,11.960344130402596,11.993354797363281,11.986365123272225,12.091010503625526,12.005353927612305,11.996211182420227,11.922587398823085,11.992668151855469,11.979442866595098,11.998071870953115,12.015581130981445,12.010369294927651,11.942672721028906,12.009273529052734,11.995881404153822,11.943904271113604,12.001862525939941,11.987560049973622
11.794345471549745,11.744044202301025,11.825223922729492,11.78901963219016,11.73218574679286,11.812346458435059,11.796193851097016,11.602374097266507,11.839673042297363,11.804136829004953,11.795816385696968,11.846497535705566,11.802059702861746,11.811975570098376,11.846657752990723,11.794907459146001,11.672134470466807,11.829648971557617,11.78072346471887
11.898194668458823,11.947419419284136,11.878694534301758,11.835814266858492,11.995278555025687,11.920754432678223,11.849659115428247,11.937726525808658,11.94567584991455,11.828585121675841,11.850789660731316,11.90019416809082,11.836059636814674,11.775911412044637,11.883058547973633,11.83417870630184,11.824939995795143,11.908303260803223,11.832680257137163
11.957617696467539,11.939791955542105,11.883119583129883,11.87306547124043,11.890588235453757,11.846719741821289,11.878995778869609,11.895700597749512,11.89883041381836,11.88440792842197,11.89276369295148,11.875344276428223,11.884563971144033,11.85895181019866,11.86833667755127,11.880469089671328,11.850918221206344,11.8781099319458,11.894570724574367
12.07254696717504,12.081049101217047,12.066574096679688,12.046431866803237,12.023496896941532,12.018523216247559,12.003566316780198,11.98572096842832,12.012468338012695,11.98426681006687,12.067465618781897,12.057003021240234,12.071230393817647,11.976107239516468,12.056013107299805,12.025458698459323,12.099735903542888,12.061325073242188,11.999403064480228
11.982935344196433,11.766194620832545,11.743145942687988,11.937901609717482,11.691174455311009,11.79157829284668,11.94171328221262,11.593730711997765,11.736042022705078,11.948512770137258,11.812280928494571,11.618993759155273,11.951935785613966,11.66999348122852,11.684958457946777,11.923673942204594,11.950007426503165,11.774585723876953,11.985870748897927
11.362114203075018,11.519340188004337,11.539681434631348,11.51682019642564,11.560815805683983,11.550960540771484,11.487683709379892,11.538472886188432,11.520289421081543,11.474532286769877,11.52933321605362,11.487931251525879,11.46470811266464,11.4940046515435,11.534661293029785,11.523383040182626,11.541137667412707,11.501326560974121,11.497735795086463
11.652696102959753,11.569871147000484,11.630668640136719,11.661258144588594,11.62479838969662,11.653353691101074,11.678360363162396,11.606963042572938,11.560593605041504,11.638118524206526,11.612001651053292,11.618343353271484,11.632387190200019,11.547461016335246,11.614124298095703,11.62091191943444,11.530087823876235,11.602014541625977,11.669482236238789
11.798111925972618,11.779326296898164,11.911728858947754,11.877027157148751,12.020821293594071,11.938350677490234,11.92337361975517,12.038478681198688,11.954642295837402,11.901314406679449,11.864444456363476,11.909891128540039,11.884567871696188,11.994214063246503,11.890716552734375,11.910544298752507,12.06434566295832,12.00944709777832,11.92817206800304
12.059809113551397,12.070339718991317,12.0380859375,12.047862695832675,12.167886630076634,12.010098457336426,12.04214167848613,12.090095056845737,12.066178321838379,12.054322948478458,11.971298126815427,12.051155090332031,12.042048384119104,11.984207576212206,12.064713478088379,12.050040253677983,12.00197575526656,12.020733833312988,12.043066897536637
11.951186847493476,11.944094545344074,11.90796947479248,11.886186399915083,11.85146954353117,11.864062309265137,11.878490010281888,11.956261221745157,11.865487098693848,11.870369746272907,11.996624604559537,11.8920259475708,11.89800491923541,11.950285707686575,11.915702819824219,11.90217288920223,11.923639376058485,11.86603832244873,11.884531632672813
11.421917019425596,11.468338068680236,11.507925033569336,11.538936370458417,11.511942296682662,11.564495086669922,11.573908002778289,11.414039265110516,11.493354797363281,11.526411028930053,11.529720545489988,11.519009590148926,11.52949721465389,11.451158141183965,11.530170440673828,11.508571464272839,11.421217020280725,11.546099662780762,11.551598753421832
10.460270761075149,11.39881097665922,11.09200382232666,11.408201990812445,11.213185212014485,11.341631889343262,11.399102140768322,12.098441328989225,11.447265625,11.43302882921296,11.166822531024472,11.237798690795898,11.448001492289537,11.983508770264153,11.24888801574707,11.412866399474803,11.968206048225728,11.163758277893066,11.384039852652368
12.971542813248437,12.66520581371336,12.784703254699707,12.654869021181948,12.4684797485484,12.748327255249023,12.694481117971085,12.459660396378935,12.731818199157715,12.71028466106597,12.685537184768753,12.728145599365234,12.658948491479885,12.522191201759961,12.853751182556152,12.67856628344939,12.361101212544828,12.784232139587402,12.714958382387847
12.122696471358964,11.966477444993012,12.036327362060547,12.107222555056525,11.573566867421933,11.977550506591797,12.067980904128293,11.636529329451498,12.021049499511719,12.044543142857394,11.924951401504588,12.030963897705078,12.114651542209232,11.898128258999716,12.028955459594727,12.123164702840008,11.888267068920197,12.0674409866333,12.124645291603544
11.775297421715827,11.805548900281536,11.796672821044922,11.757397334234852,11.679746816084911,11.81784439086914,11.778663757647392,11.866707057296178,11.81507396697998,11.782097912969153,11.7033897083977,11.80968189239502,11.760194552093909,11.761487063239029,11.799186706542969,11.769440091216282,11.709337356950003,11.816689491271973,11.771388291106861
11.695255355062795,11.833275921515012,11.768071174621582,11.712023615367155,11.687182222521777,11.710713386535645,11.679400914761459,11.90392799091434,11.72114372253418,11.685948651164813,11.728021161502468,11.710260391235352,11.656854386364527,11.763349301290162,11.750375747680664,11.693182916224893,11.79588916800351,11.766818046569824,11.699413863042343
11.635151947212842,11.539804298467251,11.625662803649902,11.677461316156114,11.780420445116244,11.717087745666504,11.694364418803001,11.645940921819916,11.68701457977295,11.687185841153918,11.575936334208336,11.707255363464355,11.671065897934325,11.584234166077417,11.658852577209473,11.690096854305365,11.610708065530947,11.630831718444824,11.645459136238703
12.331387247601905,12.263739991354994,12.230358123779297,12.260918450877261,12.243021867369242,12.251252174377441,12.269916893289096,12.289660414446297,12.23710823059082,12.28223131536796,12.369728789797563,12.228167533874512,12.271876426893202,12.344211001160588,12.254180908203125,12.273614458203053,12.315939622618826,12.23377513885498,12.28072930440485
11.849404844423074,11.846766125811122,11.882964134216309,11.86458152017646,11.801241094190615,11.861394882202148,11.892431480952062,11.820608271902264,11.895285606384277,11.906557121047364,11.953145480496762,11.947009086608887,11.957451609874415,11.94322095103886,11.9246826171875,11.940016300118934,11.878937593592461,11.906513214111328,11.90235867741606
12.574185427296195,12.47124833689843,12.540279388427734,12.474547362587375,12.178167232759954,12.468985557556152,12.475634161369715,12.29051696124454,12.511299133300781,12.456165326234322,12.487588424394119,12.518406867980957,12.47219976124658,12.52707886119583,12.560150146484375,12.475670980547529,12.457899196946713,12.524457931518555,12.484341701075833
11.898194668458823,11.87355587184209,11.839513778686523,11.878205315321743,11.873226975823163,11.919083595275879,11.893006178665038,11.773486883002926,11.859006881713867,11.851009659277704,11.80388538038812,11.829014778137207,11.868940518274863,11.83233191170889,11.828123092651367,11.883572060950293,11.86025819999569,11.871817588806152,11.860349914947951
11.732069026983156,11.739631718203444,11.722077369689941,11.787356935205185,11.890948964906277,11.817484855651855,11.811562099025531,11.825533445621058,11.789886474609375,11.773196062390616,11.894763798107888,11.836444854736328,11.82075919334314,11.72392651759748,11.780203819274902,11.810936351590602,11.722973239203037,11.70875072479248,11.771985743421519
12.278397958261774,12.317712633453882,12.377257347106934,12.302666572455816,12.26311341962366,12.352116584777832,12.275558239955627,12.234662121070748,12.32807731628418,12.272705570480495,12.282800372277958,12.342432975769043,12.287280287089377,12.276786209287343,12.337336540222168,12.261270140352316,12.246983236450053,12.310596466064453,12.298927642785133
12.246739428005663,12.06390446042444,12.063206672668457,12.035812612272878,12.030457515162881,12.068469047546387,12.043342239813969,12.11867282333134,12.056703567504883,12.024276427564336,12.195414411727306,12.050019264221191,12.009207021766246,12.105149249662826,12.047698020935059,12.01024616181826,12.152389948724103,12.032502174377441,12.033532846167132
11.989165855127435,11.866716323992424,11.962063789367676,11.889377336172684,11.888486779488336,11.947521209716797,11.9007222819307,12.042867498777786,11.994134902954102,11.90727604256294,11.853365363213667,11.945135116577148,11.878669147560172,11.827830508090448,11.898655891418457,11.89983379150163,11.910697553675812,11.945530891418457,11.926617027640445
11.732069026983156,11.915623505993311,11.846475601196289,11.829034398119859,11.722026966573544,11.831269264221191,11.80543221478364,11.803398549170309,11.825394630432129,11.812928223116062,11.828290277782315,11.822039604187012,11.80826059861534,11.85933589151291,11.847594261169434,11.822961667309253,11.833470443095536,11.8396577835083,11.825555289856108
12.013100572810686,11.870129026828875,11.898138999938965,11.894692460011806,12.024536692350212,11.929624557495117,11.907981821985558,12.086946559051485,12.025997161865234,11.918083776697129,11.95987167917658,11.942441940307617,11.884440423512586,11.993146660749773,11.954044342041016,11.911791331874914,12.088692175384496,12.027406692504883,11.915247309851608
12.2193145828011,12.192590179591727,12.142162322998047,12.179212769755038,12.122331400342818,12.113719940185547,12.191603921280821,12.162460148978374,12.138532638549805,12.18456987349798,12.237506151098207,12.14487361907959,12.199770334008884,12.13870703895143,12.126439094543457,12.183865610333385,12.150677813420746,12.13990306854248,12.1888928132893
11.774527900858468,11.698579388763974,11.725993156433105,11.733601680807373,11.636721704158296,11.678814888000488,11.67171789752004,11.688147885713345,11.689018249511719,11.691657798434015,11.641516691762515,11.654690742492676,11.66765143820282,11.639641578657553,11.687040328979492,11.698395385067256,11.656640987982865,11.68179988861084,11.68094094319801
11.80560254159177,11.826820924648015,11.861466407775879,11.902572182812213,11.858306596983944,11.885132789611816,11.906784001394525,11.869642235912842,11.8721342086792,11.910123521235148,11.879194262532092,11.898641586303711,11.918595875384689,11.858055067481692,11.908080101013184,11.93134512324826,11.862034784183898,11.876667976379395,11.894784693632689
11.477308649967686,11.888021272360854,11.502644538879395,11.469894590338829,11.24256611813718,11.329107284545898,11.445005151364569,11.272701706651953,11.363256454467773,11.522648629182035,11.941156809865683,11.454925537109375,11.529307426787016,11.712552403883304,11.41369915008545,11.458946242814138,11.345770143275505,11.373457908630371,11.432889232423417
12.90634935052389,12.80244734100071,12.990279197692871,12.879413134828527,12.866463254772393,12.992807388305664,12.932897996882415,12.775263949546614,12.977214813232422,12.931424637814235,12.860848984527017,12.984615325927734,12.926763102523331,12.851204175835132,13.013554573059082,12.917484679997616,12.985851506573816,12.987438201904297,12.901456743446513
11.970356641102999,12.019607202799449,12.044289588928223,12.139631573703323,12.125865051860146,12.068272590637207,12.118967112299842,12.052864211886513,12.081877708435059,12.125466566516506,11.955082479973052,12.004770278930664,12.092485687405388,12.014692186741188,12.01291561126709,12.121571136814206,12.173884597124715,12.08702564239502,12.145116564584184
12.487488878546145,12.527556166938353,12.497628211975098,12.56387956508782,12.623289887632344,12.560235977172852,12.579636205074191,12.424678019938572,12.512487411499023,12.536882188346468,12.394593659919238,12.52837085723877,12.561011003717422,12.45463786439578,12.505056381225586,12.529704599049895,12.4660903163588,12.523520469665527,12.559601067390417
12.259618151783465,12.217988499534611,12.133331298828125,12.194235131748671,12.222810173445946,12.155266761779785,12.177379562210065,12.199352659683147,12.150589942932129,12.164499770614169,12.190557764105062,12.162649154663086,12.210865178808577,12.16329285847147,12.161893844604492,12.17859412534603,12.161387280598849,12.142216682434082,12.179219134173795
12.36308066783498,12.32020376005953,12.395471572875977,12.346468183818734,12.429282615960258,12.373404502868652,12.410601661818513,12.311964204440043,12.413052558898926,12.357737528635198,12.443887455650895,12.409499168395996,12.372540204086972,12.431780503491808,12.447070121765137,12.42336470939706,12.52593087490434,12.328834533691406,12.330357436227203
11.573559498507079,11.55974804306691,11.358674049377441,11.43604177552365,11.601094624940565,11.393966674804688,11.423279102505083,11.503473640086249,11.439112663269043,11.463334459554225,11.442419463742018,11.433588027954102,11.50633539501273,11.53733489434875,11.375245094299316,11.489649149598934,11.47152302497488,11.344877243041992,11.436420688044485
11.918397239722838,11.9420850172179,11.92401123046875,11.921455806394997,11.98062148158711,11.89991283416748,11.877188288206314,11.93695287269888,11.909985542297363,11.92296235477344,11.889035678353206,11.899101257324219,11.917197742190039,11.949774789289622,11.870378494262695,11.912418819120061,12.003157794601115,11.934098243713379,11.921569237934905
11.976665770490767,12.007078637476328,11.910828590393066,11.953702052871192,11.836191114829797,12.037251472473145,12.02868432495629,11.929894963640818,11.96512222290039,11.924282627188978,12.062040546180743,11.970104217529297,11.934246120474278,11.972173558449082,11.957863807678223,11.939068285467037,11.990096650389345,11.941596984863281,11.9546354513096
12.126764251515691,12.857710399915966,13.507773399353027,13.286480373163142,13.086223774598656,13.452024459838867,13.358636699138396,12.565802698578345,13.47260856628418,13.337499261734745,12.309084346476032,13.463957786560059,13.32974857132619,12.843210699123144,13.502400398254395,13.368755548675638,12.453767356847584,13.458929061889648,13.31590124332811
12.662709207270272,12.683325058321863,12.578914642333984,12.589705745912267,12.706759469986944,12.588702201843262,12.603838864095632,12.60084263639748,12.563323974609375,12.526722495989123,12.619215237017572,12.582144737243652,12.550665770861345,12.524472170372675,12.570693016052246,12.566078352998778,12.597033125565654,12.5490083694458,12.544041069371698
12.07824495582233,12.140016957235368,12.130239486694336,12.13700147745801,12.15042590820807,12.098001480102539,12.103040559208017,12.061171922483252,12.132850646972656,12.130466307772886,12.137991211626927,12.099746704101562,12.11736351857858,12.14145192292473,12.132610321044922,12.124528594029506,12.104570160079108,12.127241134643555,12.135675989674949
11.790564777297387,11.79492242048591,11.833438873291016,11.719374726184162,11.710086480524469,11.743905067443848,11.691492890479148,11.763472329776011,11.776599884033203,11.731112203782095,11.794563518788685,11.827855110168457,11.77303746363763,11.804919226811158,11.841564178466797,11.746406331783641,11.741534436481702,11.836512565612793,11.759608244409526
13.008661502470739,13.013528340086616,13.053377151489258,12.95679040642378,12.894336540102222,13.022679328918457,12.958481140869052,12.895992433172932,13.070788383483887,12.96419791506908,12.954641280874354,13.076360702514648,12.940443788518174,12.974586679625164,13.112627029418945,12.944555956233444,12.893023010412271,13.04996109008789,12.943711605131263
11.362114203075018,11.304719531546477,11.367356300354004,11.335737080630514,11.345021774766208,11.045766830444336,11.023729708602646,11.340009066539448,11.241731643676758,11.113270922968518,11.378786297202652,11.32049560546875,11.21446809737512,11.555680765120842,11.406487464904785,11.387473145105387,11.200817675189633,11.345996856689453,11.36221911512041
12.209192772866418,12.00401369896173,12.238545417785645,12.207178601254117,12.705144196287373,12.525679588317871,12.31181411361291,12.562418632027232,12.427370071411133,12.297605544340643,12.168770904279956,12.255492210388184,12.202913048262515,12.08232211701317,12.232136726379395,12.156543634158366,12.296539127508813,12.276124000549316,12.239958308714757
12.07254696717504,12.090239296938403,12.137799263000488,12.184284339376898,12.154165729923648,12.248538970947266,12.22161457815716,12.244333412489407,12.14865779876709,12.188638197032782,12.126661040117295,12.16528606414795,12.188697648348079,12.091395068985934,12.142515182495117,12.183946513641487,12.029558313342992,12.121468544006348,12.171780824296105
11.759793355371237,11.948570953924623,11.825278282165527,11.809149242345937,11.810511868060248,11.812183380126953,11.85958204191703,11.744696766192321,11.774155616760254,11.780687806499547,11.85628784686684,11.806635856628418,11.781408988510332,11.74042356821568,11.780512809753418,11.83752070067478,11.699682924093592,11.787899017333984,11.810446513088598
11.58525542883217,11.655210233917895,11.565203666687012,11.62762979280187,11.460693773927233,11.651481628417969,11.60998320946187,11.464221158775251,11.604132652282715,11.549645544833206,11.637035401772241,11.584768295288086,11.595640659326397,11.728303344180597,11.569835662841797,11.611767849464147,11.592717755543783,11.603642463684082,11.585385431943026
10.579005242826247,11.665313800131882,10.849493026733398,11.023187445344519,10.879830440246115,10.775898933410645,10.965484219308221,11.06830722093356,10.738653182983398,10.978125692724674,11.031834099514082,10.829829216003418,11.027046992705584,11.255522597727047,10.920660018920898,11.026846056343139,11.468134424057197,10.851487159729004,10.938037894107797
12.08954444723597,12.194183146988108,12.122759819030762,12.144690871063837,12.469015709688106,12.118770599365234,12.115653253766858,12.131223455404875,12.109163284301758,12.150365183308473,12.036769367587436,12.127117156982422,12.10849656958711,12.056155847168887,12.097505569458008,12.107192880918644,12.080447767632945,12.111000061035156,12.12863334534535
11.58525542883217,11.639232314286435,11.783150672912598,11.728084458900735,11.52849889429744,11.638019561767578,11.59388156548463,11.940820204647384,11.593493461608887,11.667367582665856,11.97823184202335,11.72470760345459,11.702199151902688,11.868592457773024,11.782197952270508,11.814122426933704,11.897604663757154,11.716424942016602,11.724086835567023
12.144202560946876,12.207157709583123,12.164911270141602,12.199987094780049,12.271159387739763,12.137110710144043,12.185797018346435,12.28244812322309,12.146145820617676,12.193830678544078,12.139627450587987,12.13891887664795,12.18822119915803,12.139011857139202,12.14456558227539,12.17929727286932,12.207309057497733,12.163420677185059,12.197546660372188
11.619544188752133,11.76501799181883,11.726590156555176,11.734280103728866,11.579146663293589,11.643227577209473,11.682371698143672,11.619154535286555,11.724196434020996,11.725195182216916,11.763830741419719,11.704455375671387,11.727937593372857,11.747890159506817,11.725322723388672,11.742153967542574,11.546313562681256,11.719160079956055,11.728186527521968
11.970356641102999,11.853171131608946,11.839770317077637,11.881809214638059,11.922104785513431,11.802868843078613,11.86375628261256,11.860034998122055,11.847309112548828,11.872415738279518,11.890277525601297,11.861695289611816,11.85851715563102,11.819248704186089,11.816508293151855,11.847673900442299,11.857671084151292,11.846684455871582,11.876957482539153
12.513561021741964,12.328680331125577,12.433939933776855,12.483416873846203,12.354785229230885,12.474631309509277,12.49253318209331,12.592115012406337,12.494163513183594,12.490626507987889,12.39590400949887,12.429073333740234,12.482917172847747,12.426846318539445,12.440224647521973,12.494762308186713,12.447949282876134,12.463019371032715,12.506770816278335
12.660331092405906,12.72114905082494,12.82363510131836,12.723650096229267,12.825964508247898,12.80585765838623,12.746179162584605,12.820496454281507,12.805593490600586,12.756764881168563,12.72553270991195,12.79367733001709,12.73097378366702,12.744682287702476,12.781781196594238,12.726022246078331,12.769044688743458,12.809886932373047,12.744120846361662
12.421188057397055,12.405936236170081,12.448243141174316,12.516663039947701,12.4058431351615,12.456871032714844,12.4812122201688,12.480526514456173,12.499524116516113,12.488973313211112,12.46325019463053,12.473921775817871,12.516889659961366,12.401863240041171,12.445621490478516,12.503427904317615,12.508467570525841,12.434544563293457,12.50303360042536
12.270225154674701,12.112537103404573,12.261767387390137,12.349850499284361,12.304589095995048,12.345253944396973,12.356089449684838,12.272822900134368,12.317004203796387,12.338759627667587,12.20102831316729,12.260146141052246,12.330601873382461,11.958070268061695,12.203713417053223,12.312359482611068,12.373433211775946,12.2960844039917,12.33218064691929
11.798111925972618,11.828252685240955,11.923734664916992,11.990671327446318,11.822153799344429,11.929637908935547,11.937491798524583,11.829032057544804,11.91921615600586,11.899641612057021,11.932729200388836,11.884586334228516,11.909911746539173,11.870380970165787,11.925804138183594,11.932014530743569,11.819352213328143,11.909112930297852,11.97741183869801
12.098854850641,12.237003045360872,12.22117805480957,12.12740522147765,12.130815433015988,12.195958137512207,12.095552400353663,12.160856264657511,12.20034122467041,12.090959869195688,12.204236743464154,12.255868911743164,12.117795865627881,12.281299158388281,12.206781387329102,12.123955791897336,12.165212820718832,12.232008934020996,12.115212363629038
12.34148164933907,12.273385986985625,12.455238342285156,12.43450708126505,12.22407709237251,12.459723472595215,12.478154397372464,12.422730262019803,12.482428550720215,12.491221108963465,12.4953840325428,12.433188438415527,12.487098900584964,12.508879431502045,12.465566635131836,12.499028220346991,12.217082315020395,12.48938274383545,12.474562246777786
12.25486757159303,12.058591980041243,12.07472038269043,11.952798812537054,12.153933365164832,11.986492156982422,11.92491624164169,12.064383171551166,12.005403518676758,11.945236055243289,12.018864438023272,12.00883674621582,11.914151954084634,12.079223480534537,12.010526657104492,11.914369129013636,11.999496167354419,12.026205062866211,11.955744785350925
11.771443882099637,11.815196896376095,11.771883964538574,11.77262267609097,11.734820138857028,11.722591400146484,11.729396800948228,11.723805194291867,11.702033996582031,11.741912209967087,11.750459847495755,11.754297256469727,11.73746589425985,11.734813022408442,11.759766578674316,11.763174137790063,11.734091228023322,11.72529125213623,11.72904341300328
11.736077016252437,11.750290094040556,11.829085350036621,11.737275347918445,11.485335658689149,11.769702911376953,11.716671339273848,11.633933174047597,11.791550636291504,11.714983615481234,11.544072905184361,11.802103996276855,11.724640242666405,11.55990213655178,11.818360328674316,11.71773736173433,11.819315558701199,11.779330253601074,11.74202056044205
12.479913113434042,12.37893094927125,12.298067092895508,12.358368431155792,12.360907391418202,12.326165199279785,12.327443182177724,12.326248924513772,12.393268585205078,12.37079271448405,12.316628728733416,12.316502571105957,12.352808177803333,12.335663919131376,12.31244945526123,12.334491921884824,12.314824846599105,12.364213943481445,12.370227755857767
11.849404844423074,11.811053904970684,11.821575164794922,11.819468886045755,11.879506673848221,11.88330364227295,11.862592048296095,11.85049872997513,11.83702278137207,11.833765073708475,11.89465143304433,11.805620193481445,11.819821572726969,11.827880237109317,11.78950309753418,11.823310000608654,11.882156491956009,11.85145378112793,11.83920090296551
11.630717389475995,11.72825456273698,11.70545768737793,11.646289825800382,11.753880183882536,11.720173835754395,11.705852081463828,11.646675934694663,11.715733528137207,11.67674659932731,11.690840834346895,11.689972877502441,11.678907000998645,11.695937868216502,11.727287292480469,11.665452428736653,11.555205315735117,11.668486595153809,11.653331050732772
12.450981602512561,12.481005074434439,12.48109245300293,12.499542535077866,11.978284532602242,12.498456001281738,12.491373879933299,12.277465616251428,12.462695121765137,12.472782790859515,12.418156437402798,12.438203811645508,12.459049013108944,12.523951620197096,12.477959632873535,12.477661587019812,12.58611598533734,12.525010108947754,12.507527873761413
11.58989576532275,11.565922008309151,11.582085609436035,11.573278918373903,11.633686607021357,11.627323150634766,11.533079209402342,11.653614054896961,11.583226203918457,11.542123450336279,11.580315660875186,11.493965148925781,11.511038814919834,11.6479802383707,11.555996894836426,11.513505133718864,11.478532313059077,11.617603302001953,11.570329961324692
12.556733038263905,12.539588993798592,12.457103729248047,12.447602556167876,12.48224754017035,12.429266929626465,12.42931362032009,12.45051876818983,12.454893112182617,12.434763489057099,12.528425531984816,12.445900917053223,12.437413246060103,12.498913467258026,12.41518783569336,12.442957519060567,12.379676597518582,12.444891929626465,12.4489431224908
11.635151947212842,11.667519484605851,11.58685302734375,11.61408570563989,11.545069967622995,11.509138107299805,11.54402655101065,11.5167260470776,11.51355266571045,11.532094961344407,11.653854237304024,11.532869338989258,11.612874847824848,11.655944872526451,11.57194709777832,11.606930928416086,11.687078282398831,11.611668586730957,11.60630936843597
11.856522261533737,11.801993458195557,11.868014335632324,11.877212015819419,11.924171588923706,11.85169792175293,11.844403624427112,11.870760334446372,11.886322021484375,11.880765950816153,11.871548822656184,11.85856819152832,11.842644910541921,11.848548002661449,11.877606391906738,11.871509308054604,11.874076674110196,11.888654708862305,11.860954703321022
11.58989576532275,11.669279952430593,11.31545352935791,11.636020633129261,11.611492533742041,11.547364234924316,11.63465336768555,11.650550433896937,11.608305931091309,11.668908907828548,11.229480973941248,11.275915145874023,11.632558133353086,11.354918870718159,11.38119888305664,11.59343193692474,11.519388536103401,11.338187217712402,11.63062416543733
12.07254696717504,12.235026493407979,12.159134864807129,12.133957726954861,12.164009041918202,12.105761528015137,12.085259183867365,12.214103171494132,12.142732620239258,12.108553664310902,12.251769690189487,12.217412948608398,12.129500813043688,12.22676871794008,12.192529678344727,12.129942070020737,12.155118782904825,12.172419548034668,12.10876078915241
12.36308066783498,12.154996764593545,12.137598037719727,12.15594472790593,12.09326211540907,12.178241729736328,12.158459911741218,12.17891123687871,12.115283966064453,12.163930530680922,12.15822390851665,12.119572639465332,12.151327633075446,12.133475757744696,12.121946334838867,12.156297133509057,12.150068473868146,12.10865306854248,12.154260402553806
11.707677772181546,12.077607306924435,11.98888874053955,11.98983452997789,12.028009030749779,12.031959533691406,12.025429228055776,12.081352759798335,12.020421981811523,12.00047113681369,12.090744177566876,12.020501136779785,12.01266626597375,12.07325066652513,12.016419410705566,12.027733682751954,12.068839924363832,12.06179141998291,11.998682654525851
12.04355959836804,12.005185082510879,11.974454879760742,12.025487080417363,12.183366055804717,12.011363983154297,12.01278193155413,12.093975085681993,11.964457511901855,12.008649191661652,12.031908306470484,11.918734550476074,12.01219388088518,11.928796063315184,11.938858032226562,12.01755607563182,12.027987131938065,11.964373588562012,12.03061136626169
11.58989576532275,11.54035119382446,11.64327335357666,11.648770316985887,11.626670057023803,11.586359977722168,11.610946589144966,11.762258706383287,11.72887897491455,11.638010506595979,11.794799996719567,11.667862892150879,11.596615410707132,11.808605025698574,11.640914916992188,11.601437198926162,11.525955810431736,11.725223541259766,11.604285326425659
12.128116509451258,12.039548345337815,12.085186004638672,12.016585945529876,12.17990187295359,11.96118450164795,11.941017539591396,12.20632083210212,12.12536907196045,12.071010496834926,12.12692425301357,12.086063385009766,11.963434880222145,12.112414268381194,12.063973426818848,11.987204097861191,12.10073475049699,12.122698783874512,12.01524354302925
12.498745990829315,12.469450675277036,12.444589614868164,12.431952109815585,12.408158125284993,12.427614212036133,12.445629464605096,12.406673323020472,12.450056076049805,12.449823506187327,12.46808636587024,12.445098876953125,12.45998623186782,12.42543526278619,12.445619583129883,12.441824207447649,12.557871747480904,12.429452896118164,12.44014735145807
11.759793355371237,11.605585840238255,11.76587963104248,11.730476348849724,11.733372779548645,11.728653907775879,11.740593794364996,11.663016621292142,11.631277084350586,11.675763166705726,11.576855477524534,11.74520492553711,11.748284653079521,11.660923661799037,11.740983009338379,11.672365154891162,11.717069991987852,11.72651481628418,11.72573726271311
12.691583538230217,12.700746136031944,12.697281837463379,12.761920722980435,12.575504397241742,12.742569923400879,12.78018728059957,12.486521124975548,12.696887016296387,12.804227326607272,12.697862726618393,12.729873657226562,12.75392952648652,12.713857375739217,12.741962432861328,12.778446584266481,12.569148263659637,12.669243812561035,12.785298337175554
12.273735966890268,12.270559225893491,12.205974578857422,12.260519826927675,12.25080763321964,12.270036697387695,12.278632183089888,12.126978326425574,12.203536987304688,12.237360754169693,12.223018277190166,12.20573616027832,12.270511879848202,12.23223392402961,12.219548225402832,12.266142549823197,12.199632076365342,12.188350677490234,12.215923028416546
12.665397584983758,12.24378807847037,12.647819519042969,12.571347847953602,12.616758163775422,12.65808391571045,12.572192569352596,12.644583579931712,12.675712585449219,12.569982105468887,12.751731078659828,12.667972564697266,12.613441308032522,12.511697859335166,12.67690658569336,12.62549502105483,12.497517583950842,12.690114974975586,12.59592033598703
11.820123358887447,11.82815557904911,11.84278392791748,11.848923891108715,11.788022425822943,11.883407592773438,11.877402601425983,11.76276299249667,11.83785629272461,11.85954147043548,11.796803578601947,11.77077579498291,11.849070746505292,11.794943339790978,11.782597541809082,11.842981238940592,11.738006286180342,11.791678428649902,11.864684751510499
11.867805799560465,11.818562078427188,11.925073623657227,11.90834248316149,11.715982520847952,11.880728721618652,11.905449638015513,11.670089686325072,11.963858604431152,11.930590323574995,11.866850433487148,11.972112655639648,11.969342740279997,11.935409413073524,11.983020782470703,11.973562820126638,11.792091516493315,11.934215545654297,11.94515665888223
11.695255355062795,11.698269344599366,11.683066368103027,11.68134333058807,11.690565398701526,11.677433967590332,11.675100149270198,11.664349225528076,11.681419372558594,11.626686840919758,11.745437345994233,11.688681602478027,11.65598420858415,11.773036717119904,11.695823669433594,11.679273238156439,11.64232817809986,11.678642272949219,11.647826302064791
12.32163544049751,12.240515758995814,12.217968940734863,12.254831115947512,12.270215672257864,12.188438415527344,12.251345046122863,12.22374972150964,12.195683479309082,12.256140953944026,12.201029905513252,12.203639030456543,12.255384881854294,12.221420658610075,12.229830741882324,12.270211233870583,12.284284939346536,12.202766418457031,12.283335324546195
12.04355959836804,12.063504342455026,12.027993202209473,12.04551933638613,11.957297179215368,12.022789001464844,12.04681302197123,12.029499687339378,12.004117965698242,12.044442500260473,12.010266366111011,12.063247680664062,12.043675672837994,11.996809960966809,12.046469688415527,12.044351552824661,12.0127097266036,12.050402641296387,12.033299487308675
11.842236406331555,11.88369801422021,11.691089630126953,11.53562026605796,11.512131045438613,11.588255882263184,11.537719532034552,11.734593158854286,11.61478042602539,11.54977672779526,11.87374192321152,11.67534065246582,11.530133047510207,11.660715606969731,11.673612594604492,11.565113957462243,11.696458363098484,11.641317367553711,11.573730733425604
11.682676678340282,11.637196098356021,11.619568824768066,11.666897325976576,11.714042253199718,11.646920204162598,11.663984494467618,11.738898323734178,11.666278839111328,11.68321922314933,11.60501114000569,11.645281791687012,11.634882286561846,11.588539138145748,11.644920349121094,11.635334563743116,11.683079935995154,11.660831451416016,11.667158446720466
11.884495917930655,11.844970689660713,11.947002410888672,11.962781562063082,11.70372711142632,11.917025566101074,11.95134745760325,11.709219862416766,11.91298770904541,11.935262592945536,11.735916422824193,11.918752670288086,11.953022055467422,11.75303535680735,11.934343338012695,11.931901613947764,11.937550577104012,11.994210243225098,11.99553540141997
12.010671928196443,11.98442730620167,11.963584899902344,11.96744825174871,11.832927086353617,11.956478118896484,11.956885320372352,12.069517639205795,11.948711395263672,11.997744581112135,11.849593542611965,11.867606163024902,11.947815378537342,11.781647943844684,11.863750457763672,11.929234363473965,12.051415835935543,11.96114730834961,11.991364873834847
11.891368749982085,11.910383262701494,11.950194358825684,12.02959817832811,11.917544117796389,12.023447036743164,12.022264731818277,11.980292551036136,11.957454681396484,12.03500369409233,12.06888522061612,11.981554985046387,12.048241975470246,11.99716475146717,11.96375560760498,12.056156579111144,11.950313421511146,11.966777801513672,12.024733842658176
11.78676973513378,11.592666954268612,11.772565841674805,11.774210014975385,11.819326127066336,11.792924880981445,11.77127834023368,11.677743312061878,11.81432819366455,11.81413223266804,12.012555015626212,11.808220863342285,11.834418892960544,11.988098562999507,11.80128002166748,11.776475095270554,11.610486499983868,11.759736061096191,11.764659024710314
12.111217862017215,12.14743822957757,12.157732963562012,12.075232103998026,12.219057408773786,12.139511108398438,12.057797211247099,12.071706147513625,12.127143859863281,12.082930135097996,12.116658094991699,12.167874336242676,12.05530715327266,12.040262154042166,12.109261512756348,12.08702744918589,12.095799167331055,12.171393394470215,12.063769291501256
12.442306148381938,12.834702848301383,12.787335395812988,12.766591688002867,12.863540054084508,12.84503173828125,12.870277561928612,12.670798910654934,12.748679161071777,12.796361965513416,12.550062851238055,12.764898300170898,12.791110043155246,12.510671644391827,12.778101921081543,12.77301798564502,12.229441769751666,12.780747413635254,12.769849642879569
11.682676678340282,11.651471977291358,11.72110652923584,11.696976481966015,11.698255983994466,11.69880199432373,11.704667529320364,11.577413364891477,11.69494915008545,11.669974980529004,11.767258216568608,11.71374225616455,11.734794577914931,11.754171829690076,11.723190307617188,11.734588289673832,11.753790453049815,11.730173110961914,11.707536731621133
12.691583538230217,11.931904086198918,12.72194766998291,12.714331244983406,12.51772296642666,12.68613052368164,12.72864296720991,12.391792611099447,12.638691902160645,12.833778366363758,12.39495846085026,12.732613563537598,12.796609040773268,12.41827669672929,12.645766258239746,12.769829801685434,12.453299823976394,12.77743911743164,12.788307217395479
11.798111925972618,11.739173735276935,11.777531623840332,11.77178011099382,11.810458243125323,11.843475341796875,11.782076203482193,11.803917835081027,11.781476974487305,11.74231856319698,11.858092402114682,11.774286270141602,11.753212634674782,11.813809150076388,11.787506103515625,11.799304909444185,11.803750619837007,11.736286163330078,11.747936040761653
12.820990681250251,12.696467405700272,12.816815376281738,12.784712518729112,12.917733136055844,12.791534423828125,12.753482348511785,12.963757589793689,12.856834411621094,12.795552337786935,12.790276399718957,12.81518840789795,12.773197998980937,12.903198377955633,12.82546329498291,12.786823782864888,12.894202678272404,12.786324501037598,12.790559209364687
11.775297421715827,11.803436300225702,11.709532737731934,11.610497787381997,11.616328669049794,11.597064018249512,11.60209203174034,11.794960693574193,11.660685539245605,11.637660858444018,11.663584196969529,11.728175163269043,11.599265896776863,11.70344047706002,11.71101188659668,11.63300445116285,11.699443982199137,11.682120323181152,11.61140704300668
11.827743504053695,11.752139767161697,11.797159194946289,11.809797740977155,11.750454826273746,11.726194381713867,11.80425861184676,11.764600198242018,11.794537544250488,11.818332919493253,11.80409183758358,11.76365852355957,11.816563035101794,11.75531581053519,11.772420883178711,11.82982980520943,11.81137300298831,11.773165702819824,11.826473413018421
11.870606902224587,12.197391644490475,12.290176391601562,12.113325864476922,12.189069484676347,12.145661354064941,12.03949745689229,12.13252668063498,12.160490989685059,12.075944481795776,12.327197874603266,12.240495681762695,12.156581768118004,12.290155034997241,12.276195526123047,12.138426210396453,12.36337723190516,12.209589004516602,12.097085234077234
11.283524879179666,11.846349488572177,11.616572380065918,11.613536227952086,11.441686063187422,11.565382957458496,11.547153485600129,11.392287816457864,11.53897762298584,11.574470042618415,11.407417118874973,11.541864395141602,11.562953131282798,11.532777865937504,11.577154159545898,11.611837699909323,11.457573345500913,11.60135269165039,11.62274372789273
12.132969552931216,12.14369149132152,12.16242790222168,12.163488747610735,12.193475233443424,12.19104290008545,12.156383354835542,12.188160406068485,12.18433952331543,12.161233992048112,12.188626966187101,12.159387588500977,12.16483974702008,12.184056313901518,12.143047332763672,12.159248429390017,12.180078314262083,12.170197486877441,12.164794304429455
13.02132904585825,12.362714760972818,13.035049438476562,12.889602995702619,13.014191980857131,13.042162895202637,12.908934741737593,12.836215503079028,13.049373626708984,12.896010405110248,13.015564895364212,13.053296089172363,12.906517515005756,12.946440092198582,13.039068222045898,12.89144892691768,12.672716058615336,13.031719207763672,12.898005757418076
11.835016210489899,11.849498726951913,11.84660530090332,11.821899824739614,11.908759301999966,11.828701972961426,11.819939137054531,11.982618302794641,11.858848571777344,11.818338183137966,11.900108607852506,11.877656936645508,11.806878146542116,11.854803478539571,11.864251136779785,11.812662545229456,12.041758596350624,11.855220794677734,11.807016186248422
11.849404844423074,11.853768433970627,11.855381965637207,11.854177375891828,11.854442261191542,11.886123657226562,11.838463834947587,11.873055950691713,11.879298210144043,11.854994779631223,11.85812085724426,11.853205680847168,11.854121673918245,11.855346048969945,11.855883598327637,11.840830739849196,11.887793553465754,11.854100227355957,11.850769292159734
11.608244735642321,11.654064052775443,11.680902481079102,11.650133453984346,11.53243705639809,11.629598617553711,11.621189295841656,11.828693481106214,11.682591438293457,11.682772443762286,11.731501393619931,11.695236206054688,11.646497488997928,11.72173046550105,11.71191120147705,11.658981256039608,11.732001381548578,11.66907787322998,11.64474374219251
12.672949516558306,12.791289442291207,12.73134994506836,12.633711093598695,12.640043557058899,12.672639846801758,12.650237673466995,12.70856738324356,12.705439567565918,12.654521504971608,12.864693606744694,12.715660095214844,12.709325949797346,12.611351615458187,12.694911003112793,12.655723362427437,12.725739819822861,12.706162452697754,12.64545482235106
11.648373769145277,11.547357124118681,11.67243480682373,11.699104447198867,11.860634840390045,11.740352630615234,11.773360534079655,11.854863631018974,11.668458938598633,11.712642135392075,11.725891831128369,11.641408920288086,11.713917239078143,11.695521267711491,11.606893539428711,11.677288353267011,11.717395330354995,11.583507537841797,11.677545050078715
12.176654133447505,11.956714148196633,12.096820831298828,12.130695749572908,12.149911796809455,12.167862892150879,12.171625764268693,12.086681840857674,12.127918243408203,12.127392921204995,12.028520381946931,12.127265930175781,12.13558532343945,12.145053862255644,12.158125877380371,12.128558339602005,12.253209863504761,12.091547012329102,12.12110623898717
12.289958727201455,12.294907593298772,12.19999885559082,12.13507120424814,12.1678669507978,12.078943252563477,12.14550760705816,12.103542799660739,12.130766868591309,12.135428792091174,12.270209262735179,12.15195369720459,12.115971188562304,12.217706396619286,12.18001651763916,12.106645734428046,12.148824428014949,12.096349716186523,12.113567236281435
11.92504173829169,11.864773097581956,11.938719749450684,11.96219213231273,11.796331308721829,12.018939971923828,12.072311274977874,11.886289655544577,11.935110092163086,11.998845040368687,11.82811953502934,11.895538330078125,11.960918430605433,11.782867256564526,11.918429374694824,11.92439906612194,11.862806919741066,11.927260398864746,11.960964131878855
12.524530013005734,12.597456947697127,12.409746170043945,12.45647191377156,12.573095339704953,12.412904739379883,12.457206805623462,12.55408113700192,12.393162727355957,12.435231176276645,12.550252534084867,12.399347305297852,12.459247264556279,12.54090493482705,12.439739227294922,12.469931311257081,12.529340205829811,12.401084899902344,12.429334562907602
11.856522261533737,11.81432317471007,11.755697250366211,11.721602912020153,11.735290548990672,11.72818660736084,11.716680179972853,11.819166047249066,11.75356388092041,11.698683458916273,11.807903729356392,11.716106414794922,11.703439385942724,11.844375472464595,11.75709056854248,11.730911827013244,11.75986673263444,11.723087310791016,11.707127208808297
12.301387370778713,12.21510198451243,12.354280471801758,12.347201529151713,12.266393698387912,12.32736587524414,12.299776628059714,12.270363621877463,12.372986793518066,12.340953718610152,12.331904730104291,12.329630851745605,12.316410344569723,12.299436617459621,12.282245635986328,12.328278734566574,12.353718257810153,12.34774398803711,12.328595646301277
11.92504173829169,11.976561479277205,11.959212303161621,11.944316247401995,11.942471968618035,11.962223052978516,11.94226959962151,11.955804042211065,11.941819190979004,11.9279890242565,11.896381141245055,11.937870025634766,11.941806793426283,11.943461955897599,11.929008483886719,11.931023489982161,11.891089098335858,11.945133209228516,11.930938243953376
12.30592250537653,12.321184901597901,12.32472038269043,12.304271125687961,12.283723686392864,12.335478782653809,12.296480442406637,12.300072438590226,12.335416793823242,12.307713616944296,12.322889061200934,12.325751304626465,12.310971766269812,12.331286697479781,12.31762409210205,12.305932141659419,12.330255348804926,12.313857078552246,12.31693958453335
12.230770136157428,12.109897628969618,12.306902885437012,12.266033355031837,12.2859321017058,12.29925537109375,12.243753608111735,12.36174957001426,12.309362411499023,12.249270549654272,12.25123058275014,12.323993682861328,12.28851626275324,12.270514781688341,12.345126152038574,12.279482833291961,12.416065778756685,12.346097946166992,12.296448036176677
11.931642378754141,12.039466069172438,11.922764778137207,11.90827926357146,11.922189033704257,11.916539192199707,11.90199963825964,11.94032435615449,11.941529273986816,11.919812076982154,11.947988410244305,11.927020072937012,11.920265048864565,11.976960532773441,11.952664375305176,11.927190306963386,11.896091904852687,11.923867225646973,11.911452615319327
12.323860125621126,12.167149438173135,12.008284568786621,11.959045616233398,12.165027057903002,12.119095802307129,11.918453945105705,12.05119715393508,12.017029762268066,11.964850052554588,12.050221877760135,12.03136157989502,11.988402006572832,12.209633270842973,12.055827140808105,12.033062476331994,12.065120631457637,12.047497749328613,11.969338353782428
12.791358964949923,12.218201922642843,12.650397300720215,12.519074897727986,12.496237260601818,12.576438903808594,12.53874971074498,12.332829939797593,12.579581260681152,12.547694809376093,12.347101326703527,12.587836265563965,12.539383690115395,12.638587215775862,12.640168190002441,12.512552476528779,12.591315510342806,12.58174991607666,12.55854526479483
11.682676678340282,11.676948446574738,11.695879936218262,11.735599418743144,11.778765083255832,11.735687255859375,11.752700515885694,11.718600899317389,11.731180191040039,11.725735689617991,11.727922371648663,11.739764213562012,11.746471298400051,11.73597903123671,11.711398124694824,11.75331445506595,11.687441973335083,11.725028991699219,11.745002907842158
12.653961664405365,12.586888540805418,12.72276496887207,12.73187416614239,12.696840634477015,12.756641387939453,12.726071393805306,12.744332337133477,12.74128246307373,12.755857858567387,12.52930436899456,12.72915267944336,12.73411479202543,12.625337340443561,12.735745429992676,12.74491598046613,12.668432945078855,12.710081100463867,12.726273395468843
11.904974309480183,11.998337985629334,11.94255542755127,11.91567701626,11.941544327961646,11.914359092712402,11.919705336448551,11.95048197704488,11.927719116210938,11.908317510078481,11.935083445872575,11.89374828338623,11.900900072014819,11.89692314270218,11.897183418273926,11.90694400098585,11.977109095409604,11.90275764465332,11.918392427222788
12.474193386571581,12.5300395322333,12.457612991333008,12.416536915004428,12.589745942824027,12.44918441772461,12.452876796310745,12.542466253650735,12.462926864624023,12.438009543238415,12.624815457047267,12.434165954589844,12.450640870582884,12.635199568743698,12.47128963470459,12.45412791168494,12.506531794104461,12.436027526855469,12.416111064193828
11.898194668458823,11.681621535037033,11.753567695617676,11.665491755863183,11.431183934230738,11.694442749023438,11.678754616169867,11.489049411474266,11.745606422424316,11.661957247907718,11.640092690229038,11.793217658996582,11.711900683649699,11.738709759881939,11.780587196350098,11.739635025639622,11.739777391952984,11.754642486572266,11.693906792388097
11.231901180182515,11.601549269587764,11.263556480407715,11.345152360448916,11.437139401863728,11.239487648010254,11.251276636410076,11.448064186867663,11.221295356750488,11.267600209825353,11.331869385792189,11.232281684875488,11.244098269515085,11.328425283473731,11.243115425109863,11.31676085190165,11.235784248817549,11.253657341003418,11.303827567715663
11.83138646878959,11.907566304940884,11.835668563842773,11.844710037715771,11.922010906250922,11.852277755737305,11.889955074888755,11.872826909681544,11.887185096740723,11.861897116350582,11.933770501374898,11.885356903076172,11.866862808007667,11.85515195752821,11.818065643310547,11.838372538580526,11.84338651884064,11.814291954040527,11.838266208739121
12.118339189722553,12.123797482035627,12.15296459197998,12.096609914843274,12.095883671090688,12.151508331298828,12.092973577077512,12.072398797073864,12.139877319335938,12.095864081111738,12.10084144920227,12.105178833007812,12.08136480528263,12.083793849686334,12.130062103271484,12.107593910038144,12.08932842661629,12.126842498779297,12.097246622032973
11.566475710526321,11.747136119984729,11.722660064697266,11.674479437239825,11.81103375690362,11.631081581115723,11.631327382721064,11.761701474721097,11.726353645324707,11.665269395058353,11.66537288239763,11.76241683959961,11.680536687551559,11.7650583340867,11.761889457702637,11.698364930370774,11.730482248796259,11.755122184753418,11.661917438220556
12.659737267217572,12.718951644961892,12.698760986328125,12.683654695098472,12.434258803696295,12.62592887878418,12.627867197997546,12.470550134367592,12.643659591674805,12.679643846111706,12.645538304279464,12.633893966674805,12.63728686235716,12.520575992609263,12.67577838897705,12.682814407865372,12.463468911003023,12.639678001403809,12.661194206509563
12.628070334272698,12.724596154368268,12.728734970092773,12.643207290877818,12.662593613095616,12.716657638549805,12.634262641800463,12.553303965900977,12.694174766540527,12.644362561020179,12.588804516702387,12.709150314331055,12.638458526505437,12.626930933782685,12.704541206359863,12.634029283263345,12.490800491978193,12.680673599243164,12.64555166593274
11.112462823634855,11.354783509018775,11.00096321105957,11.185001564100613,10.720829985443588,10.979701042175293,11.147064617313019,10.839084256700017,11.046029090881348,11.13037659376558,10.941974721008606,10.9891996383667,11.106427914785774,10.937734335670246,10.973642349243164,11.082259202651002,11.341855422256952,10.921304702758789,11.081861370512316
12.388398368982115,12.418172466817856,12.333261489868164,12.266206673673038,12.476717448319912,12.348544120788574,12.286482253932157,12.464297688762104,12.358665466308594,12.282811080418698,12.497548632517379,12.40230655670166,12.286625132928657,12.578791469731094,12.341325759887695,12.26877085393662,12.69787176022169,12.383901596069336,12.279905376453492
11.813037464800539,11.690813238958265,11.787434577941895,11.815655883960202,11.74438137314789,11.762161254882812,11.826021366203161,11.815813153118157,11.795515060424805,11.823773629861334,11.846902343818524,11.778312683105469,11.817808999900373,11.822768394907804,11.805876731872559,11.831062828641203,11.766440354119256,11.80251407623291,11.831701461886217
12.034696963475044,12.087179000848439,12.068086624145508,12.074679640265881,12.14744457030507,12.115013122558594,12.074796125977333,12.104358637526495,12.042464256286621,12.06461071707111,12.069280159552815,12.026693344116211,12.07429317268402,12.0761025346401,12.026793479919434,12.077574621549724,12.025376048884489,12.028749465942383,12.076316872947418
12.014615485902027,12.01038883246818,12.016234397888184,12.00214183904903,11.872698854635585,12.030271530151367,11.993445817446304,11.917642393424494,12.043646812438965,12.010119416842942,12.093450299936102,12.05351448059082,12.041432844917477,12.071721157950552,12.014074325561523,12.017205103820409,11.92832201545116,11.987715721130371,12.019488349548523
11.982935344196433,11.891696479812847,11.850260734558105,11.848928872273646,11.641710774282599,11.760371208190918,11.773477852768869,11.761179352303516,11.764036178588867,11.762906673061174,11.848257718560316,11.820549964904785,11.803895057789784,12.02261564953655,11.889288902282715,11.826867712997396,11.87910680954691,11.82258415222168,11.813521311216995
11.848690308590857,11.779786530592482,11.797612190246582,11.844323934548589,11.764943162125512,11.836199760437012,11.786907847657837,11.880893354926467,11.830552101135254,11.836521876194112,11.745933998203592,11.79583740234375,11.819771352949216,11.742200936512063,11.792969703674316,11.81182471762169,11.832780212590674,11.81590461730957,11.84221005893457
11.938199736300925,11.8612410350235,11.977835655212402,11.951590819756547,11.870599825727137,12.011085510253906,11.954976449423793,11.96693752117554,12.001486778259277,11.947849019057328,11.941313855924037,12.003005981445312,11.949262129453627,11.9540493694565,11.956446647644043,11.955213818733666,12.093709710844118,11.974474906921387,11.9558539582249
11.813037464800539,12.072859410527348,12.04982852935791,12.117543739556817,12.028593288226094,12.104594230651855,12.087587377062084,12.101412775486876,12.087120056152344,12.119224116505988,12.139940171366568,12.106819152832031,12.14434732138547,12.122815309022844,12.04932689666748,12.09647083968717,12.196963100575331,12.073664665222168,12.127110434440151
12.034696963475044,12.191572036964782,11.938699722290039,11.99267258728426,12.06978676359501,11.921462059020996,11.935821870759629,11.88181441320826,11.905227661132812,11.946451725916651,12.032949300334328,11.93004035949707,11.948087634738679,12.051094180583704,11.939455032348633,11.973372321251558,11.8800335086936,11.929656982421875,11.967949829229594
11.728044909070785,11.770206151935879,11.628876686096191,11.702984238647177,11.98714518197376,11.736776351928711,11.715306527179198,11.803758046406704,11.6945161819458,11.73759671040405,11.807116302388161,11.609615325927734,11.726237214136047,11.656327680861953,11.632548332214355,11.712947579134932,11.580054491729392,11.550386428833008,11.732612943793761
12.252483791602627,12.266106876882244,12.356882095336914,12.392645659617823,12.362526312240757,12.3842134475708,12.369234866563662,12.383129274477072,12.368064880371094,12.388802173384606,12.267467450417842,12.357989311218262,12.354429792758573,12.345600462329077,12.379870414733887,12.340412894827539,12.368857377637394,12.366013526916504,12.38714703818524
11.320565693461432,12.066023022658383,12.11965560913086,12.105149488830238,12.164728920742203,12.168108940124512,12.142851157257889,12.142474102299083,12.110065460205078,12.111955839980117,12.001848215739967,12.106871604919434,12.126507981441518,12.178500028476801,12.156379699707031,12.122568213404577,12.050369514929345,12.132796287536621,12.139100858467527
11.845109950883979,11.857258653141011,11.872371673583984,11.813891115105129,11.746630915910897,11.81857681274414,11.809949446292048,11.754001348155054,11.832662582397461,11.794645844997785,11.984980477735435,11.895024299621582,11.842109011819376,11.852814145221458,11.869963645935059,11.819382151852736,11.913583801521561,11.905356407165527,11.827120150490874
11.87757552297847,11.790445133432168,11.889924049377441,11.893556788480309,12.049073383919175,12.00681209564209,11.890396692751777,11.964029884621251,11.897631645202637,11.890229906279307,11.896672266563947,11.867534637451172,11.892558007940044,11.928017200941564,11.944089889526367,11.88867287284947,11.896966748466024,11.883872032165527,11.897918939302
12.206077645517674,11.864475422836238,12.06532096862793,11.895627387509508,12.138328047014836,12.100751876831055,11.953294226999038,12.140987235738228,12.174829483032227,11.979571574107764,12.274933532445093,12.203230857849121,12.054544655513862,12.188984901699198,12.112679481506348,12.017135644545135,12.09895285898269,12.228218078613281,11.97512486714374
11.002116507732017,11.831403075001159,10.806034088134766,10.991975911605566,11.043520721377664,10.99001693725586,11.132314815439084,11.047922383101408,11.081031799316406,11.078296274464993,11.498435634721655,10.8864107131958,11.077865489289662,11.374452103119552,10.817639350891113,11.005883008177525,10.91448236624056,10.862924575805664,11.01201626132943
11.440365524765756,11.622730257329597,11.600893020629883,11.677200991699841,11.77044411509289,11.687993049621582,11.72984440634239,11.873750242037627,11.642115592956543,11.680915029026941,11.430069295168012,11.495162963867188,11.63906651750158,11.489011257466151,11.601675033569336,11.649757897388408,11.457397215096986,11.57006549835205,11.673537281219266
11.350418300109132,11.478794835648007,11.482076644897461,11.534855241944332,11.058709009589487,11.196615219116211,11.358680732877351,11.123820555252035,11.454742431640625,11.486802345924342,11.577473674726862,11.454842567443848,11.522434514528824,11.514605422079798,11.490562438964844,11.561390698273282,11.626927797950799,11.503355979919434,11.525124835499119
12.485830907348902,12.425750048147057,12.515219688415527,12.479758471249237,12.599509595295228,12.588318824768066,12.482166690566434,12.442505884355425,12.471202850341797,12.455448966620565,12.674591404841632,12.570608139038086,12.485380597483758,12.641826049103246,12.565741539001465,12.481118400026093,12.52211873275069,12.49918270111084,12.438549966667518
12.520887034998584,12.657309565719759,12.545245170593262,12.509784037487604,12.575180379090655,12.502174377441406,12.500519562795814,12.578494682461054,12.507939338684082,12.488555747222135,12.592170427924957,12.514974594116211,12.47552066292807,12.50274291315996,12.514491081237793,12.484074269923257,12.644525416711911,12.500605583190918,12.470567571918876
12.328294703023394,12.49005933028479,12.373358726501465,12.3664618059744,12.38729389058719,12.35024356842041,12.366028743304666,12.37618083271168,12.362405776977539,12.366291952008506,12.355269791621932,12.327280044555664,12.358538477146748,12.35405694593487,12.333588600158691,12.365996179121339,12.42078295750726,12.340231895446777,12.353265254872042
12.75130259456002,12.73777879990619,12.828107833862305,12.693505051863564,12.70326225137248,12.8502197265625,12.69932183334476,12.81929432667787,12.86272144317627,12.697122174767433,12.955500224881545,12.83444595336914,12.733787298415209,12.781261973399182,12.899646759033203,12.734783732854249,12.7109818944984,12.843626976013184,12.712959966632996
11.931642378754141,11.906517064814329,11.8827543258667,11.998928120234295,11.977420246252786,11.923749923706055,11.967729252279955,11.940402094149926,11.972879409790039,11.980849135505078,11.971484347285399,11.876605033874512,11.965409390106437,11.941609855031318,11.892594337463379,11.996003821080658,11.996382426663073,11.927268981933594,11.987824821589964
12.823631142839984,12.689939170737613,12.63532543182373,12.625060959469081,12.704070948963249,12.638729095458984,12.656009796741602,12.692122087381996,12.617417335510254,12.629737359242743,12.638297350518021,12.726972579956055,12.631451243109288,12.738696844383082,12.646382331848145,12.600907314447495,12.6949181520681,12.647025108337402,12.615437058571034
11.872353615355413,11.880769086199207,11.849332809448242,11.828025354387385,11.873454213605129,11.79936695098877,11.79612914977949,11.924639224783569,11.769588470458984,11.818566417552843,11.861197995479808,11.842512130737305,11.83504477479828,11.801115314900711,11.836979866027832,11.859958488806948,11.892706494948527,11.775416374206543,11.793615786893051
11.495789479023493,11.560581414201428,11.563460350036621,11.598169212164368,11.629639538470395,11.516216278076172,11.516058811857427,11.682651458377235,11.498017311096191,11.503274235141822,11.63627353761634,11.531270980834961,11.525056149577681,11.593954563784406,11.5891752243042,11.56456199959409,11.59921892066582,11.576512336730957,11.585806586599938
11.951186847493476,11.972871238484176,11.8922119140625,11.875320611529656,11.820077688808194,11.931023597717285,11.877067242213027,11.8908456867971,11.910529136657715,11.86184078520652,11.824204327368303,11.87424373626709,11.854674114514903,11.831563537559477,11.879888534545898,11.86151196964908,11.914064749660486,11.907926559448242,11.87426866200381
11.951186847493476,12.045579918309251,11.959135055541992,11.979375027659522,11.814404125730638,11.98857307434082,11.95917606519801,11.836535612518166,11.937809944152832,11.949711883178788,11.940460392374508,11.943462371826172,11.951624385447989,11.9608100338922,11.950507164001465,11.926361604636753,11.937338538564575,11.927726745605469,11.959489883924103
11.344518647594766,11.611359143986562,11.247624397277832,11.321897609847085,11.33354072689603,11.199922561645508,11.243699409369036,11.286853623988815,11.183648109436035,11.243530911658052,11.334589989571194,11.232281684875488,11.229999149391903,11.245621193283615,11.241491317749023,11.294657333424794,11.246002253986427,11.24687671661377,11.28913545786177
12.235393555399902,12.277463766351056,12.2045316696167,12.173669607446557,12.16085883768339,12.2087984085083,12.196666857891627,12.22871340905539,12.228607177734375,12.15772770659527,12.249810661081815,12.245454788208008,12.19098877913108,12.205942869318587,12.209874153137207,12.20751247072114,12.227007216757466,12.239592552185059,12.165953223870256
11.58989576532275,11.769623275010156,11.67832088470459,11.774080345798177,11.790434579687382,11.7625732421875,11.786764207225271,11.608081201742754,11.738218307495117,11.771372820787237,11.75353667605653,11.726297378540039,11.80114910523255,11.637594361793544,11.7319974899292,11.726955367600288,11.699839723985916,11.730306625366211,11.819810094254478
12.160033942617156,12.142817938894044,12.170591354370117,12.181149662888233,12.181256928279325,12.18321418762207,12.16749298409377,12.150183460441857,12.176175117492676,12.167608403107792,12.174569050846149,12.15739917755127,12.140533724582088,12.146761716278101,12.157504081726074,12.16490321450773,12.163657289389292,12.16390609741211,12.164290300574326
11.813037464800539,11.81586897771749,11.731738090515137,11.79240829060417,11.73279851774223,11.756234169006348,11.734679520450147,11.841600216196895,11.74889087677002,11.774303192487201,11.831599726101258,11.846391677856445,11.840379924079707,11.773732568969402,11.766010284423828,11.798944277829314,11.754943420574149,11.750221252441406,11.76637622547411
12.765691290604371,12.780470005148253,12.757654190063477,12.716755160569353,12.753042492161377,12.766417503356934,12.724169953582537,12.900183084745331,12.735897064208984,12.70854365686309,12.776854058098106,12.796064376831055,12.751615110621026,12.751138511521532,12.777364730834961,12.718411414896345,12.849570825965257,12.76132583618164,12.737435646652354
11.385103457032141,11.691124945104377,11.392227172851562,11.420312068922597,11.422244897117839,11.396889686584473,11.388935031833787,11.410255748837011,11.418621063232422,11.395091064150025,11.459034965576366,11.390618324279785,11.343965820604723,11.455163257982369,11.434158325195312,11.374655408840283,11.418578700861973,11.392407417297363,11.379617397893272
11.8879382384223,11.927444392662785,11.907888412475586,11.840633086225747,11.778533601493683,11.900012016296387,11.839465780112166,11.778541777716065,11.861312866210938,11.849733158614201,11.807510313604016,11.89574146270752,11.842056261200435,11.861965289268905,11.879927635192871,11.83919617281964,11.824970683295753,11.901266098022461,11.844642724280149
11.91170829631447,11.94867981828834,12.094029426574707,12.035105123498097,12.011321697878634,12.035085678100586,12.030428512767552,12.073722152269243,12.065073013305664,12.014650862057698,12.042728963905041,12.112255096435547,12.081694012653351,12.105346756105403,12.13300895690918,12.035343118313719,11.7278756691286,12.019405364990234,12.029008883939545
11.487617913343598,11.624090966294997,11.856796264648438,11.815484481832122,11.755333229640883,11.817926406860352,11.798051828177154,11.925648848145215,11.863527297973633,11.837082769739164,11.984942297006864,11.806924819946289,11.80670814432714,11.75086607788461,11.795807838439941,11.843675810356759,11.848290609375747,11.864888191223145,11.872917395304283
12.025755079404917,12.010142205067668,11.996492385864258,11.967187219567041,11.950283386063383,12.000471115112305,12.00569786609667,11.987727458073158,12.028099060058594,11.990794331065198,12.112828752948143,12.077871322631836,12.051490909949708,12.052244915601415,12.057199478149414,12.03024205923962,12.064482628413012,12.036767959594727,11.992463453339408
12.19552218463499,12.21964765973104,12.267983436584473,12.239426090131468,11.996929453180327,12.176198959350586,12.178618773631667,12.202416309135188,12.314271926879883,12.218369341936734,12.221910083015693,12.292913436889648,12.23472385690618,12.238062097046969,12.273544311523438,12.222712365618252,12.268327055188665,12.313899040222168,12.242411099862297
12.904209855160254,12.719702975964468,12.893810272216797,12.737587524777513,12.636534260915877,12.806464195251465,12.746223577494652,12.921123460412899,12.975748062133789,12.76174832108445,12.929082919891366,12.910820960998535,12.774839672562125,12.718534207889324,12.886133193969727,12.771673519398426,12.884990291174603,13.057339668273926,12.767173664102408
11.608244735642321,11.697644601703203,11.851912498474121,11.954778560721566,12.022072271883282,12.0032958984375,11.990067880491113,12.01225549399718,11.98032283782959,12.020644352863998,11.82752993380292,11.907442092895508,11.951265854543164,11.82514723585371,11.760932922363281,11.968565268841626,12.039151330901673,11.875652313232422,11.94594444097731
11.83138646878959,11.880003631073723,11.791703224182129,11.779631358825604,11.827885125936454,11.816189765930176,11.788780772073292,11.919617592631669,11.815000534057617,11.8264479641274,11.874628499426818,11.830246925354004,11.839024161798456,11.889086229155756,11.821401596069336,11.84302333657053,11.995192917819514,11.793256759643555,11.793581317409096
12.955129822091815,12.527370267910504,12.823670387268066,12.793554069732362,12.772720151935781,12.805170059204102,12.809651968304433,12.730548900929195,12.778873443603516,12.838085780655119,12.750649965778877,12.748332977294922,12.877417636632163,12.641852795715057,12.760684967041016,12.815487481946025,12.610358705414924,12.842040061950684,12.77207161749456
12.348010479804223,12.369680656087475,12.445510864257812,12.407318675659488,12.378198598613993,12.40095043182373,12.401376957239556,12.389613411241124,12.472150802612305,12.42092759441502,12.398228385330508,12.441551208496094,12.400436701601544,12.343143273218526,12.417801856994629,12.41627737349769,12.331913000585233,12.471837043762207,12.398835144769675
11.767575435251748,11.926668654737314,12.168901443481445,12.249081232477133,12.271199259416175,12.218452453613281,12.287744642758813,12.3676870383388,12.253422737121582,12.329129952068476,12.330229235683252,12.256165504455566,12.279264651217074,12.235799169559058,12.142415046691895,12.27518281242118,12.26772947569319,12.256577491760254,12.274537800331975
12.173037959397275,12.242145444452659,12.220688819885254,12.194822391756501,12.194709852367811,12.222954750061035,12.255081450227978,12.346650399175603,12.23660945892334,12.214562613495875,12.187814238488432,12.221672058105469,12.190007705239239,12.256995149407167,12.218162536621094,12.214437428824292,12.19165738932122,12.246861457824707,12.202310198054386
12.031725210748633,11.988069149466646,12.03149127960205,12.004355183178385,11.885149908362695,11.998919486999512,11.974975115979076,11.99002715788883,12.080078125,12.008813162313874,12.064732049917337,12.029426574707031,11.995650110151388,12.024768551900197,12.050183296203613,12.019413443240062,11.918386381290228,12.094197273254395,12.01416072253944
11.83138646878959,11.590130881543,11.600798606872559,11.615428441314082,11.445603233721357,11.581016540527344,11.581649306092705,11.435532922130188,11.601512908935547,11.593407603210292,11.626299111976232,11.566753387451172,11.614660242115457,11.60589051780523,11.563289642333984,11.608622099774148,11.649478077788281,11.529574394226074,11.625613326662197
12.063938642041201,12.021769948861312,12.035805702209473,12.075399260437095,12.15880964663539,12.114958763122559,12.092189268077052,12.083091101055352,12.083498001098633,12.072315694204466,12.105995142897418,12.063750267028809,12.067061592432717,12.060088124924828,12.074180603027344,12.085300024326303,12.126221505630983,12.073930740356445,12.069329090227633
11.548302261270587,11.728417810172063,11.68249797821045,11.735100525186033,11.886006868093345,11.682568550109863,11.74111438345533,11.882817367286009,11.703519821166992,11.73961000932828,11.784201380605225,11.738241195678711,11.784254645360795,11.704428562063374,11.68077278137207,11.735797797634191,11.699548369204967,11.7012357711792,11.714347830499692
12.013706813470414,12.106925997531155,12.058077812194824,12.008061918000005,12.083153518238277,12.016317367553711,12.011915888864229,12.115048984590244,12.001726150512695,11.980296729630084,12.062933261124728,12.006025314331055,11.996881935846915,12.061190818309449,12.008466720581055,12.001800920375821,12.104130665842893,11.996904373168945,11.992111696159727
12.458778882573533,12.58122941755608,12.40300464630127,12.238044846319072,12.319661777108859,12.325571060180664,12.241826887016927,12.39848513440434,12.367237091064453,12.283450788359144,12.361449180324309,12.426061630249023,12.286772738179964,12.426777326404828,12.428579330444336,12.298750187225307,12.304447665949091,12.359501838684082,12.254462223339084
11.849404844423074,11.874336396565635,11.913862228393555,11.878245212969778,11.935373168190084,11.862288475036621,11.86280974780312,11.893432876740196,11.86008071899414,11.873797470365657,11.870560013844507,11.880125999450684,11.837696652050875,11.933813889112315,11.882063865661621,11.856320872883376,11.862284866684742,11.920262336730957,11.891085851895042
11.908346971208951,11.840968585195474,11.924976348876953,11.950366197225405,11.96687552004249,11.986019134521484,11.961129503242162,11.893529733078699,11.890597343444824,11.927797651899485,11.927375935043992,11.903129577636719,11.930133571486452,11.876369115525911,11.920571327209473,11.945340664893195,11.908450160460701,11.922150611877441,11.93807376853189
11.373674891823535,11.841482643302882,11.378141403198242,11.598462369159426,11.501499288105798,11.608712196350098,11.651763671696118,11.565997391691948,11.633724212646484,11.671596540610466,11.191707144131483,11.52559757232666,11.65016418171745,11.398959451342122,11.496175765991211,11.62128509241185,11.566848638729052,11.436396598815918,11.662506815934146
11.603688960617083,11.469472541818687,11.572203636169434,11.57167599858202,11.652906313693256,11.556246757507324,11.57521782408458,11.633395697589894,11.596662521362305,11.54005297426939,11.694864289269137,11.563878059387207,11.578663526579126,11.530552470961666,11.594930648803711,11.603777272666234,11.611568155980242,11.602777481079102,11.588832059154619
12.827995001361906,12.77103015231036,12.600329399108887,12.66446402190672,12.307292322507891,12.62095832824707,12.64862617395948,12.375429377935253,12.667801856994629,12.533935355223418,12.774784286749552,12.644166946411133,12.561292921524274,12.838364635724512,12.654839515686035,12.635335085579868,12.775678845801803,12.647279739379883,12.566239939094176
11.763691965388299,11.733688754136516,11.791293144226074,11.81775803134831,11.742255137617896,11.720361709594727,11.788764615761929,11.796498528014624,11.800390243530273,11.811986554822838,11.77085732062224,11.781485557556152,11.821739834978144,11.824564029685103,11.807737350463867,11.830485402504376,11.753170457489341,11.790497779846191,11.811709229007695
11.870606902224587,11.709574798926454,11.721901893615723,11.69205026301376,11.60348728287521,11.75859260559082,11.654513144182843,11.673722045566269,11.778305053710938,11.71923986697132,11.688561302410728,11.731287002563477,11.689627141962593,11.722690899596621,11.714658737182617,11.697266765356327,11.663013013312595,11.752923011779785,11.715864091359348
11.979391594635791,11.733789649125061,11.65139389038086,11.769206153663767,11.818530556395851,11.82470703125,11.811695917563897,11.666281109000854,11.689870834350586,11.75976881366675,11.795621194225376,11.76357364654541,11.732383246587657,11.540627666733151,11.724709510803223,11.744005511533663,11.719340194800878,11.718881607055664,11.758233957999456
12.06105265381003,12.255229283869447,12.065720558166504,12.063333811248242,12.165996949397808,12.093080520629883,12.058062497723578,12.086270647884898,12.034154891967773,12.047214713686296,12.13588637376254,12.068389892578125,12.065750742112817,12.093070317044884,12.052010536193848,12.073443924835825,12.102575014079274,12.06609058380127,12.06059641316042
12.560247968016562,12.630060548364643,12.613144874572754,12.610800117495469,12.604359172607987,12.601256370544434,12.649912430446973,12.504333461120206,12.616539001464844,12.639963700194937,12.583926970368744,12.614883422851562,12.644558688954676,12.542347165138185,12.62957763671875,12.650770852974453,12.525465739667075,12.633291244506836,12.66031032371643
12.30592250537653,12.340703723928945,12.262673377990723,12.245133421168191,12.24067836190073,12.201470375061035,12.240001253028478,12.231952719452423,12.23132610321045,12.24420715784213,12.216173887619314,12.250423431396484,12.29564932889877,12.311839769052417,12.258824348449707,12.305801992032256,12.171934640458831,12.238554954528809,12.255694230195516
12.242891437918386,12.201718571711563,12.329543113708496,12.33940094675328,12.42291881471016,12.405609130859375,12.414683830772764,12.435615263123546,12.295654296875,12.301772857754372,12.307642468013514,12.251331329345703,12.33078377228586,12.35075214745132,12.29940128326416,12.336968397405624,12.312944142412578,12.278841018676758,12.292125917539208
12.336556900342153,12.378027807527758,12.295705795288086,12.267053671677285,12.265958506081507,12.255606651306152,12.250702936877103,12.270300771676064,12.31574535369873,12.258583126331192,12.327977294082025,12.400629997253418,12.270362639792785,12.318498012141475,12.274027824401855,12.260854564671867,12.349975164355467,12.297375679016113,12.27750220730068
11.910365121788654,11.95328556972852,11.959440231323242,11.969693787143294,12.024302626355098,12.024103164672852,11.984751713793795,11.99690364278356,11.983111381530762,11.998613641471922,12.043910921791587,11.968396186828613,11.9898433740997,11.9625414365866,11.97512149810791,11.996252584376673,11.908946730381464,11.938264846801758,11.949343650273097
12.879019669789754,12.423192595869601,12.292951583862305,12.272836635892412,12.353520222910278,12.331226348876953,12.288939637943924,12.313981104364924,12.307868003845215,12.301817058720223,12.539037142625935,12.355093002319336,12.309197079872003,12.33537313026372,12.305728912353516,12.300105419520317,12.443347963800003,12.324119567871094,12.276716137565467
12.179220327453931,12.177184146752175,12.078951835632324,12.076178392547835,12.061006482287349,12.067912101745605,12.082318375333777,12.140524315590968,12.075932502746582,12.092330959783395,11.977061604359827,12.093571662902832,12.081047611506705,12.08772999181084,12.079398155212402,12.093931233936727,12.187591925750587,12.085332870483398,12.067540916304061
11.856522261533737,11.923123876701457,11.890945434570312,11.912986844084092,11.92438774532748,11.91582202911377,11.918033978583155,11.902052569772858,11.896965026855469,11.91471267570563,11.909967323773829,11.873407363891602,11.895035704227043,11.910581800885334,11.868795394897461,11.895231112743694,11.948129116066582,11.886859893798828,11.908422792371507
13.534474352733596,12.369007985080737,13.290767669677734,13.223257963716128,12.890226634776967,13.346607208251953,13.268010485178198,13.304112621598478,13.313443183898926,13.2217648525562,13.317750000012436,13.403580665588379,13.272728704299247,13.09682518356023,13.362473487854004,13.26657020121801,13.08909489804473,13.290304183959961,13.217641413782815
12.721888795877375,12.646018419282203,12.548613548278809,12.46893342021629,12.333454046997952,12.467373847961426,12.491290713435921,12.524282111099925,12.529479026794434,12.437179463535227,12.6850628410211,12.536848068237305,12.495269072132759,12.561471142008955,12.4811429977417,12.492845246665734,12.398061322045718,12.524014472961426,12.435562058830158
11.59433032142082,11.673333238326776,11.572070121765137,11.647231832662355,11.472108403609798,11.686331748962402,11.657910740895518,11.519154243168384,11.53752326965332,11.624586935498995,11.602194794311723,11.59182357788086,11.667570171319941,11.570094461238153,11.595852851867676,11.65844428966088,11.60441932498026,11.586867332458496,11.662404767638499
11.860062063178267,11.75038793394967,11.750677108764648,11.772805041278076,11.78949248913313,11.76064395904541,11.764067628485671,11.663538482609315,11.756836891174316,11.7536201397082,11.736197939224969,11.818495750427246,11.847428795861875,11.79040324240574,11.792509078979492,11.808337291456251,11.751863515891458,11.691641807556152,11.769924400088234
12.07824495582233,12.06958883294961,12.042555809020996,11.979743271335561,12.104333958001574,12.029398918151855,11.959892169785023,12.043565641033249,12.032039642333984,11.978421260618621,12.068026949168136,12.046768188476562,11.969985845788711,12.092282184715861,12.040853500366211,11.967198845659127,12.07893187164488,12.05616569519043,11.971938643511102
11.39640288460621,11.48715371936137,11.481290817260742,11.452125696867748,11.22672319402022,11.360013961791992,11.392418702800704,11.299757591877523,11.399131774902344,11.34733310703553,11.37645279892804,11.389862060546875,11.438363962074927,11.538607413925316,11.446548461914062,11.433734774766934,11.443938840785888,11.466586112976074,11.427788400728183
11.724004532183379,11.879286702984833,11.789145469665527,11.717724721032015,11.81821742794732,11.611895561218262,11.710338211249681,11.727435211596246,11.666327476501465,11.69669222991469,11.765822835593571,11.7843599319458,11.784084843110985,11.747418083343868,11.744842529296875,11.755240739197776,11.806295431212481,11.74825668334961,11.738824383046104
11.83863282480007,11.772581174236652,11.767430305480957,11.757987267507003,11.730839803837554,11.803426742553711,11.702001182399695,11.826916451171117,11.833276748657227,11.732136582365559,11.761354784821828,11.763725280761719,11.746696534902426,11.878503236708552,11.811206817626953,11.740218304904987,11.820523558839273,11.801582336425781,11.722635502082218
12.185875040240456,12.198469675763715,12.1398286819458,12.20984747622221,12.139271908458463,12.151327133178711,12.17368906082286,12.214278497678276,12.087533950805664,12.200353217023695,12.121194271838544,12.10794734954834,12.184646297825799,12.104850237439784,12.090193748474121,12.156568823655558,12.30412814710433,12.101405143737793,12.20122205848688
12.652362948153474,12.690592082813,12.674163818359375,12.664122431363158,12.708547261643044,12.63523006439209,12.623714762037908,12.70660395838321,12.624831199645996,12.611462494464853,12.603256067471854,12.658211708068848,12.619541085592383,12.580220088755938,12.640701293945312,12.627687264840674,12.595351095854207,12.608503341674805,12.657779389529683
11.849404844423074,11.838654875524181,11.95694637298584,11.971110278594711,12.03824218389698,11.921993255615234,11.93407362539765,11.904320592225512,11.899991035461426,11.951021502508057,11.918913335426858,11.93968677520752,11.949029096249987,11.825504401180064,11.949850082397461,11.970907301153959,11.841841869785128,11.949012756347656,11.94849274125099
12.799178471909892,12.883644335452034,12.699085235595703,12.638323072785981,12.629857061805444,12.620702743530273,12.621003077740278,12.7006775692462,12.657787322998047,12.600127538128168,12.60467163199867,12.627612113952637,12.600622565627035,12.94200979494681,12.691763877868652,12.629893859152425,12.72025505294167,12.650965690612793,12.635091163791863
11.849404844423074,11.824062840718987,11.962520599365234,11.951219709079085,12.007572219690976,11.931639671325684,11.910763056370198,12.073539716930965,11.93555736541748,11.919530858510953,11.940570457121694,11.876396179199219,11.802524918481804,11.869744356485471,11.883617401123047,11.821235931952138,12.046916633930241,11.945505142211914,11.91479690046576
12.269052139516223,12.311637650001071,12.229591369628906,12.22850168989945,12.274577440445208,12.244745254516602,12.239004370742895,12.252981135224745,12.263261795043945,12.236617203506961,12.259423920806118,12.221261024475098,12.239144348143954,12.278128885203,12.23629379272461,12.239151191557557,12.228278030992913,12.232950210571289,12.240586626757036
10.915106645867503,11.752725087195508,10.984557151794434,11.218895306191722,11.243228628722179,10.908660888671875,11.10380216621644,11.230847583602301,10.985749244689941,11.1932074421104,11.368529674982277,11.0607271194458,11.168391420260713,11.155742716153629,11.016656875610352,11.250323669674701,11.314633862511107,11.081341743469238,11.223845801056713
12.618185607609803,12.261449391356955,12.598054885864258,12.525239953886574,12.472224832502885,12.510420799255371,12.51743845847367,12.316865539656625,12.63481330871582,12.51604306391068,12.135966465444847,12.558000564575195,12.512289512424378,12.064524778839854,12.603073120117188,12.549250582229373,12.290094861794753,12.637176513671875,12.581717022327306
12.445093483000798,12.214983619712942,12.269399642944336,12.305549897156,12.1903659231137,12.275629043579102,12.31663899543832,12.379398306202981,12.28372573852539,12.306949591222784,12.373657377658699,12.280135154724121,12.287700446812236,12.309838357390474,12.276816368103027,12.289737394038292,12.38325844165088,12.286286354064941,12.312841803726029
12.09815887308463,12.162409612053139,12.102133750915527,12.076457292371972,12.004303731302935,12.107666015625,12.049676438729055,12.03562008033401,12.092669486999512,12.069276374336463,11.98458324107171,12.087803840637207,12.051395827091206,12.060512467798503,12.079740524291992,12.067420562472732,12.041405534324872,12.126385688781738,12.073035468054204
11.60733523953139,11.625250632637718,11.67451286315918,11.643918837856555,11.579108682378964,11.658369064331055,11.64730142311411,11.651871899552052,11.689431190490723,11.659854169250142,11.68652212373781,11.642677307128906,11.642135513591988,11.66969642798742,11.64359188079834,11.6488534507464,11.74600179060765,11.699264526367188,11.64765309352501
10.859018228147887,11.671540715476235,11.267714500427246,11.324568748659626,11.487405368808345,11.201910018920898,11.23304361704241,11.210553206242327,11.200665473937988,11.212702629848872,11.147437106192998,11.205220222473145,11.219604997612402,11.33012504079066,11.253079414367676,11.264805014894034,11.201407479225029,11.295958518981934,11.294240167996353
11.54031687156214,11.803501074749075,11.48508071899414,11.604697729527139,11.422102460281785,11.460099220275879,11.59386932342353,11.338932912300308,11.402178764343262,11.592859721679252,11.291010986943256,11.397927284240723,11.585224246964605,11.591128540601057,11.447636604309082,11.598149501620885,11.51077148656471,11.55466079711914,11.60071127976366
12.149507585033072,12.263625129804412,12.182378768920898,12.181377441777192,12.159050968945731,12.200407981872559,12.141343327346048,12.063227714946619,12.15829086303711,12.181015867272137,12.095364886352254,12.129666328430176,12.137768760753838,12.063484317632918,12.139325141906738,12.15347338514051,12.135153854213247,12.169262886047363,12.161982339540543
11.767575435251748,11.830394134960246,11.671806335449219,11.68153644602135,11.648075693023367,11.729728698730469,11.738360732499439,11.87293532551503,11.737295150756836,11.741920574618652,11.766155986017164,11.724039077758789,11.765302739494423,11.686740985120824,11.589773178100586,11.654400807854419,11.875807695017945,11.624090194702148,11.652987038027268
11.779136168550774,12.05489309849452,12.115829467773438,12.093573094076147,12.143916579506254,12.06452751159668,12.07175368866261,12.022991359178812,12.147768020629883,12.088531357367344,12.111153608289943,12.092503547668457,12.090990521926475,11.993241234870604,12.038778305053711,12.096268552704627,12.152616215847875,12.09048080444336,12.088957890926435
12.013706813470414,11.938685359693045,11.896649360656738,11.949529162300264,11.921286920875781,11.90353012084961,11.926841547429728,11.946854901270239,11.902558326721191,11.974816910562483,11.91570207971645,11.868718147277832,11.926216125567406,11.955454949741842,11.901017189025879,11.956806219165085,11.86730755545029,11.906363487243652,11.938727945704054
11.979805470779858,12.01698281664903,12.326770782470703,12.335858121961945,11.817526614342572,12.282777786254883,12.320424615945559,12.0878752447246,12.25896167755127,12.337146323721123,12.431692199485536,12.317973136901855,12.37722656339351,12.389415327705352,12.352080345153809,12.389866377920574,12.238519574347114,12.345476150512695,12.337637644356262
11.964007453736912,12.031745423086454,11.986539840698242,11.9559056640921,12.105649921891217,12.002748489379883,11.962150977140038,11.985747273373125,11.998138427734375,11.96193794344373,11.986386810861859,11.983959197998047,11.977567360029228,11.890086258992609,11.95450210571289,11.971216640389287,11.993132299854327,11.992391586303711,11.983185336988262
12.739640688812674,12.673853325891601,12.609906196594238,12.612717170833218,12.755748565007696,12.634247779846191,12.587233097698546,12.600131371105832,12.591939926147461,12.571735941550179,12.548740975291798,12.658225059509277,12.564118596162677,12.611141539672884,12.625211715698242,12.57351048025894,12.655225217857515,12.610133171081543,12.598397634678246
11.763691965388299,11.80956207677475,11.808561325073242,11.768603622524429,11.734024245051017,11.789320945739746,11.771780860800217,11.726106092884068,11.78235149383545,11.763843254814685,11.790421489859726,11.78508186340332,11.773203623429733,11.787057352558229,11.785109519958496,11.764757833441752,11.830875303896228,11.778730392456055,11.773833191494047
12.524530013005734,12.37581525499699,12.460938453674316,12.517834882659374,12.382363944851656,12.456089973449707,12.470386921599237,12.406876280657572,12.435256958007812,12.514895561770459,12.48369832901889,12.4839448928833,12.52135144910318,12.358167570129911,12.457738876342773,12.504005531527845,12.442741687524306,12.42202377319336,12.512928585718312
11.870606902224587,11.870435369520823,11.863449096679688,11.888666267247286,11.8736399154777,11.885774612426758,11.87721698613311,11.859333821902512,11.880078315734863,11.871340634284689,11.82700406928069,11.844257354736328,11.881383082879378,11.84805649636824,11.862268447875977,11.880766279182579,11.833140514515408,11.857324600219727,11.875871877216156
11.732069026983156,11.64962359687962,11.67253303527832,11.66645784610666,11.62324566879352,11.632861137390137,11.644797608024795,11.60073315416368,11.614246368408203,11.640223298226521,11.683165837357304,11.665345191955566,11.645171314063571,11.664174246094642,11.651091575622559,11.646389200963846,11.660343343687408,11.650699615478516,11.63488877284419
11.813037464800539,11.840031124658806,11.7547607421875,11.740672106726953,11.750651226757192,11.67742919921875,11.712228982611652,11.68785976759269,11.652353286743164,11.703205293324288,11.810394415342248,11.834113121032715,11.705697938655046,11.807626570339202,11.79114818572998,11.733772282775652,11.70127867264195,11.704833030700684,11.715441660203469
12.676079399771027,12.653776008769574,12.702723503112793,12.674136652335292,12.633311519557328,12.714119911193848,12.679974080985346,12.629812044219356,12.724469184875488,12.685628827675847,12.607802337018544,12.649580955505371,12.655780618542982,12.56092893859562,12.685226440429688,12.673663589491111,12.758162378114669,12.73188591003418,12.674361403536283
11.699413330633599,11.728632219333015,11.657246589660645,11.672681379422789,11.622987324245681,11.623682022094727,11.637052382552984,11.659503094163268,11.690650939941406,11.651569326717558,11.645036657540599,11.669659614562988,11.655880026113595,11.597539739880936,11.634714126586914,11.626982441060788,11.622619223506135,11.663183212280273,11.665930717088308
12.310437165348775,12.431981780170405,12.282937049865723,12.21796910614135,12.237251554676895,12.193803787231445,12.184430491512007,12.379918319852587,12.205825805664062,12.224932595422555,12.383148360353323,12.364982604980469,12.238286269745767,12.486186066864839,12.323728561401367,12.183945622899827,12.29606187142505,12.26516342163086,12.197266311548965
12.178192583415596,12.149710839504909,12.171263694763184,12.168094018482435,12.247311756288397,12.226153373718262,12.184234569815011,12.24082152518358,12.225494384765625,12.1757687917866,12.12569747859075,12.160324096679688,12.194238055212317,12.17042956100813,12.199119567871094,12.186419803784103,12.207508665280804,12.209468841552734,12.173855799727134
11.608244735642321,11.90582096619557,11.868965148925781,11.818741613368735,11.834397221814942,11.818536758422852,11.832809825735659,11.825660716451008,11.803035736083984,11.844529827475876,11.822962831587423,11.843091011047363,11.836466601989425,11.824658856493217,11.867475509643555,11.878110251998887,11.869707697014292,11.886590957641602,11.844150577491938
11.542493975902508,11.54632401853608,11.52914047241211,11.535008714247834,11.438281113839036,11.504692077636719,11.577051462479208,11.273160714297296,11.462091445922852,11.593307996851147,11.401327512780478,11.543695449829102,11.60532198859495,11.541460933804265,11.57491397857666,11.557425303009989,11.47416499567641,11.514561653137207,11.552920804129439
12.373707715234994,12.428454614031425,12.448962211608887,12.484980699207783,12.462061470484413,12.469223022460938,12.49288105494453,12.442499334571682,12.474000930786133,12.483280997090029,12.46393717075744,12.412104606628418,12.470335981364636,12.296536113475435,12.465312957763672,12.488547330983797,12.496050730872536,12.459004402160645,12.511412378771123
12.141539457711714,12.212334429336055,12.137182235717773,12.138159357109364,12.021974974895151,12.070881843566895,12.110239725456097,12.177132415447069,12.118134498596191,12.112423723828487,12.040870173751713,12.054201126098633,12.101955668419757,12.081322757022956,12.045561790466309,12.120782396831633,12.103467735874018,12.115615844726562,12.116814043849464
12.312686874960354,12.371314631985465,12.409192085266113,12.397951319095428,12.323625687709248,12.399589538574219,12.397872306169425,12.368988523488397,12.421195030212402,12.395267902833496,12.330940435692437,12.395506858825684,12.396706024803244,12.29462194634824,12.388786315917969,12.377147027980397,12.331918262283228,12.396371841430664,12.372956164106737
11.786008995353765,11.81910339385687,11.797544479370117,11.810853427104064,11.83541102894139,11.818367004394531,11.790290896922269,11.780720203034111,11.816598892211914,11.829829260135506,11.816856248627138,11.838638305664062,11.800185328989302,11.826895046807739,11.817282676696777,11.784907215267008,11.787103519785031,11.805025100708008,11.821399716931673
11.58989576532275,11.530860712534487,11.602352142333984,11.671442978190365,11.711189855629856,11.676856994628906,11.682589557759925,11.674061716736812,11.691183090209961,11.67665975751026,11.45017360200217,11.598861694335938,11.66604445356308,11.745607496022995,11.65920352935791,11.692732027698082,11.658281064787657,11.654574394226074,11.68297244684887
12.001511614739405,11.900617419129551,12.021974563598633,12.01441782169278,12.196429150657645,11.995145797729492,11.983861132747434,12.065775517550117,12.0252685546875,12.015131407032365,12.155049276680714,12.050515174865723,12.052770752528913,12.127661841884498,12.020758628845215,12.031827596231036,11.961264542833163,12.083309173583984,11.994896203543794
11.445727410406752,11.74385588622483,11.358799934387207,11.408957253384534,11.38953329044099,11.386553764343262,11.44431788381503,11.377859167206896,11.372491836547852,11.439959305964615,11.334198264585133,11.375699996948242,11.427939115764964,11.332088006889343,11.350224494934082,11.41283208284897,11.283814981133908,11.365633010864258,11.413233544783726
12.3879816172226,12.354670112190993,12.399165153503418,12.381924842580634,12.30137130762239,12.3268404006958,12.410638543776102,12.291247135495107,12.381342887878418,12.365035901897553,12.323375101718,12.342694282531738,12.36369928367572,12.320640665639198,12.347360610961914,12.365890105307358,12.240998004879556,12.368926048278809,12.376444985709332
12.095146671399466,11.829545437496602,11.79019546508789,11.81182957550382,11.73231059753428,11.835163116455078,11.836764452589792,11.982966120891897,11.834559440612793,11.817301797779836,11.777239720194745,11.816818237304688,11.885368379127563,11.744025817794054,11.853785514831543,11.83160146007071,11.923930805943478,11.828736305236816,11.805304254491308
12.154784614286667,12.145897616402996,12.177204132080078,12.239783208043336,12.210945762221822,12.190436363220215,12.256146213385804,12.192992356802757,12.17975902557373,12.233230299063205,12.178643125753295,12.156292915344238,12.23187854398966,12.176544497955412,12.179615020751953,12.245185308991251,12.208541660545386,12.17111587524414,12.243116559331279
11.790564777297387,11.799189491976023,11.781179428100586,11.742677720121662,11.774582456835553,11.736422538757324,11.705272732513327,11.72769065475984,11.696364402770996,11.660886054886129,11.6437752479927,11.85768985748291,11.842924262001508,11.715624410033252,11.797779083251953,11.80461486822765,11.862370378644862,11.798486709594727,11.702399886178911
11.863589378812122,11.827086570451392,11.815438270568848,11.754701119591893,11.722181834193593,11.799293518066406,11.764208019799636,11.649380996382334,11.768843650817871,11.765598763571711,11.90319680666046,11.794313430786133,11.763070118888447,11.882756831278902,11.804008483886719,11.761881821792235,11.861789002201558,11.82469654083252,11.788767912929798
12.095146671399466,12.064437275066892,12.107017517089844,12.12919437014881,12.071268584816602,12.09368896484375,12.153376105747501,12.08240223641589,12.092021942138672,12.145710652983588,12.115182624865314,12.149125099182129,12.147813835978617,12.108490899927752,12.131054878234863,12.146474580812315,12.038650815404853,12.118805885314941,12.159538225821235
12.07254696717504,11.935674402253246,11.981727600097656,11.996138276256469,11.899066006057211,11.956331253051758,11.935379854537151,12.006777789001411,12.027302742004395,11.979401017083477,11.947344414456637,11.883489608764648,11.93152552628425,11.973275443229678,11.935036659240723,11.940112134424188,11.926114568133128,12.030187606811523,11.973530350617095
12.100717685412471,12.268553244409519,12.21445369720459,12.235233364289192,12.25198338940714,12.249258995056152,12.233718944199875,12.264462225592172,12.218213081359863,12.248018301334524,12.252513677223739,12.230260848999023,12.241313659488204,12.235385407650298,12.222758293151855,12.244896764520716,12.238092511074647,12.19991397857666,12.2468020615564
12.61087420020211,12.516074294700465,12.703169822692871,12.643394461608052,12.670743773727146,12.68614673614502,12.654541932602822,12.72001851100754,12.635881423950195,12.6793362627504,12.381391543428087,12.591137886047363,12.596754354122027,12.59226680373833,12.610374450683594,12.598481379878033,12.612820509286564,12.670523643493652,12.677946655224405
12.371591321286905,12.384231424710425,12.359312057495117,12.396594390515792,12.450843168592527,12.403145790100098,12.400032545587452,12.391975440058724,12.382868766784668,12.383111515937197,12.376256573366327,12.390829086303711,12.397579898523242,12.374135282565025,12.370966911315918,12.383711185710439,12.417180934651821,12.387354850769043,12.381978124897854
12.491176396967154,11.867824967071266,12.4319429397583,12.452139380277655,12.412979475479764,12.354016304016113,12.436540872965129,12.408720212376876,12.477182388305664,12.453442692695502,12.1580199154348,12.376893997192383,12.438052998736486,11.95510398796364,12.412836074829102,12.445062362795836,12.059783177972555,12.42336654663086,12.363329078853157
12.469978029554953,12.48496823149635,12.35789680480957,12.374985528294626,12.300461187863862,12.378029823303223,12.356251248718536,12.334793091439579,12.373775482177734,12.351567604963032,12.345997394743039,12.335515975952148,12.37120085979593,12.396458982629625,12.348655700683594,12.368527318616646,12.27971827289129,12.38968276977539,12.36373986206206
11.49273296168228,11.748478717989688,11.335907936096191,11.529583710838608,11.54043573123392,11.527349472045898,11.577569781301134,11.563454592895146,11.400781631469727,11.513849937190987,11.727751777620117,11.389617919921875,11.554039627097191,11.470322710185787,11.224937438964844,11.473198877380927,11.605055046521557,11.426155090332031,11.537884853392633
11.477308649967686,11.514648525471847,11.403881072998047,11.40371737773953,11.448505254314451,11.354496002197266,11.381034127764028,11.411336076460165,11.341794967651367,11.36680551096466,11.296673627036363,11.404131889343262,11.41565661459143,11.660113987289266,11.436620712280273,11.398254779922905,11.458994380281558,11.401907920837402,11.386356644631269
11.995357787034976,12.005947334839792,11.976783752441406,12.066514304608429,12.016808398775897,12.049445152282715,12.051791563735252,11.966388769069784,12.014391899108887,12.057425223031968,11.9967335560917,12.010957717895508,12.046981896006786,11.983871939199233,12.006747245788574,12.039857627462233,12.00577692261172,11.99650764465332,12.060873664050064
12.28765724080691,12.22502932000479,12.219844818115234,12.151557193395329,12.293732215304857,12.17658805847168,12.154925924550069,12.259553274876366,12.177511215209961,12.139947049793891,12.206636864738881,12.231171607971191,12.138277425341142,12.229411642062901,12.212246894836426,12.146548137952212,12.274492234819101,12.204005241394043,12.149112311704197
12.526346537332584,12.495480471454096,12.545984268188477,12.53719336587846,12.49203935116194,12.552353858947754,12.524303780848676,12.540837066511243,12.516357421875,12.534727737179887,12.506360356786258,12.530052185058594,12.567047148909477,12.542854921383544,12.525822639465332,12.537418219716905,12.461373714923422,12.518706321716309,12.549982438467417
11.957617696467539,11.932244156460996,11.899538040161133,11.856329786867585,11.9492177022996,11.878000259399414,11.861894831391753,11.975757476969461,11.886807441711426,11.861798714683765,11.922690929562938,11.895474433898926,11.874779986876238,11.950948568775797,11.928072929382324,11.893614633774385,11.913075309592802,11.919358253479004,11.864329414034252
12.058158312538197,12.011812917459743,11.937891006469727,11.98953961673487,12.089050727240737,12.012739181518555,12.006401114173373,11.978011376356037,11.990307807922363,11.988030722756244,12.008470010155328,11.98810863494873,12.033452481098502,12.00178469007334,12.005823135375977,12.03141473118359,12.180288403300716,11.990374565124512,12.014054890742324
12.264346270624157,12.219243892188548,12.259971618652344,12.302018207234836,12.320230860950682,12.296798706054688,12.287511626217146,12.291363077068837,12.291677474975586,12.314336982527628,12.2422349686663,12.278653144836426,12.291959237397872,12.218737349353194,12.29611873626709,12.304241835986717,12.307805110008278,12.277627944946289,12.330490856775539
11.97603664577121,11.83124745443546,11.894221305847168,11.962834323202015,11.880507881188903,11.956579208374023,11.944931752772627,12.01314946918475,11.98976993560791,11.9728233341295,11.946626974308348,11.880111694335938,11.960364250134663,11.874102948421458,11.901165008544922,11.984153001808078,11.940547386150527,11.939486503601074,11.996831019483198
12.097378802727306,11.976027782822209,12.037237167358398,12.004106536744299,12.070047214718953,12.074127197265625,12.030117077821153,12.043660195033354,12.035945892333984,11.984423103019074,12.076582681623034,12.081944465637207,12.013411046106262,12.011108039703615,12.066046714782715,12.0290639188997,12.0657634890657,12.069613456726074,12.010220883601976
12.577639650232573,12.529489806159688,12.666366577148438,12.636531715064567,12.59257176385428,12.60839557647705,12.6473252983094,12.474140885331282,12.644688606262207,12.61249091341779,12.65179629475854,12.642497062683105,12.617700823633427,12.528364067342862,12.651491165161133,12.609166425235374,12.603004526372652,12.674203872680664,12.643692128992589
11.755879486687116,11.651370186026178,11.736577033996582,11.694155757322905,11.733909403054318,11.705178260803223,11.659797898586701,11.818657979142754,11.736289978027344,11.69776152796299,11.852616389267144,11.702841758728027,11.640245462656171,11.75897390952645,11.717105865478516,11.67786831705243,11.819346400902276,11.752828598022461,11.702702477379379
11.51293546492023,11.689268636574958,11.684361457824707,11.75573979432598,11.764176126637498,11.736312866210938,11.732839560405607,11.626648477254294,11.766858100891113,11.698679890633358,11.638518738131046,11.695813179016113,11.771683640201777,11.584576047738487,11.707201957702637,11.727394484964135,11.569264825618726,11.649662971496582,11.707139263773792
12.279327754099118,12.046809796331704,12.198326110839844,12.18770450737556,12.176895744220325,12.217422485351562,12.18850212107124,12.180446064835905,12.17809772491455,12.178743441963295,12.170699693486952,12.203167915344238,12.187225219710564,12.1718395329259,12.228675842285156,12.205676913955456,12.197158521528731,12.23255443572998,12.187429228116722
12.727841176689147,12.722479844460452,12.672538757324219,12.664701999244613,12.746401761754582,12.699337005615234,12.665320410327517,12.637100784336724,12.671748161315918,12.655927919726068,12.692469785650504,12.665818214416504,12.667828861739197,12.696011920722496,12.664831161499023,12.664555124054624,12.702900993274536,12.702470779418945,12.689487240800025
12.506180941677357,12.141464939046818,12.424784660339355,12.308130585516402,12.363234265180008,12.382720947265625,12.300158998147088,12.452087874384022,12.356208801269531,12.290993738417212,12.378076227237969,12.379508972167969,12.322417006366901,12.370653776710204,12.463458061218262,12.312260829579204,12.298693668362311,12.336268424987793,12.305744907719763
12.484208043148733,12.50156996573008,12.500158309936523,12.46439755593226,12.447557391559377,12.507486343383789,12.524471885123315,12.3636832719089,12.518280029296875,12.450883881372125,12.502994320841811,12.551281929016113,12.501444403436187,12.427621755204804,12.530004501342773,12.484919856760188,12.38922823995104,12.551136016845703,12.463713424099407
12.188422799337028,12.148919003224965,12.134469985961914,12.165375787295803,12.134144896831144,12.184758186340332,12.196003115561794,12.078716668359032,12.142831802368164,12.169359540390719,12.166325678363446,12.143821716308594,12.166104289420513,12.205356729958924,12.155162811279297,12.160104361476796,12.150163822731216,12.14980411529541,12.186625743322042
11.982935344196433,11.996579214322665,12.063443183898926,12.026902513723906,12.065142789631453,11.999311447143555,11.97299990204163,12.051886667241138,12.031627655029297,12.027700846069132,12.09031926997013,12.066422462463379,12.029176165707149,12.053495923882442,12.071613311767578,12.061740501218338,12.11769323500849,12.07710075378418,12.061096713647517
12.28690580994122,12.342892460346615,12.293218612670898,12.339363214176046,12.264437877006506,12.377068519592285,12.358104192614686,12.498813163915363,12.291299819946289,12.355751081009114,12.358470176725756,12.322613716125488,12.342608541663619,12.358269998636693,12.281557083129883,12.29541355286404,12.32671124013375,12.28807544708252,12.338708832624125
13.195615697878253,12.393857938814211,13.02628231048584,12.847475428156082,12.790549121380854,13.042049407958984,12.84405928215436,12.780412290362635,13.070704460144043,12.868990132595805,12.026637145214247,13.097504615783691,12.894696237245347,12.029534264130728,13.106910705566406,12.891217326149972,12.816614616583257,13.056173324584961,12.852617641557039
11.812296455066814,11.827826892180052,11.792497634887695,11.834330245698732,11.7602459989543,11.79237174987793,11.838226220495043,11.714074020829052,11.770421028137207,11.826737018014848,11.795656948683137,11.789539337158203,11.819529921777638,11.725023816428124,11.79623794555664,11.826677264358334,11.796944687837442,11.807093620300293,11.816369538719126
11.532737896139919,11.624447108799659,11.691707611083984,11.700689555495584,11.756435169202295,11.69546890258789,11.695391646621642,11.614788335043055,11.700079917907715,11.70796848201559,11.764569574125055,11.7250337600708,11.719082103267569,11.775830939365191,11.735444068908691,11.69494056482066,11.720922306759977,11.676776885986328,11.69302839654989
11.580593459194764,11.833093404576633,11.891735076904297,11.885454592857041,11.997701716041878,11.920205116271973,11.920297913416615,11.941580997725055,11.928411483764648,11.909339440689147,11.920964538436365,11.922042846679688,11.91075078316856,11.901907576356987,11.886417388916016,11.894752376797882,11.946447295397052,11.881430625915527,11.897640970414214
11.648338835562747,11.65701480920716,11.72276782989502,11.721857540432186,11.750119359940316,11.75512981414795,11.709450976090336,11.727462139441542,11.752440452575684,11.724700528288148,11.612930573621874,11.7107515335083,11.675137447845161,11.618497184601116,11.682151794433594,11.714678222900607,11.667077763776353,11.73621654510498,11.717966386718539
12.886643575525625,12.502678334133332,12.61792278289795,12.6455799284981,12.636472962953759,12.609163284301758,12.682117228608965,12.569851140368664,12.508078575134277,12.635625092909358,12.493722336407362,12.5991792678833,12.655946360878886,12.478605451294582,12.572389602661133,12.602140006547979,12.54806440321619,12.533649444580078,12.61685442436583
11.995357787034976,11.984293755389894,11.973434448242188,11.985812981950263,11.97089827803187,12.003859519958496,12.007962285056697,11.973421409905367,11.967585563659668,11.983156613813797,11.975276826152509,11.999520301818848,11.975840179708525,11.950451224914257,12.007716178894043,11.975744622950447,12.031519679013101,12.002346992492676,11.981345321082344
12.308182383129823,12.350847905497767,12.30189323425293,12.32592976681277,12.344977485221087,12.27428150177002,12.360490705735538,12.368751169986762,12.27714729309082,12.331011260695158,12.378883641660336,12.311625480651855,12.352693950993174,12.257276629702593,12.306238174438477,12.335324427102318,12.347600475087873,12.291193008422852,12.359297183868412
11.86710429621008,11.786238797144257,11.869181632995605,11.870554063650138,11.843947752652397,11.799354553222656,11.769849640391321,11.820022666572882,11.889644622802734,11.85409244353968,11.8336625692126,11.822897911071777,11.82330375224379,11.832283213483718,11.823369026184082,11.82087273844615,11.8003176642273,11.865986824035645,11.862797027321225
11.87757552297847,11.761062447674776,11.83696174621582,11.900341733147268,11.83761476583315,11.939016342163086,12.022848661209979,11.856092200297871,11.839971542358398,11.928815740204396,11.921194356318638,11.840465545654297,11.93004154944981,11.762844209323664,11.8722562789917,11.906174235686963,11.93182935679736,11.83858871459961,11.895188884877202
11.813037464800539,11.879680067198626,11.883800506591797,11.913148859099854,11.899828633501425,11.917983055114746,11.926728678771081,11.890778013624493,11.858320236206055,11.923399830159832,11.986109572214765,11.925027847290039,11.939249767103467,12.008085121470193,11.930742263793945,11.952216367472039,11.917441929898912,11.871916770935059,11.914470227273348
12.07824495582233,12.029044847424553,12.095586776733398,12.087634271248502,11.959001466859808,12.049220085144043,12.055354995847921,12.027628094835695,12.051612854003906,12.076103080515974,11.976557631016039,12.04372501373291,12.072668191857256,11.982138501110107,12.084911346435547,12.090073904180736,11.979783579935887,12.095975875854492,12.094773377259337
12.077676615757813,12.048328033926024,12.07302188873291,12.095217042706595,12.063754085806536,12.109026908874512,12.114731314392094,12.056992742675892,12.11922836303711,12.09967719195978,12.080458853264979,12.068976402282715,12.06795389556773,12.07005628630783,12.072830200195312,12.052551934997842,12.131728356742471,12.062470436096191,12.064966369314122
12.139403856983334,12.174194561278675,12.171781539916992,12.189028509110294,12.185099564027162,12.163359642028809,12.145240416571953,12.173531703357106,12.176959037780762,12.179873309382,12.221361536118424,12.175642013549805,12.187701067307366,12.225606055603174,12.172347068786621,12.179328980095772,12.182113691949732,12.153018951416016,12.17200371536552
12.016732516077072,11.947628698995956,11.942134857177734,11.93615606742951,12.021280025701314,11.976784706115723,11.948418947454483,12.098837909372056,11.92088794708252,11.929110399581072,11.916630107655301,11.905485153198242,11.914316067086666,11.95968128800502,11.904986381530762,11.926207936181527,12.024226729936629,11.941495895385742,11.935469880556772
11.759793355371237,11.818436466260593,11.829492568969727,11.787442349612954,11.871443073683537,11.864912033081055,11.770247238599122,11.752587151668878,11.892568588256836,11.77311816629256,11.685625436355812,11.743363380432129,11.81746498427415,11.847022965244083,11.750969886779785,11.7466631792126,11.799897792193738,11.86920166015625,11.796242810658994
11.992266613576142,12.079416978809913,11.986522674560547,11.979291636270228,11.915205487434909,11.97400188446045,11.984959884645102,11.952408662679803,11.924078941345215,11.998151878068569,12.060296745489403,11.92708683013916,11.959523912931411,12.144351978530892,12.0166015625,12.008535939982464,11.935541047256512,11.93196964263916,11.971668101631213
11.842236406331555,11.765197879606486,11.750774383544922,11.812235766957118,11.812936038379963,11.75163745880127,11.793788499463703,11.755607192643858,11.762238502502441,11.79942271635764,11.718692388353851,11.809700012207031,11.816000076280721,11.56241893180835,11.724321365356445,11.81506625605355,11.598189934031748,11.71484375,11.7918535481676
12.358798024384122,12.35068275128238,12.33873462677002,12.363868871625897,12.333986232770954,12.362265586853027,12.346900138037695,12.391426241401263,12.358373641967773,12.35329808101738,12.364954864452638,12.343902587890625,12.349891908271971,12.411940712664588,12.330388069152832,12.338295343903342,12.34146253721435,12.369399070739746,12.362442046712106
11.588969419043872,11.625913229861556,11.623412132263184,11.620975372173392,11.634861820385076,11.685869216918945,11.683381095692623,11.68258755745187,11.5916748046875,11.624936526006552,11.65948825715967,11.625914573669434,11.64716713034717,11.636110339719453,11.643906593322754,11.642755899527021,11.616527265835753,11.60886287689209,11.635006988789945
12.141539457711714,12.204214006090456,12.23543930053711,12.19759079003609,12.171963109822181,12.169567108154297,12.189229128772004,12.222857599461044,12.22600269317627,12.222959627662103,12.405005266665285,12.273894309997559,12.290353333813187,12.250594377904635,12.297319412231445,12.318061143280383,12.176992232822144,12.239005088806152,12.21645875969256
11.984184555794167,12.056207814168134,12.058072090148926,12.038737318618459,12.087164185136118,12.066224098205566,12.018240813262935,11.976861553814302,12.042366981506348,12.017080618369043,12.020263490764576,12.026893615722656,12.010871211539358,11.987365435964348,12.030229568481445,11.992516823964959,11.97007343201908,12.037392616271973,11.99463306912484
11.896833207128452,11.967752716522217,11.949581146240234,11.941964802925266,11.88135032159704,11.9556884765625,11.902798607465332,11.963132930655723,11.91220474243164,11.93192852084847,11.937773887343656,11.906222343444824,11.934697940443954,11.870658007468379,11.898687362670898,11.938223700725601,11.924906151877071,11.913578987121582,11.926146015928612
12.505402864156405,12.47573339179974,12.360132217407227,12.350591198275412,12.30240841891087,12.382333755493164,12.356271512024714,12.322585774579263,12.361982345581055,12.356076426519191,12.373538642925705,12.360915184020996,12.339298716310195,12.389358347660258,12.367899894714355,12.355022060877907,12.362829419789367,12.38631534576416,12.37448478447208
12.323860125621126,12.367508840207824,12.372407913208008,12.326004544217227,12.173376572704358,12.328681945800781,12.304584135805117,12.259611442552975,12.36741828918457,12.31558298346228,12.381460484840076,12.341873168945312,12.31092860316967,12.244493379220778,12.364331245422363,12.316121501675251,12.365771162513076,12.391314506530762,12.324651098993574
12.178192583415596,12.16927878829458,12.196081161499023,12.203225036737505,12.20548824872687,12.2377347946167,12.195804659795156,12.173054417050206,12.184293746948242,12.192010637212157,12.16448687671246,12.182626724243164,12.160541034051155,12.187705513115185,12.182449340820312,12.177403974181177,12.17955505086357,12.189173698425293,12.193968299123402
12.049424683420915,12.052353011056926,11.980554580688477,11.999652659293403,11.982901795847607,11.958102226257324,11.965806226344055,11.941220669049475,11.932680130004883,11.996797957853873,11.998766046841547,11.943931579589844,12.007849788584362,11.972535891644434,11.963305473327637,11.986148739623884,12.044687690230043,11.922967910766602,11.999540816579739
11.874097282798648,11.851761261842398,11.8814115524292,11.88603506000685,12.016313352979777,11.955076217651367,11.948691848754116,11.961528214458477,11.87601089477539,11.904438615128392,11.909521218994662,11.865553855895996,11.89868248067252,11.881407646837669,11.846739768981934,11.896702570030401,11.879319399662267,11.808801651000977,11.884703245127112
11.608244735642321,11.451005706212012,11.621027946472168,11.657925205355578,11.709275785078848,11.619501113891602,11.620896976932611,11.547877792361204,11.5957612991333,11.611672266868853,11.539338370229965,11.58472728729248,11.598014773207096,11.637251143792836,11.57869815826416,11.599103815272612,11.645085517167098,11.60279655456543,11.65621195665939
13.091906231773164,13.079488858979925,13.067635536193848,13.141855260377984,13.120844506198114,13.19405746459961,13.175617144926267,13.376448151619009,13.166757583618164,13.15206013489628,13.147598660632942,13.123848915100098,13.123285965858058,12.88708403654787,13.081024169921875,13.097214663718416,13.092362034734698,13.109657287597656,13.149901080252825
12.07254696717504,11.972365371232089,11.949652671813965,11.919463671540058,12.070203305959275,11.967156410217285,11.94522010810258,12.204734599032808,11.995770454406738,11.920137671802689,11.768249274088696,11.916988372802734,11.862647697749484,11.802670377408761,11.925455093383789,11.854636663692023,12.00252303447702,11.965784072875977,11.906945877915282
12.206077645517674,12.18894326205094,12.158507347106934,12.16398967074949,12.25820695755271,12.112625122070312,12.110192095494693,12.211793458941385,12.176513671875,12.158396821288688,12.123800027897135,12.17072868347168,12.160392084348757,12.136993051916656,12.174296379089355,12.157453548078143,12.168815550603613,12.162358283996582,12.162972727808897
11.60733523953139,11.70504462669719,11.724312782287598,11.665337084598296,11.635113096884103,11.664798736572266,11.644767622885809,11.498442042501853,11.619275093078613,11.57631268070744,11.751813912830093,11.7280912399292,11.738428840153572,11.698061999064445,11.720603942871094,11.685011982322578,11.6055091767162,11.711503028869629,11.672368359731273
12.149507585033072,12.05412173388875,12.106795310974121,12.117213483190788,12.079497912586286,12.108431816101074,12.101767701123606,12.123540299890816,12.133537292480469,12.114389723444289,12.143082108677278,12.114701271057129,12.111569546044764,12.134380636468874,12.118992805480957,12.111756587120894,12.097830629381237,12.12603759765625,12.11398609549318
13.275829251377,12.932635029561782,13.019735336303711,12.937524193301574,12.841949653454211,13.01622486114502,12.933368132365047,12.889555227585765,12.985417366027832,12.919092169439374,12.921842572166751,12.980456352233887,12.955480380236917,12.762499232710196,13.029338836669922,12.918978840530139,12.975137245261603,13.005463600158691,12.92705000547966
11.678448377988165,11.724422896726002,11.68695068359375,11.787972922460266,11.852502781062697,11.761652946472168,11.801222817641971,11.790539082910927,11.735688209533691,11.792332276030672,11.720366108335046,11.714407920837402,11.783686592210664,11.698422309819255,11.761167526245117,11.778891756073508,11.763840431924319,11.740371704101562,11.783827435907108
12.335700805443338,12.24572836470795,12.2592134475708,12.259124866328435,12.392179042720537,12.226081848144531,12.2402106929339,12.254641841096229,12.228886604309082,12.23841737717045,12.405499013700107,12.258426666259766,12.244438357597279,12.452384155430327,12.265278816223145,12.240350967115912,12.243658010399201,12.226510047912598,12.246015237082757
11.816734299348461,11.839175111201731,11.76431655883789,11.7638322061431,11.657756917965818,11.76089859008789,11.747125688980358,11.722590551048391,11.78580093383789,11.739443716867099,11.802389078733237,11.749245643615723,11.728448194270396,11.672107531417787,11.752177238464355,11.709067618574663,11.743212859797785,11.740922927856445,11.740998703705568
12.317171167298682,12.286675666759965,12.152746200561523,12.02200023437681,11.924213233306622,12.041298866271973,12.012853277592496,12.165609461908453,12.068575859069824,12.058856000833469,12.283349142217173,12.014992713928223,12.031510691121365,12.131611578609178,12.112370491027832,12.033961491964737,11.979839340384983,12.0566987991333,12.016618452471326
11.982622797311857,11.86170536487038,11.882440567016602,11.899818455752545,12.239705679064544,11.889665603637695,11.891778329427112,11.906359365408667,11.893016815185547,11.903324821216716,11.899482901945333,11.870624542236328,11.90829671233867,11.886486458761702,11.865453720092773,11.906901797511354,12.017426826933121,11.859885215759277,11.901874590175415
11.571203807011969,11.854797048656707,11.673831939697266,11.680289579467383,11.82827837725716,11.712725639343262,11.721800184438695,11.640917100919372,11.686444282531738,11.682466597164181,11.82191136914191,11.672072410583496,11.73861050216057,11.712639924800683,11.664948463439941,11.696749445781148,11.560004767988612,11.657382011413574,11.666866003235121
12.10625783509458,11.972350346969282,12.018662452697754,11.988179955777904,11.972950625091002,12.012184143066406,11.985123256476687,12.05856230983458,12.009461402893066,11.98257046934859,12.033104842436986,12.005659103393555,11.988135879943547,12.059146516637881,12.038676261901855,11.993762368494712,12.172468330884659,12.024320602416992,11.9942613857871
11.881041706925902,11.960714670270939,11.872961044311523,11.853312679766237,11.790488762924301,11.893457412719727,11.862710963705567,11.882353091518773,11.875504493713379,11.85781077420826,11.905313591597533,11.872603416442871,11.854923567556432,11.905304725915334,11.854630470275879,11.84638310903709,11.849137209054076,11.86900520324707,11.851503176438502
10.932999821119937,11.80518826070419,11.438807487487793,11.514677478955786,11.574031147840392,11.587133407592773,11.602592632785925,11.629126138840345,11.567742347717285,11.592395524239661,11.395450854656032,11.418760299682617,11.580576986461992,11.64343861464294,11.393930435180664,11.48292947806297,11.50218940646536,11.533721923828125,11.51374235382329
11.969723533345908,11.99062943711586,11.913044929504395,11.889818412177531,12.103698295126959,11.88261890411377,11.91157917669674,12.024271365714625,11.893299102783203,11.903160868796999,11.908922689789668,11.92507266998291,11.905749395712894,11.909040364001386,11.930278778076172,11.9021615714449,11.99583131747322,11.892706871032715,11.900930076871674
11.661354090741,11.846176899908786,11.673792839050293,11.674766255573038,11.548192470010893,11.4426908493042,11.578883927536344,11.534272770080932,11.413045883178711,11.593157990831967,11.624420783385641,11.71517562866211,11.718214074572947,11.645988790282628,11.686927795410156,11.739649120994567,11.691292374726627,11.64978313446045,11.683047162233684
12.323415584358154,12.246894522158861,12.178579330444336,12.30118833826398,12.276290012295812,12.184022903442383,12.30488763742868,12.224123021912453,12.232877731323242,12.30058490729735,12.271456171942964,12.250242233276367,12.315391391368813,12.26967101905605,12.224072456359863,12.331791777779095,12.136898461982643,12.258464813232422,12.301220696853916
11.827743504053695,11.829793894801494,11.848565101623535,11.754016103105316,11.674783534296651,11.764347076416016,11.733067571692908,11.76524177766236,11.832688331604004,11.749221190058316,11.804550510339684,11.82808780670166,11.761927495959272,11.869689745887909,11.862322807312012,11.76723144123489,11.80388979165716,11.828490257263184,11.75871868305954
12.509877789891931,12.55273209447107,12.580143928527832,12.552568324616159,12.527799169547832,12.583741188049316,12.493906470320246,12.60717990402121,12.618481636047363,12.553471063046814,12.433958984997808,12.609960556030273,12.57788836002271,12.546631129926203,12.559261322021484,12.54104884781623,12.469860557653224,12.618206977844238,12.555364728878777
11.951186847493476,11.956999680815775,11.87690258026123,11.86652719690909,11.960575313159886,11.854021072387695,11.889562005586686,11.956139293362307,11.886425018310547,11.882711109394055,11.904667531715795,11.902832984924316,11.886793114646416,11.8981780008349,11.889689445495605,11.89390792885933,11.8971952666101,11.881054878234863,11.870664407120397
12.319405795112926,12.280408364958992,12.276666641235352,12.246726581310506,12.235923089214788,12.274089813232422,12.280497177785945,12.259348157698724,12.292349815368652,12.26118719147777,12.294986087096477,12.287638664245605,12.282870621754055,12.393215523023823,12.309829711914062,12.26749845792405,12.228767737269823,12.284523010253906,12.258446629057438
12.117246896289503,12.114970018613826,12.167372703552246,12.189615422326243,12.168919601515459,12.191008567810059,12.205491880388587,12.155248709965011,12.172440528869629,12.187663390398155,12.144484112428685,12.142009735107422,12.18113665497704,12.142833354261034,12.153653144836426,12.195169401856555,12.132953785348294,12.126954078674316,12.185519259082769
11.440365524765756,11.606413139803065,11.387094497680664,11.518965169301664,11.293903966843303,11.526005744934082,11.56368414780172,11.187202875339228,11.48193073272705,11.5422510103952,11.499557077393641,11.494006156921387,11.532859376588105,11.475902568105596,11.436936378479004,11.500725150593915,11.471914919055536,11.4216890335083,11.499529909192477
12.323860125621126,12.062022498744422,12.093401908874512,12.127879035577006,12.192022963510396,12.1705904006958,12.13635524641657,12.148562568603584,12.199206352233887,12.17586001250387,12.232632013023826,12.167647361755371,12.189581827536108,12.186132031167613,12.161110877990723,12.163136641322712,12.161539439001778,12.14942741394043,12.158435823864835
11.845827048676645,11.833237042056156,11.882043838500977,11.818644317754051,11.820121078423224,11.824808120727539,11.733682805132153,11.786045588724708,11.841011047363281,11.725567871663054,11.811789171048396,11.937108993530273,11.812320964321422,11.906786766104068,11.893224716186523,11.829618284508454,11.80858432403963,11.887621879577637,11.811119672165596
12.357079818283598,12.308602671337976,12.421225547790527,12.389630073721502,12.423897427631603,12.39871597290039,12.38979220923102,12.396226748991445,12.421072006225586,12.406409661000028,12.394984884079326,12.399203300476074,12.401200082640319,12.257738446312915,12.383560180664062,12.380245745511536,12.281759751376889,12.386445999145508,12.380319926377535
12.861001210669146,12.456142121928814,12.971606254577637,12.962284678122309,12.95571649958823,13.013236045837402,12.967929460968275,12.933847630898166,12.959651947021484,12.958478239324695,12.70809441926658,13.07133960723877,13.01084485739054,12.867209744567848,13.011006355285645,13.000557622023681,12.92493093518414,13.034762382507324,12.95916123087403
11.603688960617083,11.572955722539415,11.4951171875,11.546469651066337,11.49649802129131,11.29000186920166,11.458077397395202,11.788534752819608,11.379311561584473,11.442423620046895,11.543827544810886,11.423419952392578,11.493301238245179,11.511775968077458,11.475866317749023,11.517560613636661,11.473586469053025,11.446728706359863,11.535222160355039
12.149507585033072,12.183838705319078,12.1925630569458,12.160213493597686,12.137226127643748,12.16823959350586,12.16547027140183,12.196001086037652,12.153504371643066,12.151176891069468,12.149565711901852,12.167500495910645,12.15422097204977,12.13694195711467,12.137107849121094,12.160425318036804,12.214555424623052,12.172675132751465,12.152708702277025
12.128116509451258,11.944705916547292,12.084059715270996,12.006010308561512,12.194438858767949,11.985773086547852,11.95060641435482,12.17072230202195,12.066703796386719,11.97219634807928,12.078414322875213,12.17930793762207,12.019558068043295,11.977491642265523,12.144146919250488,12.06105662141289,12.198573391806562,12.077873229980469,12.000546176967124
11.900912042974875,11.943408563241938,11.934797286987305,11.947779776908144,11.933626071935837,11.930241584777832,11.932197929810995,11.919608464966618,11.938579559326172,11.928079083411049,11.935939006289422,11.920953750610352,11.947229462457601,11.980876348184875,11.940889358520508,11.936340968895559,11.920601258808974,11.930928230285645,11.94618081773665
12.019749091416921,12.061371026552054,12.018861770629883,11.965431269855133,12.014176358790973,12.001113891601562,11.96189279412212,12.070045666767443,12.032587051391602,11.968878677105923,12.045024804227461,11.981504440307617,11.967795708952293,12.046015240583108,12.02477741241455,11.960703240232933,12.002833235244331,11.982678413391113,11.958773380483112
11.92504173829169,11.957524145876944,11.93418025970459,11.911523933493433,11.974230849907553,11.909557342529297,11.899251364062154,11.888391634794269,11.939543724060059,11.891423921471862,11.958841863576918,11.92746639251709,11.911706379961116,11.947339504119963,11.92702865600586,11.921813555080343,11.928869253585729,11.93935775756836,11.905376891322213
12.37581963951765,12.337405737716884,12.309281349182129,12.284764345840808,12.384418170578009,12.298174858093262,12.330296269835333,12.344336196050893,12.268946647644043,12.291066040535394,12.319820339677518,12.296951293945312,12.313570091283973,12.321550498004623,12.284358978271484,12.305903336983757,12.299212602334576,12.2896728515625,12.277181358380563
12.025755079404917,11.905866420226724,11.956647872924805,11.973762116593662,11.905913787160532,11.914382934570312,11.987817656810977,11.939354527134272,11.901571273803711,11.973712450393123,12.051555421396394,12.023247718811035,12.071685876648017,11.957848993332902,12.025429725646973,12.040263486608216,12.068269023043111,11.974475860595703,12.000685752821731
11.849047640327147,11.859340510189218,11.871817588806152,11.8494698623986,11.848662676404738,11.863064765930176,11.832230379631872,11.826704125590567,11.8116455078125,11.81119436029216,11.872465700610395,11.891603469848633,11.853716721977834,11.852657640362631,11.886242866516113,11.837631765142842,11.86416458533728,11.847968101501465,11.846133319296952
11.759793355371237,11.841332882410178,11.777582168579102,11.726264293059808,11.711738502483536,11.809379577636719,11.708930765921965,11.630024576090584,11.807037353515625,11.703950502361801,11.676011233141434,11.781747817993164,11.704438380072759,11.673227536804822,11.791083335876465,11.714984141600558,11.839964107905411,11.79863166809082,11.732193802378273
11.941462360646149,11.743146771796424,11.83365535736084,11.825007442732947,11.865818429964166,11.901047706604004,11.868027753071107,11.737444071016352,11.853623390197754,11.844940669836122,11.71198783667328,11.819440841674805,11.858526243353568,11.871956635080895,11.907301902770996,11.8834289779396,11.827311507542444,11.878443717956543,11.835075086581412
11.51293546492023,11.47087457961632,11.471896171569824,11.442848702207701,11.513028672662326,11.449935913085938,11.41407259585591,11.41717191828073,11.443497657775879,11.419723943897093,11.404041303960094,11.490950584411621,11.405350856781489,11.59208765856315,11.481292724609375,11.408157980785205,11.489880062869508,11.458199501037598,11.411565427502605
11.87757552297847,11.922637099977377,11.882113456726074,11.846304803686351,11.875375445225327,11.844082832336426,11.85678782415012,11.933385225597652,11.850022315979004,11.807514812178912,11.754796791615941,11.866768836975098,11.816578625692056,11.880923897849751,11.87867259979248,11.847015494404545,11.85928215028858,11.864653587341309,11.831551233385957
11.779136168550774,11.755363207521698,11.732963562011719,11.72282281164665,11.761250006626863,11.73548412322998,11.701566321716825,11.886727494520285,11.739116668701172,11.71392755248383,11.826195479867666,11.756096839904785,11.738734694604155,11.763970855441851,11.743431091308594,11.75037274321847,11.738458983213006,11.739392280578613,11.726535091121496
11.849404844423074,11.70665482856494,11.784419059753418,11.797853018105503,11.597581371740374,11.687191009521484,11.721306480299107,11.755004362479191,11.820151329040527,11.789670504441476,11.845771966267975,11.883567810058594,11.849916165455928,11.804789864711944,11.766621589660645,11.814550204531404,11.75617628393611,11.812410354614258,11.794451085414282
11.967187086434018,12.006394668985951,11.957837104797363,11.925226442234049,11.971648638681435,11.94701099395752,11.969573870566757,11.912584483659433,11.933830261230469,11.938157738494098,11.829199368284826,11.876326560974121,11.921946290861836,11.818831752918562,11.90618896484375,11.917887592828436,11.935092105961589,11.880457878112793,11.917992451833426
12.071975378543236,11.979981017569969,11.974995613098145,11.906136169226297,11.907173264986461,11.896427154541016,11.886450649165473,11.916454845519166,11.915107727050781,11.884207223659862,11.92115645059657,11.941876411437988,11.863494091938009,11.957105435129918,11.9500732421875,11.886212805710835,11.924932823104289,11.951993942260742,11.899059798931113
11.856522261533737,11.757821985481081,11.643255233764648,11.697001235247306,12.007528920349404,11.813175201416016,11.837211090567326,11.75324740255045,11.599871635437012,11.700440272606162,11.785272484646933,11.723285675048828,11.723330626491322,11.834662658082417,11.71645450592041,11.739738019851407,11.925274743396567,11.529376029968262,11.668434560459183
11.944064817531656,11.790072124956321,11.826852798461914,11.851108413252856,11.816433523217526,11.755340576171875,11.79241654412412,11.736511968852486,11.757969856262207,11.82757067367874,12.020553948750479,11.82443618774414,11.821092217399103,12.098785828844413,11.865714073181152,11.843957177040096,11.967614853214478,11.953234672546387,11.87958117325779
12.049424683420915,11.96639901435459,12.193222045898438,12.165251833117956,12.427169746264429,12.212989807128906,12.223043494576865,12.253445610612166,12.136208534240723,12.192318125182203,12.016031079826421,12.1852445602417,12.227884326725068,12.00861453121339,12.124126434326172,12.19612716421574,12.242938399044702,12.167250633239746,12.20465189515367
12.269052139516223,12.18435836962674,12.171700477600098,12.179225794160523,12.07548498123813,12.156306266784668,12.168773653543324,12.259349733214883,12.186369895935059,12.170723088776636,12.159364899957142,12.179094314575195,12.15370394879394,12.166912132937085,12.186187744140625,12.149823421617274,12.205082951541524,12.190081596374512,12.191867188482098
11.80186424743109,11.773296149853607,11.812180519104004,11.757753477069196,11.703437501503108,11.759208679199219,11.752324766060438,11.728303486019641,11.80019760131836,11.762650432776173,11.816962696684175,11.824257850646973,11.778688875433692,11.863663516690691,11.814396858215332,11.78123029483318,11.673909711246088,11.808954238891602,11.765018748111133
12.388398368982115,12.24070351730472,12.261418342590332,12.221240399734976,12.254930440926904,12.045605659484863,12.100952089355257,12.443722740691669,12.177387237548828,12.134040298297425,12.410987012746554,12.281732559204102,12.248512089961023,12.384286788667495,12.282674789428711,12.228245531901127,12.138491772168257,12.331068992614746,12.251688471470066
12.138869243416009,12.021916516880088,12.084562301635742,12.071381156380083,12.165730192582437,12.089837074279785,12.087022083713174,12.19612199994858,12.077770233154297,12.057577844201424,12.065463118477997,12.090249061584473,12.078787588608437,12.081094673754503,12.080780982971191,12.08339157282403,12.188187753171736,12.131271362304688,12.082250167803634
11.78676973513378,11.865578118820002,11.84988784790039,11.858768093055955,11.869278796665057,11.896419525146484,11.8562703332514,11.859310579501022,11.877739906311035,11.8573517502857,11.897172360210533,11.871607780456543,11.868565214809362,11.89747568793536,11.868795394897461,11.871614674106587,11.767512863415922,11.869051933288574,11.863146456027964
12.278397958261774,12.131204437145508,12.163400650024414,12.173101026855893,12.139798361704523,12.19545841217041,12.190820338911363,12.167358464834358,12.151938438415527,12.157281240082858,12.16291980353549,12.155505180358887,12.175470466617275,12.143796521033282,12.140496253967285,12.155055596062915,12.171458231374201,12.159308433532715,12.182867535012877
12.00762780434872,12.057572384305189,12.011621475219727,12.00013359721151,12.010911553731525,12.024896621704102,11.993995569268707,11.995152900142818,11.961362838745117,11.937563310082576,12.03885605504336,12.045080184936523,12.01422909096845,12.11173432820071,12.061212539672852,11.981574769381035,12.029050033601932,11.925431251525879,11.982898215424903
11.970356641102999,12.053105024446639,12.076872825622559,12.047059132298712,12.034950245747254,12.038657188415527,12.063205705041849,12.021693968077814,12.004680633544922,12.02444403750008,12.021274522801889,12.093083381652832,12.057152503958585,12.01185563810338,12.043325424194336,12.055227167361817,11.979635416404854,12.06165599822998,12.03420138441166
12.04355959836804,12.11226878174494,11.991487503051758,12.032818328395653,12.170716225186778,12.031450271606445,12.01445788671044,12.029881668999373,11.819208145141602,11.998169514465067,11.897580565066182,11.918519973754883,11.985353285474046,11.803954420954877,11.90121841430664,12.000394938322286,12.085814281154661,11.931096076965332,12.01246718088607
11.751950239425476,11.844697418509194,11.857091903686523,11.799942363414646,11.92603371622436,11.813748359680176,11.7613714014393,11.793793355318325,11.850600242614746,11.792783681873114,11.84329180300847,11.86770248413086,11.796874199279117,11.894663777625135,11.869226455688477,11.838964416750676,11.71328396306064,11.847427368164062,11.788359324807459
11.898194668458823,11.89709947331923,11.894745826721191,11.876890358831147,11.886254121503285,11.812621116638184,11.879262370556631,11.94251053793851,11.860909461975098,11.894672417069097,11.997916809232935,11.93447494506836,11.91083120718906,12.01501590546782,11.91855525970459,11.913208575741267,11.883257173581041,11.859931945800781,11.859866948035165
12.066816325306588,11.891186718958645,11.995281219482422,12.03230185728543,11.979509368884655,11.971431732177734,12.044071907899639,11.985117561155864,12.008903503417969,12.020046392280658,11.979481895016765,12.006307601928711,12.028048284302058,11.964750586103708,11.98659610748291,12.024787002140004,11.892536487612489,12.011481285095215,12.022278895809913
11.931642378754141,11.755637332119424,11.894067764282227,11.941486600763085,11.883731405554657,11.96035099029541,11.971491121553653,11.926166129510055,11.981653213500977,11.97930914382635,11.918602906737904,11.993366241455078,11.94765802879254,11.969732276487102,11.960112571716309,11.956874540355441,11.942187633732722,11.979683876037598,11.947913574740683
12.429220196836383,12.285284273745324,12.30933666229248,12.255278333727949,12.312286871648439,12.239299774169922,12.236145752340448,12.464704327031482,12.278646469116211,12.25254038250676,12.344083313481484,12.305135726928711,12.236705925070401,12.469211180244649,12.299808502197266,12.236652568751358,12.539703731298946,12.295634269714355,12.243797086101466
12.154521423145216,12.155207432846161,12.104811668395996,11.974387950811135,11.922197852919872,11.920162200927734,11.921060868301005,12.10069130972775,12.017128944396973,11.962981357974181,12.242874706785853,12.07092571258545,11.962109248511727,12.122987638566208,12.064311027526855,11.991480027947523,11.961286528931371,12.003543853759766,11.947793568713168
11.78676973513378,11.779321281567643,11.79235553741455,11.791741978924332,11.741372385792777,11.837018013000488,11.847175407692452,11.698887036730818,11.759323120117188,11.784717778628535,11.744125732528685,11.78399658203125,11.790012235994805,11.645325616072872,11.758575439453125,11.775069924076988,11.722080592931373,11.757660865783691,11.779952288453895
11.931642378754141,11.908724181590234,11.848836898803711,11.866497978787692,11.812473098454447,11.873767852783203,11.84722101869521,11.849443485422297,11.892654418945312,11.862360400801666,11.878030780151231,11.881129264831543,11.851082044076673,11.904843924902574,11.888757705688477,11.844972919502752,11.84710111112538,11.862129211425781,11.865768006043469
11.794345471549745,11.92221841802845,11.883179664611816,11.84821440860393,11.766669258777247,11.843328475952148,11.851007729792999,11.865765096903322,11.804872512817383,11.836222749492956,11.81405404826541,11.833161354064941,11.837037027756656,11.789681852125872,11.8423490524292,11.835952169566914,11.742715577325843,11.81558609008789,11.85420039107976
12.43153750053306,12.181176823473043,12.157918930053711,12.196039199122357,12.126664648430497,12.140323638916016,12.187068914101078,12.161084397648512,12.165331840515137,12.215725453190299,12.251991634628068,12.176695823669434,12.176865724355652,12.186218345585115,12.154473304748535,12.190525318368625,12.17945107302939,12.15489387512207,12.19520194410008
11.908346971208951,11.853703238809175,11.80430793762207,11.83972393485542,11.944349628311286,11.764957427978516,11.84559411021863,11.951989535224081,11.795738220214844,11.844966673925889,11.942027096069166,11.801024436950684,11.864488472621245,11.89113790252283,11.823304176330566,11.87031646244463,11.942724151358178,11.810200691223145,11.842485656177939
12.424810506025395,12.451727869097867,12.442813873291016,12.467960354340075,12.417634812359262,12.406441688537598,12.43913009954644,12.374752189200008,12.428007125854492,12.416414911163479,12.369292801841079,12.436891555786133,12.44256727243187,12.465403456918779,12.442948341369629,12.451049790573533,12.42107327645352,12.439800262451172,12.440560407303447
11.767575435251748,11.80828195131679,11.773621559143066,11.83359064625126,11.663674584700516,11.810088157653809,11.823508906107444,11.706069202844684,11.778264999389648,11.801731390298283,11.769137613115918,11.796696662902832,11.799508858844012,11.83356135678818,11.759970664978027,11.791687723506966,11.728220946334115,11.757513999938965,11.790370382699672
12.037659911047468,11.81195454592178,12.004095077514648,11.968740141877511,11.785814720348593,11.938572883605957,11.975647762707531,11.755346472444087,11.93787670135498,11.953353131149997,12.017434024241014,11.930390357971191,11.918779997427237,12.081645640504805,11.933747291564941,11.936064561787877,11.989154393118248,12.01730728149414,11.979393588211119
12.371591321286905,12.383667730844582,12.334429740905762,12.332657375089699,12.371550981488857,12.356483459472656,12.336857272612498,12.303960012095729,12.347841262817383,12.330954295264737,12.30461096113434,12.324724197387695,12.314696872604419,12.327357138783563,12.33619499206543,12.327177351728269,12.297707793504255,12.333027839660645,12.32932273467098
11.603688960617083,11.595494847986606,11.535240173339844,11.55193847152734,11.623760321884912,11.590167045593262,11.583099875539506,11.524022102599156,11.58629322052002,11.600010326417305,11.597772085322305,11.594746589660645,11.588096981346746,11.494264235371354,11.542173385620117,11.565520347464593,11.610971598287808,11.576520919799805,11.543455882663663
12.208574513247495,12.144826815596206,12.10322380065918,12.14489686871969,12.2105103389667,12.112720489501953,12.131880981966852,12.225711893700984,12.136544227600098,12.154658458322768,12.19345183067413,12.142035484313965,12.15119134606358,12.176452640097917,12.107645034790039,12.130144765902449,12.182273598709662,12.115641593933105,12.13912167184208
11.661354090741,11.887615700026473,11.700701713562012,11.605518726589256,11.358468162605826,11.599721908569336,11.496010994482331,11.379489625213761,11.606158256530762,11.466171651449104,11.579815658493944,11.71667766571045,11.588630935130368,11.607495829682964,11.690621376037598,11.596589504642726,11.604499000361374,11.696538925170898,11.609839848269864
11.798111925972618,11.760607143398857,11.810648918151855,11.729300094995299,11.760920270357015,11.786352157592773,11.755692624039,11.854287897155947,11.804971694946289,11.754248834613442,11.797024209974534,11.86059856414795,11.762932805967198,11.810691226465657,11.840505599975586,11.773345554275382,11.764763937776838,11.842820167541504,11.743574498070007
11.104972264124868,11.52615201149854,11.443201065063477,11.593298390731595,11.568702792546452,11.587054252624512,11.572595598860683,11.562656727038558,11.453207015991211,11.55274692283141,11.582521225308854,11.486783027648926,11.546945715122968,11.604344754157351,11.508166313171387,11.602921275517495,11.464026904915618,11.523649215698242,11.575211601396763
12.623064399210183,12.629583100652546,12.704594612121582,12.550202084476965,12.596778980480028,12.60529613494873,12.587553331071348,12.472611550661686,12.582489967346191,12.557019835764084,12.516502250372488,12.664566993713379,12.563488333782669,12.455309817900304,12.645243644714355,12.547601364265867,12.690351724411823,12.623940467834473,12.537973150279944
11.792456911128632,11.963659837284316,11.826580047607422,11.819117255437922,11.789353632671494,11.776020050048828,11.76097458104523,11.735172416592674,11.807658195495605,11.821789710930979,11.99867982670451,11.846688270568848,11.840433273901077,11.959763049425856,11.860437393188477,11.867747769729522,11.801249856854227,11.80616569519043,11.827785662613659
12.765691290604371,12.810577459533814,12.859793663024902,12.718485396400203,12.812687568744847,12.852703094482422,12.760829250115306,12.61847864856299,12.795614242553711,12.74403603294524,12.779974665112004,12.821192741394043,12.731037091985156,12.797421775181613,12.79033374786377,12.745639449890422,12.554599520874232,12.780558586120605,12.737256406848909
11.904974309480183,11.926208508378451,11.968964576721191,11.90538836745297,11.806735869071417,11.951169967651367,11.893286616444472,11.916166009477818,11.96768569946289,11.938664936522716,12.002096939224836,11.991615295410156,11.94319610531574,12.0414156485331,11.994002342224121,11.946909781287658,11.8425538992432,11.972219467163086,11.935097542872711
11.824087219587643,11.870433205229975,11.784429550170898,11.784689369555895,11.799677630258188,11.75360107421875,11.787880749059587,11.721677022748793,11.7712984085083,11.781708232283556,11.747234245953528,11.764973640441895,11.773941296146052,11.79616517275906,11.77919864654541,11.78775137060147,11.776517970332343,11.787812232971191,11.788490055486106
11.964007453736912,11.98761522986619,11.934672355651855,11.863105379222997,12.137104407319619,11.962301254272461,11.890471379079575,11.85070899776264,11.963077545166016,11.87431760276084,11.9436140643654,11.951980590820312,11.883817077916296,11.883551488464057,11.947050094604492,11.88546708992066,11.962267021746609,11.967805862426758,11.894885930998582
12.141539457711714,12.240441788928939,12.248967170715332,12.22755451798597,12.113801923806097,12.162374496459961,12.192101593125994,12.268487801900992,12.251768112182617,12.244120442064382,12.169640037248705,12.221429824829102,12.244243667863946,12.159086557120867,12.212193489074707,12.24405764682983,12.258161725378914,12.241045951843262,12.247858821088625
12.08954444723597,12.099452919136873,12.069267272949219,12.102718087656228,11.978696131977156,12.041945457458496,12.082035483826207,12.040519556185263,12.075335502624512,12.087684056038816,12.024389112109207,12.049678802490234,12.090636164094995,12.04125115381982,12.057281494140625,12.106447719554948,12.005532850804437,12.085744857788086,12.09635592422533
11.682676678340282,11.87017637904728,11.648018836975098,11.744732686437866,11.88169291915931,11.629096031188965,11.676249716185563,11.81352510824171,11.652168273925781,11.712480972999073,11.685378958836514,11.668713569641113,11.74095972810273,11.751436246942468,11.631391525268555,11.677317254265892,11.912418968228328,11.687667846679688,11.721602263099305
11.51293546492023,11.612638878688918,11.697693824768066,11.710576237497925,11.686568928584622,11.750009536743164,11.733987993910313,11.729701583026442,11.730838775634766,11.730057714769037,11.643817504124167,11.715510368347168,11.712837414853235,11.641294310647304,11.69792652130127,11.71795491342195,11.667743195674499,11.72552490234375,11.714399805540546
12.70351207261035,12.084757025074667,12.549166679382324,12.589936690958204,12.763861679354905,12.61963939666748,12.62878622079632,12.623415515343801,12.594453811645508,12.624867172483192,12.529626958328386,12.52701187133789,12.614636251983494,12.44958683197518,12.504949569702148,12.595294642416233,12.451408149239628,12.52790641784668,12.629533312099342
11.884495917930655,11.946424243174377,11.943683624267578,11.994582666938715,11.784853782254407,12.084871292114258,12.098085390573472,11.824217022757603,12.029228210449219,12.043666027247559,11.977635327518126,12.045846939086914,11.988729066828894,11.99043529849888,12.071403503417969,11.997825807742204,11.913214502647488,12.045185089111328,12.053999777426204
11.816734299348461,11.855653110648996,11.80277156829834,11.77624768351874,11.690933383410576,11.748830795288086,11.698210513848053,11.67721813907113,11.709600448608398,11.680713048239737,11.91773799423617,11.814972877502441,11.780388264972862,11.949050064456882,11.826401710510254,11.769731142601508,11.822092706881165,11.772890090942383,11.752010615879817
12.498745990829315,12.07436943687352,12.685782432556152,12.591434625640952,12.42164452693981,12.512667655944824,12.554388163050007,12.453909462437524,12.593483924865723,12.593922536050602,12.564379049540047,12.713824272155762,12.632973878486553,12.610998354805488,12.692336082458496,12.62443015135487,12.424490461510185,12.555623054504395,12.602800377252882
11.915058360753719,11.973430234007665,11.990741729736328,11.996535168929078,12.023554932717152,12.061674118041992,12.0474797074418,11.922075132117241,12.037910461425781,11.986420838053228,11.849293591912797,12.026972770690918,11.983093636012194,11.850057257208936,11.990911483764648,11.944598423033607,11.86857828553444,12.017881393432617,11.999408700248415
11.719134432217524,11.733320104211401,11.695087432861328,11.665589718711733,11.664544432497301,11.726842880249023,11.657956522733542,11.580841128387604,11.600480079650879,11.663490978641773,11.639100711767039,11.63123893737793,11.617748427003368,11.593512467007235,11.661800384521484,11.636041286201321,11.603779550078388,11.636455535888672,11.664497187671802
12.058158312538197,12.037405637547808,12.055009841918945,12.002707262086686,12.082643052134465,12.032109260559082,12.001973359867714,12.115473658846392,12.011022567749023,11.995859862810311,12.047458545065092,12.01474666595459,12.016365453370362,12.070483296819344,12.042679786682129,12.015393161424564,12.076016864630649,12.058185577392578,12.01719732125443
11.947955847790901,11.891403578323903,11.875003814697266,11.852938001846006,11.861674233423944,11.873748779296875,11.860330046636347,11.937017579961005,11.848899841308594,11.847134736785815,11.877509976024237,11.871603012084961,11.864753269054498,11.909305837649335,11.86544418334961,11.87065896573661,11.953650516136051,11.8787260055542,11.87355623020079
12.013706813470414,12.010041821572749,11.918744087219238,11.94863937739791,11.92600311248458,11.866740226745605,11.892047125407924,11.85546643449948,11.942720413208008,11.964198889163752,11.825251489987476,11.858134269714355,11.933706486479252,11.89085346898488,11.906976699829102,11.928887298322113,11.881419597569264,11.930456161499023,11.943725447224509
11.685693195625964,11.777696715778273,11.74828052520752,11.776162470753015,11.660234387456727,11.750001907348633,11.790215388885585,11.63827584450907,11.75921630859375,11.766830736776498,11.639040224026614,11.731743812561035,11.756441175870933,11.635850049640352,11.765096664428711,11.761681937592996,11.676726722177262,11.759342193603516,11.763973173867248
11.849404844423074,12.033771947326564,12.0089750289917,12.013676555128978,12.07129775305296,12.05335807800293,12.057874626671929,12.011586149340241,12.028817176818848,12.010001258079855,11.934892348869806,11.969854354858398,11.995639380733984,12.038447193225,11.980731010437012,11.997778339468413,11.996655491337261,12.01343059539795,12.008462122577564
11.575909653758895,11.236499786209318,11.347399711608887,11.429851328754603,11.57939345291221,11.513236045837402,11.547199690515146,11.621559664328833,11.588500022888184,11.565871269388511,11.588180859786016,11.535321235656738,11.563540181767165,11.216684548885127,11.358119010925293,11.413458698863774,11.351658897826436,11.462392807006836,11.447031018094691
11.870278179170796,11.808175640337241,11.837591171264648,11.876646122102391,11.971513402870235,11.799354553222656,11.783537576701022,11.761744635438454,11.765857696533203,11.784527804404204,11.767142288349824,11.81375503540039,11.821894262213835,11.91333530664256,11.821015357971191,11.850224411411444,11.891003259322973,11.875040054321289,11.949692611927468
13.323928581764989,13.100085443666119,13.142682075500488,13.025155743239978,13.018048389155688,13.088897705078125,13.043595351079004,13.078900882244564,13.147139549255371,13.032064918744227,13.08062775328651,13.125171661376953,13.034139834902103,13.157813122458734,13.11943531036377,13.028946786629762,12.971620290391373,13.132173538208008,13.030983616046226
11.813037464800539,11.748470793266058,11.861384391784668,11.823088362538687,11.774750855727584,11.87805461883545,11.850172429265731,11.7420276857443,11.841737747192383,11.818925900779634,11.828825031258205,11.829973220825195,11.819759906633381,11.838546726100542,11.830265998840332,11.799007929023736,11.872717332007197,11.872132301330566,11.83074591928516
11.608244735642321,11.629870359967452,11.695368766784668,11.692133436354224,11.584480718837897,11.652745246887207,11.621536909806771,11.490974038508996,11.686365127563477,11.651321037123825,11.595179195932511,11.686488151550293,11.663486998143311,11.585818695754584,11.68887996673584,11.675360671262682,11.65634235597817,11.684730529785156,11.666655351238353
11.938199736300925,11.861925112671154,11.858229637145996,11.854154730240623,11.77633224628278,11.867170333862305,11.87970331224798,11.726328657694038,11.839138984680176,11.870895894089605,11.874844472796086,11.88940715789795,11.879398973326007,11.878619082864805,11.880450248718262,11.874898829117688,11.92558517206996,11.851238250732422,11.865527930837336
12.100717685412471,12.12385708856136,12.146074295043945,12.097559526647828,12.05844336433367,12.134425163269043,12.086744363553274,12.058594772397173,12.143205642700195,12.111372324164792,12.112209971489754,12.127544403076172,12.127155979881804,12.064250296359635,12.12573528289795,12.108230223310468,12.050257717467533,12.128540992736816,12.101552605372708
12.388398368982115,12.410961356836696,12.37052059173584,12.36609566625876,12.344069243539934,12.331344604492188,12.36473022890102,12.333639950743684,12.3904390335083,12.388008869278414,12.508950016284656,12.378763198852539,12.409217598961138,12.476713317863556,12.383896827697754,12.413379731386472,12.35216210234907,12.383284568786621,12.378106972032015
11.74006900564972,11.710481997153067,11.707573890686035,11.733369857447155,11.764914208700247,11.748699188232422,11.730226525898212,11.749363837753107,11.739121437072754,11.715355275536153,11.72353916511498,11.713583946228027,11.690705363387302,11.694053073670933,11.727218627929688,11.692336117489914,11.733920159823438,11.726181030273438,11.714042058966813
11.759793355371237,11.781878987026925,11.776922225952148,11.802850299712388,11.719097518222403,11.765625953674316,11.778257926918611,11.814786602370878,11.787542343139648,11.797302216428976,11.775855624682492,11.775309562683105,11.806955888279003,11.731934603314171,11.771968841552734,11.795311994352577,11.837257508367923,11.769476890563965,11.78766669906388
12.449022745701502,12.480368171855295,12.45966911315918,12.451465465810525,12.466722460262385,12.466864585876465,12.460585661542304,12.45428781902424,12.464906692504883,12.450849199999613,12.417126313973299,12.463316917419434,12.454985410383848,12.387032103913281,12.477994918823242,12.464781265759086,12.550357758059395,12.453164100646973,12.450456067129554
12.429220196836383,12.213559810015413,12.412603378295898,12.26359570224153,12.362444087505903,12.233646392822266,12.210969298779371,12.236522731843635,12.27851676940918,12.23051404795972,12.310919096814832,12.413692474365234,12.259271661765927,12.381976520046571,12.399920463562012,12.262266883789021,12.227542203194531,12.327406883239746,12.247888554236065
11.782960235741939,11.901783316409162,11.818350791931152,11.813900279611788,11.715999774495682,11.80624771118164,11.806420360527342,11.654065181240743,11.772138595581055,11.797427435987776,11.7302997358135,11.781168937683105,11.800203759298302,11.738775391271819,11.787606239318848,11.811947405919357,11.758609786189348,11.786587715148926,11.80208514435583
12.066816325306588,12.157222104303889,12.084111213684082,12.072078463463697,12.020822748398292,12.09360408782959,12.062329361724005,11.988020304446147,12.088377952575684,12.076621250795096,12.042209339390112,12.062480926513672,12.070862257374074,12.04873786066806,12.04733943939209,12.063868887283682,11.982136340512321,12.089132308959961,12.058967252749774
11.946660519211651,11.909402491785524,11.913437843322754,11.93044340632123,11.88837428753078,11.9518461227417,11.832358460899858,11.951268757962746,11.987784385681152,11.92712475671036,11.982966414156682,11.956685066223145,11.920984649603943,11.950846773393412,12.000958442687988,11.932075540530793,12.020417320867528,11.9725923538208,11.948036120746462
11.874097282798648,12.005744823003205,11.904600143432617,11.890568501608046,11.839285851630539,11.766736030578613,11.806892301137928,11.762205692076847,11.819592475891113,11.851914842405572,11.965932044269595,11.894599914550781,11.949649858550227,11.941126302253483,11.892937660217285,11.897459109925954,11.932079696541482,11.882065773010254,11.858632894102682
11.385103457032141,11.619394396890618,11.548048973083496,11.588787487404955,11.60456771339657,11.596904754638672,11.63516462633793,11.54793757598448,11.570903778076172,11.630425050791825,11.720536753753324,11.6529541015625,11.633684996811215,11.69476672771783,11.640464782714844,11.61983252964345,11.558616805491353,11.601168632507324,11.604934229362186
11.884495917930655,11.879404057073014,11.956119537353516,11.841843442599664,12.010314862366233,11.988862037658691,11.899289525514957,12.167249992438665,11.943968772888184,11.851272508164389,11.98611329887405,12.04736042022705,11.92005186297705,11.951260766350932,11.992383003234863,11.899629982933064,11.906406591930622,11.91402530670166,11.870011567830625
12.065280672855897,12.020065442741409,11.984962463378906,11.931785924514072,12.016509749601438,11.987601280212402,11.934657201311069,11.903527601903047,11.941701889038086,11.93264753140161,11.942194640566216,11.953566551208496,11.918568513631833,12.021562487938033,11.975494384765625,11.947461677736364,11.948453875736663,11.93856430053711,11.93800678925476
11.225256725762893,11.468287608191563,11.349333763122559,11.370956878814601,11.525572953693576,11.39968490600586,11.405037404633944,11.44142871907175,11.267376899719238,11.385293015965601,11.39415959637143,11.3370943069458,11.370029017068454,11.35405370143084,11.393729209899902,11.376869852478194,11.54113653401255,11.293830871582031,11.375373168644588
10.471978128496518,11.542753921904554,11.146677017211914,11.194163305120474,11.39026088001239,11.210445404052734,11.204503427428934,11.233550363786723,11.137284278869629,11.226392705972401,11.20091561873245,10.843145370483398,11.199036355869874,11.482010694088705,10.965253829956055,11.156984920741731,11.188909137162462,11.034721374511719,11.179677347219052
11.813037464800539,11.736521678880154,11.77762222290039,11.824677629955842,11.78087113578144,11.773508071899414,11.75639851495745,11.719976414009443,11.81325626373291,11.817657059316806,11.822717100734131,11.841357231140137,11.828559036783458,11.785763417679116,11.84251594543457,11.828066260290766,11.901794359563484,11.815546989440918,11.81566081887079
12.380030154325457,12.285908865448423,12.45527172088623,12.451770363525553,12.451668232965554,12.433518409729004,12.392662661968647,12.444530891111464,12.44044303894043,12.453706642028676,12.385111600738032,12.429139137268066,12.413922541883254,12.378696639634862,12.408964157104492,12.367826729176647,12.288090371971634,12.426701545715332,12.406556185617534
12.081081821061819,12.122507963429879,12.1040678024292,12.053794382894983,12.139708030723284,12.06266975402832,11.978475555639806,12.0372360628412,12.069189071655273,12.027319196347054,12.054098949743196,12.102840423583984,12.010436519373014,12.169530427867425,12.155560493469238,12.059882675060349,12.22659006054643,12.1317777633667,12.043433579444
12.211065162153215,12.189563396937608,12.151908874511719,12.164200237307426,12.140405986247112,12.153423309326172,12.189773311702519,12.17482951576223,12.142745018005371,12.17443475416697,12.20054745348641,12.161880493164062,12.145227671442756,12.098311834170559,12.152897834777832,12.166007506261078,12.245994828494185,12.121825218200684,12.172671794143405
11.890683588496984,11.86332436903214,11.94509506225586,11.923238570792034,12.044366924103452,11.796380043029785,11.928252909503787,12.056037149595623,11.834421157836914,11.93299945151896,11.85816028250987,11.995396614074707,12.025647887120865,11.956065190766294,11.948479652404785,11.977809734665106,11.942851421186841,11.967693328857422,11.98698877472904
12.043500773454495,12.157899731735045,12.047411918640137,12.084345416203327,12.013062840120009,12.095402717590332,12.089518735082084,12.096157826105996,12.049072265625,12.065902026480124,12.081825548307096,12.071249008178711,12.079373810746468,12.079479058432343,12.06691837310791,12.088907860032169,12.06372350401223,12.042915344238281,12.078282329903303
12.170450649220749,12.127185436625183,12.163113594055176,12.127247464350868,12.251216177849628,12.203118324279785,12.177037640413111,12.31805802295556,12.170371055603027,12.155383563891462,12.134840056757035,12.11878490447998,12.134662198818996,12.137941035506657,12.130802154541016,12.114767627220319,12.19701312962717,12.12909984588623,12.122919757677431
12.242891437918386,12.14290749534945,12.146035194396973,12.115022249410693,12.022384700118018,12.083036422729492,12.095833918001476,12.273397232432256,12.118741989135742,12.093367525322543,12.163880781552662,12.162078857421875,12.12639148929561,12.230590115143354,12.193843841552734,12.158909618510961,12.210147309369821,12.148756980895996,12.109703265141883
12.07254696717504,12.07036788863053,11.90481948852539,11.931694701417028,12.064795296551237,11.923707008361816,11.920033312036978,11.950061849646447,11.951407432556152,11.94360481494622,12.044604563142585,11.950918197631836,11.95977323556634,11.964291285506185,11.912071228027344,11.954512557753839,12.015721447236986,11.925640106201172,11.952801003447862
12.560247968016562,12.68253353669729,12.575783729553223,12.611365755753026,12.61950370376295,12.627786636352539,12.59826070469449,12.607223074416693,12.617505073547363,12.582992997476005,12.660675633664518,12.612442016601562,12.582580736568588,12.650312436828923,12.617547988891602,12.617603761756845,12.727997048114409,12.60510540008545,12.597379787174775
12.07824495582233,12.12244531570063,12.167985916137695,12.212401910109486,12.139548882204515,12.20925521850586,12.24824961126384,12.179929007431575,12.19943904876709,12.231514776095754,12.188509066713037,12.152873992919922,12.227915085694175,12.114001696418287,12.11941909790039,12.209660444555533,12.06170538485944,12.175734519958496,12.234569706581807
12.373707715234994,12.422733876979084,12.39551830291748,12.379296637815344,12.579526888888239,12.370752334594727,12.408117367878344,12.528780900484763,12.388543128967285,12.371875931702704,12.49359939149921,12.36754322052002,12.386053630330471,12.488295262619058,12.382564544677734,12.413804715796042,12.369965013201233,12.394123077392578,12.361942148045323
12.310437165348775,12.320251263170752,12.345141410827637,12.30866275640916,12.351343065262336,12.335952758789062,12.31224865202219,12.356356046810163,12.381593704223633,12.302350076512138,12.3823229029616,12.382171630859375,12.373686338755048,12.388547508543883,12.371624946594238,12.341165789325455,12.391469982417945,12.38671588897705,12.34761525905892
12.211065162153215,12.320540869950879,12.291580200195312,12.345477462537616,12.358044000317237,12.4319429397583,12.497675526198622,12.197506714930267,12.326817512512207,12.35503128781406,12.315802810575796,12.317350387573242,12.326076401454117,12.270049940918401,12.350467681884766,12.33612189501068,12.258920109969512,12.3485746383667,12.398184399071084
11.674202123168433,11.715680476080703,11.750129699707031,11.742767656239733,11.746008363408214,11.729501724243164,11.723379887592902,11.714509422056267,11.731164932250977,11.718699764681809,11.726921258344406,11.74415111541748,11.743091729937138,11.733505596505722,11.735566139221191,11.738097265613312,11.71305688687452,11.740781784057617,11.740420466786544
12.676079399771027,12.05242629278902,12.607474327087402,12.728529330211824,12.797397399056845,12.629695892333984,12.744465458985832,12.743061290157046,12.673410415649414,12.765752959084079,12.503787842475507,12.63144588470459,12.709475685344144,12.485365563310689,12.603372573852539,12.72585463557686,12.525162794976152,12.604194641113281,12.748536388634662
12.154784614286667,12.149068881347702,12.238402366638184,12.28845209844721,12.227236509291997,12.251609802246094,12.270976775590919,12.205841679622441,12.258281707763672,12.286308682091493,12.180449661364861,12.239666938781738,12.26430091700444,12.193097328756421,12.27149486541748,12.26289607350653,12.228777975097454,12.260884284973145,12.289401612395592
12.396697137361691,11.972127516044976,12.464131355285645,12.44579603112975,12.232075752940322,12.355003356933594,12.357270799758123,12.19527635984037,12.443706512451172,12.424707332665305,12.441240290724423,12.509807586669922,12.414693348488438,12.13373361596087,12.47562313079834,12.430778573000772,12.109777026487144,12.438970565795898,12.411378355860483
11.288543647320601,11.591205726323398,11.400224685668945,11.484631629653567,11.411643666403478,11.374979972839355,11.417662647524962,11.410395577923126,11.378215789794922,11.422387441374063,11.362747252754966,11.284631729125977,11.38324354156535,11.303834334268974,11.27649974822998,11.390797113285025,11.377396909395781,11.351739883422852,11.41588308407442
12.127575825689417,12.187267123877268,12.183737754821777,12.11791402921794,12.146533679745124,12.159794807434082,12.157776994700624,12.158576595958525,12.172211647033691,12.14512611396075,12.153164119286457,12.166534423828125,12.142881410979857,12.134756655508957,12.180769920349121,12.134659532760322,12.138062622804316,12.159980773925781,12.128377831965338
12.441148720271016,12.266044146829667,12.343938827514648,12.370797492739614,12.429034274150967,12.391888618469238,12.424216900555233,12.409372506378,12.348121643066406,12.357258863030173,12.394207327002714,12.36888599395752,12.389550587264152,12.403396322026367,12.364051818847656,12.382144193441071,12.358219681821812,12.351304054260254,12.370856194329406
12.387560521575551,12.358062991574236,12.370981216430664,12.406004922743657,12.499135871663722,12.50510025024414,12.461891648371271,12.412635635797898,12.44145393371582,12.414406383823295,12.455284491613167,12.418664932250977,12.461788207075978,12.485832028893018,12.454804420471191,12.453578151900203,12.322675798069504,12.480834007263184,12.400040999064098
12.406565597924235,12.183304287989289,12.356973648071289,12.329111235294587,12.235322709236243,12.273117065429688,12.281946171571354,12.300082908879414,12.371376991271973,12.313601011331665,12.380132329985173,12.342270851135254,12.388984638360402,12.282424566903385,12.354884147644043,12.35086259114965,12.384840208747336,12.442192077636719,12.360629965559484
11.924379271639218,12.056950662672325,12.093945503234863,12.051516022951231,11.912602480314261,12.065499305725098,12.0792017786884,11.980696171887299,12.066972732543945,12.117567692644338,12.153594546271108,12.169611930847168,12.167825257105124,12.184058466017687,12.156109809875488,12.15861649951343,12.106537170669421,12.072468757629395,12.11250855108832
12.273735966890268,12.143713543103933,12.354806900024414,12.338126050021552,12.29172165657528,12.361139297485352,12.358019826652923,12.3647219743248,12.377756118774414,12.354347981106345,12.382842346519226,12.356879234313965,12.356582075266445,12.287870614877615,12.316162109375,12.338766533363923,12.337725551587058,12.358141899108887,12.363519542249888
11.918397239722838,11.76596757541304,11.656111717224121,11.79935750885219,12.012137888012505,11.79723072052002,11.884209067270257,12.148082201251777,11.771024703979492,11.87227993713336,11.887137745393108,11.669398307800293,11.852664178360525,11.83984030047738,11.645400047302246,11.853282344099695,11.967259995779301,11.6751070022583,11.81352911356663
11.870606902224587,11.851646501192205,11.881064414978027,11.852607904680983,11.826176502319305,11.847128868103027,11.822591468804239,11.731739532120889,11.848732948303223,11.86789945058583,11.778021964540502,11.940074920654297,11.892984217094675,11.849413065646266,11.899165153503418,11.879786593119047,11.810234272863651,11.835554122924805,11.868816465711891
11.83138646878959,11.971401456925953,11.951752662658691,11.962474029032105,11.955299305007117,11.909912109375,11.92937294493455,11.901020182993209,11.933197975158691,11.989661646402356,12.011667894442683,11.986213684082031,11.966931807860014,11.894959912794377,11.897308349609375,11.930361156151005,12.100857032958428,12.020231246948242,11.961206572273712
11.735276702486741,11.857303194145407,11.89074993133545,11.876809920675852,11.749549761144465,11.888543128967285,11.89398234722347,11.856199899486448,11.901360511779785,11.873664719803106,11.827020571565027,11.908271789550781,11.876607685608144,12.04527326274789,11.952226638793945,11.923766501657063,11.940741797678971,11.94754409790039,11.91671417040616
11.870606902224587,11.90716493623187,11.87401294708252,11.842800468866365,11.938043725815797,11.866789817810059,11.86909644602724,11.875876353889353,11.851871490478516,11.835574356998329,11.815937474761485,11.873071670532227,11.824050560206999,11.811502351757394,11.84202766418457,11.81037686172621,11.809002339294915,11.849026679992676,11.840365352470483
12.506180941677357,12.530461526051166,12.60156536102295,12.572173088930295,12.480825825217014,12.533045768737793,12.547410337857622,12.489123784117398,12.619561195373535,12.557255178447035,12.570331953469049,12.571654319763184,12.55503822611184,12.471587167099333,12.590152740478516,12.547608627189545,12.402043878359944,12.586729049682617,12.574433315891392
12.167856627501678,12.11058722079678,12.195356369018555,12.247660988212926,12.160683289915099,12.183149337768555,12.24188516538683,12.251653462828973,12.217774391174316,12.251402431874691,12.232954905248738,12.202415466308594,12.24922243409503,12.20705935338664,12.196839332580566,12.25855279472227,12.243288970497797,12.202980041503906,12.25563150691989
12.193498926601634,11.987802144426325,12.090859413146973,12.053683633962043,12.197756294180616,12.093649864196777,12.08221624574325,12.129775701493852,12.082056045532227,12.072435955290018,12.053976090001207,12.066981315612793,12.028920734788839,12.102364085482254,12.06661319732666,12.054327237847138,12.158505478481523,12.080427169799805,12.038702082854776
11.767575435251748,11.912905627980686,11.820293426513672,11.7842881746391,11.809312457894011,11.828818321228027,11.785369458791198,11.822132389951866,11.815171241760254,11.778847881254357,11.742085835110863,11.814082145690918,11.788401677360907,11.778397124108588,11.825838088989258,11.78223587017004,11.81970867131382,11.829066276550293,11.776363300907587
11.694421681264394,11.637248675465521,11.685722351074219,11.708888436937746,11.71729651498622,11.705081939697266,11.709729664749727,11.737118397159144,11.683364868164062,11.717621963859784,11.65425110742051,11.649737358093262,11.698547513747851,11.682132842027464,11.695500373840332,11.690701797383571,11.830328572252345,11.661746978759766,11.725868717476489
11.804855999911272,11.803423949280184,11.707040786743164,11.741668198842154,11.646135998792367,11.684643745422363,11.706947999504159,11.758611424883313,11.7471923828125,11.743364705424705,11.832608681423963,11.754410743713379,11.739727445343831,11.814741684032953,11.693903923034668,11.727479518286884,11.779018859864255,11.748261451721191,11.757034283666973
12.055255569732177,12.008096807453102,12.004437446594238,12.044809554306234,12.082580264160127,12.060765266418457,12.032875793095092,12.184291278272394,12.050897598266602,12.05967110096593,11.980755537744647,11.9744873046875,11.951523285732378,12.060384941620438,11.956117630004883,11.954409008058718,12.2322759204097,11.980453491210938,12.011552638614194
11.755879486687116,11.85152709344261,11.746503829956055,11.750465358629807,11.740436398149319,11.73234748840332,11.735568508421471,11.839161739502144,11.733444213867188,11.720571515368208,11.940807924334585,11.699350357055664,11.74107677227942,11.952583549882265,11.75415325164795,11.743273839283823,11.635588596882998,11.72291088104248,11.713648429655452
11.884495917930655,11.856610967011717,12.062992095947266,11.943494425169519,12.038307230915958,12.03451156616211,12.034310922432608,12.06249807061225,12.002277374267578,11.989304117089462,12.04539622636439,12.133030891418457,11.992589630873901,11.934394057418572,12.087715148925781,11.981887624318002,11.928858355929766,11.99531078338623,12.003387781872608
11.728044909070785,11.864708512044636,11.777621269226074,11.778554204261424,11.716042240268411,11.797807693481445,11.80989017856174,11.73615140022381,11.829913139343262,11.80727466290356,11.742224294018225,11.73204231262207,11.800002401980866,11.712143333304612,11.765678405761719,11.787715717925597,11.720349268843492,11.761260986328125,11.795168331295688
11.790564777297387,11.763164388088386,11.78989028930664,11.787017366631108,11.780240530361489,11.789636611938477,11.80598296323933,11.7122668537786,11.799027442932129,11.791786434212426,11.72193659270866,11.81041145324707,11.79494393340956,11.739927303876811,11.797920227050781,11.782913611754356,11.753507290244404,11.801297187805176,11.771264784842664
12.128116509451258,12.199461312692637,12.155126571655273,12.19400050943086,12.158041635092744,12.170848846435547,12.179386543520126,12.188734925790458,12.16599178314209,12.18175938058584,12.20111430488236,12.153487205505371,12.178892338343545,12.220013954869,12.168272972106934,12.196742563032311,12.212991313252108,12.172486305236816,12.164804387006107
11.951186847493476,12.033499561350487,12.037243843078613,12.013249385722006,11.89772051797704,12.001007080078125,12.012728302475924,12.058348732602985,12.021001815795898,12.039587053818499,12.034356092480206,12.046304702758789,12.031685505741718,12.054251156722918,12.037384033203125,12.035102696972315,12.049010405816936,12.030495643615723,12.011100940488165
11.665655135642039,11.60342058123932,11.722389221191406,11.651594274296253,11.492963156001444,11.683178901672363,11.662966534735093,11.56295896670419,11.7083101272583,11.667402674921313,11.606937459078793,11.70287036895752,11.681125125765929,11.635669102780271,11.7626953125,11.695240313916743,11.620536612915329,11.699820518493652,11.672470700512395
12.513561021741964,12.417885503795045,12.437236785888672,12.312445313245714,12.242351306015841,12.334702491760254,12.269086551539155,12.26661620807883,12.391968727111816,12.275722355937091,12.292337698656462,12.480992317199707,12.383316883099605,12.365768678287932,12.494439125061035,12.376605735673497,12.463906917601726,12.535968780517578,12.344852163209026
11.951186847493476,11.857242371222084,11.967353820800781,11.99820919920753,12.023384863865084,12.006354331970215,12.004472021560238,11.952885840940185,11.95102310180664,11.981371903532523,11.939751379147069,11.960159301757812,11.960599712544417,11.974863109921449,11.961995124816895,11.968039366166765,11.85167025610407,11.935724258422852,11.983615018239856
12.384223015005313,12.473667290936087,12.551335334777832,12.564377413713745,12.499194793364905,12.524537086486816,12.574610472779366,12.452701380084578,12.538762092590332,12.623845969105856,12.575431653991949,12.515313148498535,12.595139879694353,12.427241013557367,12.524933815002441,12.584903397567135,12.346645692119582,12.613409042358398,12.59355713811156
12.277932735946903,12.30445119574462,12.265037536621094,12.262110987445617,12.341276833680014,12.255302429199219,12.256322261494526,12.312363426436994,12.275884628295898,12.248014107470373,12.317107398632222,12.266913414001465,12.236546385381995,12.297259561656874,12.222334861755371,12.248536090815863,12.37170122191648,12.260964393615723,12.245397109834293
12.094587859196112,12.054658126678511,12.067243576049805,12.050598125309177,12.036514611291139,12.076416015625,12.061726647349833,12.03304498077189,12.10561466217041,12.063625691960164,12.064641503415132,12.050522804260254,12.047792119981262,12.026607712954128,12.011115074157715,12.046229058844848,12.049208172650886,12.049243927001953,12.062417874001655
11.982935344196433,11.93961414276189,11.81365966796875,11.749314845636565,11.83393926433867,11.730840682983398,11.700238415286046,11.754234438684202,11.735392570495605,11.724648488115653,12.1463884301538,11.80013370513916,11.74140618949549,11.938318204750832,11.79471206665039,11.73977834325347,11.95164071140187,11.78335189819336,11.713694196957642
11.813037464800539,11.792182209523885,11.813501358032227,11.822004764160612,11.831338502975493,11.8081636428833,11.798055828454128,11.827002971980209,11.840413093566895,11.793883228535492,11.78171626490635,11.82340145111084,11.772240916350519,11.787482540113839,11.838919639587402,11.782203819881563,11.850570159834556,11.84315013885498,11.800040000539791
10.542732775946709,11.412382164902729,11.104093551635742,11.255381663978028,11.11201624561334,10.831159591674805,11.097087306537437,11.259417605069915,10.829611778259277,11.102824887844616,11.573598205649192,11.10644245147705,11.219883263740568,11.58529622898883,11.167731285095215,11.189836357466742,11.345405261478565,11.152003288269043,11.194666568350998
11.849404844423074,11.812473883423843,11.674139022827148,11.661376737041651,11.814746200416552,11.666921615600586,11.651300065173064,11.832646201141735,11.681487083435059,11.650667688739896,11.652298025105477,11.651333808898926,11.612802081984285,11.853050754155548,11.612129211425781,11.543681470482511,11.602803788030961,11.621540069580078,11.619859168276426
11.813037464800539,11.282446167850466,11.216471672058105,11.384489093622113,11.118490358098878,11.260207176208496,11.378648021682118,11.030119330761014,11.344194412231445,11.372481184817756,11.44913446611164,11.292397499084473,11.435855348466305,11.626831250075744,11.19062328338623,11.396200213945123,11.126724516469794,11.275412559509277,11.366857207263816
12.06105265381003,12.026498733058004,12.101093292236328,12.020808461126736,11.994183663413612,12.125309944152832,12.039272631378582,11.993657617368662,12.078984260559082,12.008276345868843,11.995358019575997,12.061354637145996,11.997199358553974,12.115680187632451,12.047645568847656,12.020388293851884,11.994808089867057,12.082959175109863,12.015590313666202
11.507922973347437,11.772660772927884,11.752737045288086,11.726976942046418,11.65952173666356,11.758552551269531,11.723953756276275,11.677054309819052,11.723075866699219,11.735261951671857,11.750502468921928,11.738899230957031,11.708364573758802,11.70236118199484,11.7162446975708,11.712422140954759,11.733559865033243,11.745065689086914,11.715339790206587
12.111767460549332,12.383512566624923,12.229225158691406,12.260241435312857,12.157458188471606,12.231758117675781,12.29205057292715,12.218261869332908,12.239095687866211,12.266334872727946,12.31270114952927,12.225132942199707,12.313884576754653,12.255671007654916,12.192882537841797,12.272764068669266,12.412263372836739,12.236079216003418,12.260226594240907
12.02874460037869,11.98876055389423,12.204172134399414,12.186466866633637,11.957515615176048,12.06546688079834,12.136935358489131,12.011247650755463,12.111369132995605,12.196485686390842,12.245457367221913,12.206124305725098,12.216789428877192,12.180015775721046,12.261646270751953,12.24540524372373,12.136641006663742,12.229456901550293,12.196312337291415
12.013706813470414,12.051918677106327,12.022964477539062,12.033764127394,12.057965264469026,12.071148872375488,12.04969208587808,12.141199772160238,12.024798393249512,12.061683951071746,12.101186050879708,12.04881477355957,12.056684349446163,12.131615291654168,12.052370071411133,12.068668122441588,12.19132805220159,12.014151573181152,12.038117794407103
11.356283350762888,11.401847465260557,11.282450675964355,11.330887955879028,11.131957290782118,11.210710525512695,11.240095358358332,11.335072675801749,11.144903182983398,11.243557236171394,11.076054847355255,11.265846252441406,11.245962997674452,11.246017947562377,11.216306686401367,11.300265203744813,11.209993943404543,11.259720802307129,11.323141059313379
12.20557752297723,12.143649031336063,12.237452507019043,12.213331846938845,12.236902371818896,12.22585678100586,12.219057376434426,12.077957975145603,12.210874557495117,12.212570304550178,12.300708892279609,12.247076034545898,12.198906044868993,12.162035856525678,12.219525337219238,12.220565711567096,12.133070873595766,12.2195405960083,12.215348405100162
11.608244735642321,11.64656711141035,11.653630256652832,11.647250885773783,11.63563016638443,11.651876449584961,11.669001730282146,11.566789780230632,11.652107238769531,11.64688610015457,11.759093198577775,11.69990348815918,11.631380077739287,11.558018231867765,11.659645080566406,11.625796514637658,11.590160744704027,11.705098152160645,11.647834342518305
11.842236406331555,11.829875637002534,11.828697204589844,11.844299043207165,11.733291198121934,11.790346145629883,11.809227917117946,11.76636372962518,11.8430814743042,11.852878089574064,11.875664512456828,11.867823600769043,11.889147880619818,11.909563849828713,11.893086433410645,11.898305852883446,11.796804036885478,11.838723182678223,11.866808564587219
12.091789104493502,12.15398011968626,12.124580383300781,12.058663533594219,12.149494439286972,12.08838939666748,12.02469595083779,11.963894116615998,12.097774505615234,12.000746667079945,12.13319826934397,12.119492530822754,11.994542540235265,12.080181556770487,12.137348175048828,12.054741249277491,11.79078948025554,12.117022514343262,12.05862898253553
12.724869415131389,12.779414158540197,12.631412506103516,12.6530922749248,12.830547174824154,12.635490417480469,12.658540103356025,12.575766842126498,12.644969940185547,12.624175909452143,12.650369128978928,12.660402297973633,12.649524210057148,12.609527527667803,12.660792350769043,12.656392134128488,12.670294687768244,12.66883659362793,12.65423948443269
11.982278882874377,12.08589395365851,12.071581840515137,12.080485322245869,12.173654764470859,12.116264343261719,12.062894322173003,12.074403974372606,12.087102890014648,12.07220122288063,12.038287015734841,12.042464256286621,12.060854084376878,12.030110475776064,12.090062141418457,12.067220541069961,12.108945627360685,12.10911750793457,12.079666259666087
12.45254592991672,12.434784943450358,12.542717933654785,12.506657333350526,12.539789961146077,12.505297660827637,12.513138454012418,12.440550247679605,12.514609336853027,12.525477457652554,12.453397849656914,12.514854431152344,12.536080378855761,12.4477158712583,12.536259651184082,12.52873833274595,12.524068905907523,12.499190330505371,12.521287788832131
11.744045122410057,11.725784880982125,11.799972534179688,11.827876028978876,11.758761185573327,11.81304931640625,11.884822755953442,11.725187206486357,11.794140815734863,11.836165777335339,11.729936790934353,11.779399871826172,11.814976465974723,11.7236487264569,11.779634475708008,11.864357477169198,11.702963849129324,11.780689239501953,11.854884915585915
11.736077016252437,11.822619446694766,11.74152946472168,11.761730003784573,11.934881506256783,11.786276817321777,11.758036270082856,11.81442659269391,11.815362930297852,11.804709562214514,11.831222179443138,11.845717430114746,11.85649744510409,11.815596044948142,11.759300231933594,11.769864969773558,11.784020059552775,11.730846405029297,11.749569547319695
11.669937760751914,11.745770117891155,11.779043197631836,11.768511085697995,11.758102479639884,11.822685241699219,11.810628922715404,11.730724102505194,11.738861083984375,11.758238100849358,11.760289754774286,11.760968208312988,11.755671190173691,11.834430470434901,11.797947883605957,11.772457771480045,11.830182484078478,11.792370796203613,11.779032855969048
12.887129532148373,12.992234593082864,12.773601531982422,12.750020494027911,12.841450923055065,12.858805656433105,12.780838509906818,12.896550393452983,12.84841537475586,12.757546299817834,12.89331897471723,12.845797538757324,12.725133342962017,12.736372207496329,12.790495872497559,12.733523636870057,13.01420519915785,12.858501434326172,12.753576113387368
12.180759965737863,12.151591872879509,12.137340545654297,12.122056666772266,12.068496185091062,12.1079683303833,12.125158715634356,12.15782308813326,12.145890235900879,12.123488620444006,12.177073905957258,12.087769508361816,12.087731965903474,12.232659197765106,12.0877685546875,12.08302596840833,12.170503070686255,12.137624740600586,12.111753277555424
12.190964083849375,12.236003933184024,12.16729736328125,12.169158863456461,12.168530415561483,12.163289070129395,12.16340125959776,12.181862154195437,12.162897109985352,12.153455457035998,12.168347163511557,12.168092727661133,12.173488770521445,12.197190616894332,12.156426429748535,12.163270685151106,12.179611283330816,12.1482572555542,12.152569738361274
12.759960632315702,12.611144027370935,12.658245086669922,12.623172227163138,12.673206003545449,12.67933177947998,12.667439296673288,12.759487295773267,12.668562889099121,12.644191195338543,12.68093073350953,12.679545402526855,12.676558079142081,12.696010906535927,12.650471687316895,12.684734421600849,12.61298838372365,12.679347038269043,12.64322693292834
12.031725210748633,11.975097792531146,12.197816848754883,12.191301036485733,12.278176658637376,12.070316314697266,12.160604807185484,12.386996943752221,12.28152084350586,12.264388640364375,12.252434799131137,12.126336097717285,12.2408711016242,12.151360627686739,12.214770317077637,12.239337413566728,12.407801985369748,12.179985046386719,12.232640462187208
12.138869243416009,12.077789105332359,12.204550743103027,12.127604788444264,12.132608299190396,12.148037910461426,12.14299311737923,12.119027839021667,12.156901359558105,12.102997170112715,12.191720302929845,12.203834533691406,12.144774555856255,12.175506401729113,12.184239387512207,12.143181092803996,12.050540258244709,12.19639778137207,12.104258420215798
12.066241450757124,12.00583678613694,12.069446563720703,12.08935711731101,12.119937063072515,12.08518123626709,12.080316524314505,12.101524399406602,12.076493263244629,12.076059925360779,12.089758298210777,12.081006050109863,12.06547277114684,12.084341451233703,12.060890197753906,12.078626831442135,12.068229308202739,12.027998924255371,12.05735533406388
12.729323752253295,12.8449442707265,12.728556632995605,12.693870925069985,12.753711129189382,12.690629959106445,12.688274622323295,12.63957482655301,12.719755172729492,12.681646777315025,12.807770457182691,12.742338180541992,12.68921459099214,12.77322343411089,12.756278991699219,12.70959621849033,12.738339666210349,12.703923225402832,12.679061107436468
11.7085004721646,11.749541488623382,11.59869384765625,11.654755066533182,11.516103728558749,11.58123779296875,11.612277158316466,11.618262794465986,11.578761100769043,11.61498120552857,11.659926576432042,11.613229751586914,11.63672172766592,11.726292549129502,11.569159507751465,11.622562120313605,11.58045726357067,11.593253135681152,11.647896699200091
11.824087219587643,11.833615094821395,11.835233688354492,11.795429551281549,11.816574129592205,11.779077529907227,11.78565859702676,11.861967795789578,11.792926788330078,11.788335985586876,11.809315677528799,11.79732894897461,11.79869167682052,11.987700820685001,11.843276023864746,11.782267834287659,11.837807203018313,11.839744567871094,11.794889963140138
12.128116509451258,12.160866242029702,12.022481918334961,12.031403597570803,11.962295586885137,12.008437156677246,11.983894362391679,11.834378813128456,11.984284400939941,11.981329669410584,12.039535504471292,12.010783195495605,12.0010803157946,12.098507442727037,12.00008773803711,12.029373874932373,12.080443669438623,12.029500961303711,12.03283126571191
11.418625774449598,11.363179954470677,11.333111763000488,11.390805117099525,11.56874101170631,11.438299179077148,11.532886432658218,11.547907942876638,11.44480037689209,11.526253556298462,11.567768478253543,11.405173301696777,11.501751328807233,11.202408663566036,11.297220230102539,11.404326502117417,11.524416127092023,11.40599250793457,11.445809293401107
12.235636302128867,12.14947757871484,12.15701961517334,12.167168974850151,12.23894874567457,12.195230484008789,12.165992337748243,12.204307640244245,12.175873756408691,12.168135319937159,12.09767374135999,12.14108657836914,12.163372936873035,12.143264893706377,12.17641830444336,12.170200500267487,12.190441521774334,12.183079719543457,12.180518016384411
11.314486721293981,11.901022522778817,11.118005752563477,11.432586139557996,11.466528437113938,11.292369842529297,11.458248245749932,11.327431221424394,11.447447776794434,11.469435125252888,11.474428310396098,11.0152587890625,11.454517984285063,11.764862018043226,11.10655403137207,11.387458517122058,11.355697975267734,11.198918342590332,11.400292747656314
11.362114203075018,11.438215306713815,11.302597999572754,11.416415086137642,11.732122065074085,11.390525817871094,11.408912170157365,11.299272807995298,11.353818893432617,11.324069878592633,11.605683865746547,11.321311950683594,11.374218991296242,11.710920694063708,11.395069122314453,11.474949332898417,11.38184230549627,11.344854354858398,11.423813005656466
12.354496960983985,12.346475371937961,12.408921241760254,12.407285588479365,12.419959250850372,12.406579971313477,12.384274385412038,12.391562913301506,12.430679321289062,12.401919059138386,12.329869075344375,12.393196105957031,12.400829236935849,12.361070170232107,12.44013786315918,12.402208724139813,12.42107954128427,12.397452354431152,12.406203013804982
11.827049837927534,11.876734852485153,11.89338207244873,11.859918304624978,11.828319262816509,11.804359436035156,11.836638352451075,11.799729605427322,11.836441993713379,11.85138082839412,11.968925209754675,11.958266258239746,11.912816407524113,11.973416178007048,11.915244102478027,11.923538260078564,11.964006269580715,11.888618469238281,11.869145838752678
12.10625783509458,12.118475825276725,12.142160415649414,12.186947391668319,12.199177494157597,12.181910514831543,12.245326523751126,12.209545612750363,12.151013374328613,12.206094955829839,12.127317783314052,12.13929557800293,12.217661890800473,12.125393170549707,12.14509105682373,12.187817684052408,12.21535622519799,12.154109954833984,12.205281555156555
11.917730355182513,11.975983173533042,11.799816131591797,11.812471239601894,11.94843907835015,11.751516342163086,11.805003846880028,11.75342227904156,11.804372787475586,11.804546511278897,11.878631968503012,11.795403480529785,11.789192482341793,11.860897392803068,11.817898750305176,11.790596401405663,11.822060039736161,11.797384262084961,11.797802783180874
12.004574385508691,12.089124364342277,11.99449348449707,12.065360107851024,12.256098476034893,12.09959602355957,12.081034272438918,12.032672641631248,12.121001243591309,12.10722999918423,11.955902759664593,12.066594123840332,12.089447546522083,11.911592807068507,12.013258934020996,12.058505874502782,11.87991000093882,11.979937553405762,12.056929012737925
11.385103457032141,11.466931042325712,11.349215507507324,11.335139174358908,11.352791896612278,11.352334022521973,11.310609349969411,11.174538658717877,11.346746444702148,11.321002824962314,11.233451362888351,11.256908416748047,11.316734067503482,11.335915724325424,11.354131698608398,11.34858004780682,11.48705334150855,11.345714569091797,11.344033156113293
12.388398368982115,12.383303027714778,12.357499122619629,12.35830296285701,12.471471840351205,12.346037864685059,12.353349212625423,12.384513818239887,12.348027229309082,12.365810347683873,12.311548494021526,12.278436660766602,12.362359084678953,12.464998157611763,12.328516960144043,12.357070420831219,12.466935453471384,12.305395126342773,12.351864971511041
11.532737896139919,11.665037523193975,11.646781921386719,11.72034935095611,11.651897741612556,11.704626083374023,11.756756853997281,11.526712015964847,11.655869483947754,11.673352578563044,11.465678695462575,11.654258728027344,11.666650654460973,11.628764518520882,11.710474014282227,11.79102973179951,11.493140526811338,11.646119117736816,11.685585059519623
11.813037464800539,11.755598258457368,11.742914199829102,11.698868662563257,11.525699651055863,11.64836597442627,11.663602555705262,11.609152780546129,11.713300704956055,11.701605907127254,11.752188464881442,11.74108600616455,11.668624115384794,11.816888732758446,11.759224891662598,11.716445301092735,11.703689002194093,11.767607688903809,11.727422199369876
11.51293546492023,11.86935138189706,11.606931686401367,11.671783096762995,11.745581289208111,11.616117477416992,11.718148204749868,11.81119554750206,11.617199897766113,11.694668133426278,11.574516263816404,11.632112503051758,11.722218613815837,11.625268175636654,11.6349515914917,11.713213287632168,11.679578305381625,11.635296821594238,11.68881475863565
12.013706813470414,12.084472767927302,11.993448257446289,11.799384301172932,11.979351506061375,11.892788887023926,11.751298912825018,11.981253544317116,11.952929496765137,11.795150099478581,11.953449662405482,11.980358123779297,11.845501072052018,11.993401345033016,11.953773498535156,11.846805964664295,12.164848653879279,11.9693603515625,11.821662189073642
11.350418300109132,11.802520077000743,11.515510559082031,11.622002068867454,11.42942827233663,11.574238777160645,11.667345846794264,11.382749543377203,11.470372200012207,11.625179092490958,11.544837304564599,11.534993171691895,11.598920099317475,11.404667702674734,11.473834991455078,11.579662936868099,11.354403015297029,11.530953407287598,11.587069396199594
11.688566422839942,11.634789197364904,11.729722023010254,11.753976601466766,11.797119596924624,11.717487335205078,11.725942711011351,11.834512357377115,11.8007230758667,11.729865050847845,11.811742370612395,11.742350578308105,11.725500752776465,11.798424030897504,11.72887897491455,11.75257774197497,11.81459521917359,11.81716251373291,11.729299683119896
12.33270970174018,12.271379661871554,12.272998809814453,12.263857020828931,12.234583486842864,12.278215408325195,12.232898546258557,12.250597584730741,12.284083366394043,12.270502481464847,12.236165640272036,12.29284954071045,12.283412136669625,12.21645553195521,12.297622680664062,12.261447969434867,12.198314798211383,12.292418479919434,12.263070640897059
12.220966184120165,12.392977859789484,12.322433471679688,12.30356184472444,12.2506028392782,12.308391571044922,12.307156624712936,12.264377129896708,12.294999122619629,12.291660154794652,12.373024229611575,12.3298921585083,12.306825783224127,12.369406765328046,12.321730613708496,12.32344578504943,12.231458836355175,12.289732933044434,12.296426025444603
12.141539457711714,12.17441839419591,12.135982513427734,12.22913583805726,12.2312647909964,12.25240421295166,12.249840696940367,12.12198556881571,12.173379898071289,12.262951499770372,12.066279440498004,12.16952896118164,12.242685258084268,12.090456080627918,12.16508674621582,12.20919346569079,12.258247943726769,12.19030475616455,12.220416438183308
11.982935344196433,11.984978225508744,12.041956901550293,12.061652879638352,12.072117658509724,12.032608985900879,12.040981249538854,12.12516370451774,12.075688362121582,12.039740884449797,11.982028605184903,12.041481018066406,12.043595829214926,12.014193934663595,12.010730743408203,12.048717482955825,12.039766246892988,12.027195930480957,12.056801450901858
12.271349956195543,12.269140263627477,12.197705268859863,12.2233060523292,12.102806542522222,12.193034172058105,12.2308991487588,12.1601918138335,12.160320281982422,12.184578232592298,12.314229198698524,12.208213806152344,12.204328552558106,12.307788772534252,12.195690155029297,12.201875516957024,12.156428389218068,12.149374961853027,12.196248663367935
12.07824495582233,11.968767990264727,11.923145294189453,11.81551846318003,11.94445666769005,11.931334495544434,11.82439002384256,11.912576109556838,11.939976692199707,11.797412318640365,11.880852457684684,11.907035827636719,11.813242938831753,11.916123262083655,11.947724342346191,11.818886117029669,11.943389976624543,11.953099250793457,11.813225757940389
12.175618592671356,12.268794704685357,12.196393966674805,12.184743263943947,12.210217741893523,12.186756134033203,12.195892922057173,12.190951525126797,12.189231872558594,12.189356454995115,12.230621108344382,12.198415756225586,12.190527077289843,12.235605470999545,12.22065544128418,12.190652453004807,12.187537757892708,12.187434196472168,12.184035724635855
11.373674891823535,11.555186293730678,11.663325309753418,11.676273870031231,11.708872316153055,11.567084312438965,11.646427592206031,11.656028746968234,11.624516487121582,11.668730937381065,11.728480852000558,11.592215538024902,11.662234781196965,11.747122593068458,11.640957832336426,11.643914569286487,11.769138108004752,11.651538848876953,11.659030608885383
12.160033942617156,12.167328028945128,12.144871711730957,12.209372512717856,12.19465719453218,12.179841995239258,12.24915665258109,12.197197023370396,12.155905723571777,12.216128917802813,12.124481797331761,12.13929557800293,12.220714198094205,12.12389452858449,12.14509105682373,12.189215982161246,12.200213196630953,12.155406951904297,12.216686866123723
12.567240979056246,11.92148285156318,12.73568058013916,12.699912549997276,12.495513326482882,12.688148498535156,12.660453320724962,12.349454428746597,12.732913970947266,12.715070020864848,12.396079282216894,12.659643173217773,12.712920138765895,12.417910385294615,12.667378425598145,12.655446710828295,12.357116773597493,12.69528865814209,12.665035554125453
11.630717389475995,11.74321700315396,11.722763061523438,11.743448600875801,11.737808279770187,11.716378211975098,11.734284449439476,11.68719464245858,11.695660591125488,11.73453001045887,11.759721128486362,11.73246955871582,11.736706521193035,11.7534768857215,11.722911834716797,11.740828815361773,11.640846742748966,11.735234260559082,11.731372558547404
12.02874460037869,11.888061182274447,11.90693473815918,11.931396998925866,12.092140911717834,11.949588775634766,11.894565554213397,11.943639371343956,11.888885498046875,11.906187865044949,11.84310388626907,11.905193328857422,11.923047810290829,11.832646983518112,11.879420280456543,11.910728904234277,11.959931704745307,11.88054084777832,11.937382716098716
12.588194064175278,12.681466406317405,12.663823127746582,12.626999259642266,12.500337467675239,12.539549827575684,12.496454649698343,12.54786879413243,12.680081367492676,12.623980613660088,12.77186428370255,12.684015274047852,12.661226116079195,12.599654976789838,12.667032241821289,12.648995799611262,12.515566616627346,12.640580177307129,12.624798736922958
11.561725152903833,11.726089835981023,11.75073528289795,11.786112112275715,11.835961088762193,11.836731910705566,11.80478048314475,11.789072341177075,11.75172233581543,11.798054064138888,11.598475509305288,11.745723724365234,11.790973537381683,11.690722824317659,11.779764175415039,11.78825464438204,11.75162185313818,11.778322219848633,11.796769007638014
11.678448377988165,11.61278915829062,11.674983024597168,11.67059739105359,11.767748703640459,11.71440315246582,11.682870334414192,11.636192581094342,11.678478240966797,11.680045558483258,11.823683137222433,11.732867240905762,11.687013391857795,11.678963580991907,11.690771102905273,11.68974951158359,11.63419053637484,11.671382904052734,11.666441136957753
11.982935344196433,11.740044305605403,11.838227272033691,11.800873845727128,11.731798870083717,11.761653900146484,11.793307484816326,11.738786871672655,11.809701919555664,11.78778216815889,11.790868262974314,11.854995727539062,11.840639385433606,11.72276134796026,11.839770317077637,11.81994091737234,11.939915366348558,11.859248161315918,11.85596965376494
12.190964083849375,12.027720522089075,12.253135681152344,12.42536277382328,12.29241067863854,12.396370887756348,12.444281711547985,12.11718725839181,12.358611106872559,12.389266687803248,12.015033763556268,12.249135971069336,12.403778536114144,12.099350679677864,12.232660293579102,12.417383206212358,12.190001749802734,12.408651351928711,12.46084317952022
12.644330802262578,12.604088111468917,12.689461708068848,12.62563785893352,12.551664268144656,12.653654098510742,12.561785599377775,12.507491807707881,12.705035209655762,12.647367680703756,12.788445598260978,12.7177152633667,12.641568299931977,12.711534511598447,12.663816452026367,12.630437091374771,12.566480732130334,12.713066101074219,12.639812323875178
12.345838935721968,12.353019701351156,12.366050720214844,12.368420590354747,12.606279200736655,12.351896286010742,12.385346436520484,12.439090774259919,12.360013961791992,12.342549649831703,12.387710343331213,12.357150077819824,12.328449371056083,12.401829413095822,12.371774673461914,12.344286645204859,12.414336463541892,12.367212295532227,12.370815997287327
11.693169865968983,11.773571453127865,11.66958236694336,11.562998552302778,11.769341653124416,11.599268913269043,11.54981016160657,11.841896955689256,11.57200813293457,11.568564665697858,11.723599683121424,11.70583724975586,11.594043281956,11.897040446657588,11.687471389770508,11.573925396987944,11.73248316467197,11.59267807006836,11.588091615802835
11.338583982516495,11.492303256092054,11.259248733520508,11.405400258865024,11.489722877894902,11.466224670410156,11.465490664964017,11.476381884906901,11.447389602661133,11.505627394230432,11.287152645296676,11.212952613830566,11.46926676795728,11.329206261344924,11.247110366821289,11.402225242020384,11.342926925055995,11.289051055908203,11.387156364485309
12.66191713053049,12.675864037451285,12.67140007019043,12.65642786778662,12.555081386671148,12.716533660888672,12.646978649045616,12.60220085779773,12.667387008666992,12.643344801744197,12.72263084344708,12.689942359924316,12.636025134646685,12.725099517893753,12.744309425354004,12.67631308061616,12.727206813142683,12.647674560546875,12.627361309178383
12.567240979056246,12.389485208887683,12.514238357543945,12.515393490547146,12.656615163109262,12.530192375183105,12.524957471145328,12.53429300830518,12.496221542358398,12.510455764981732,12.512248152374344,12.54045581817627,12.524083252284253,12.521251907195166,12.578137397766113,12.545297712781222,12.446719624773857,12.506393432617188,12.54423691742297
11.48247656671073,11.40570961865788,11.549365997314453,11.595612473348318,11.544630927214852,11.539308547973633,11.603394983792636,11.586578572004184,11.523406028747559,11.568821783059594,11.511322983533818,11.486865997314453,11.5570812501387,11.404146165488287,11.445244789123535,11.54540446685746,11.655779148549195,11.520546913146973,11.542148924162735
11.289794413577894,11.439941040452654,11.343600273132324,11.418417068075579,11.476783962273851,11.454089164733887,11.425256109638067,11.284238849079786,11.467153549194336,11.43538081368935,11.372428266685285,11.223210334777832,11.305642609608284,11.309404847569317,11.2703218460083,11.356574357197328,11.503879773027423,11.328049659729004,11.408190221722588
11.951186847493476,11.922952743550974,11.934561729431152,12.002778362694551,11.957305414830108,12.104941368103027,12.087139476095526,12.048199877823782,12.091861724853516,12.057913859976319,11.804966080987976,11.915879249572754,11.955057382915868,11.991190363031997,11.949295997619629,12.017657958623685,11.777873387003698,11.989790916442871,12.007668623938208
12.06105265381003,12.03012922455746,12.056754112243652,12.054765278914516,12.067687848611788,12.079509735107422,12.027046559200093,12.04580464574049,12.058544158935547,12.017344683725975,11.942227416163371,12.067625045776367,12.038720483051689,11.970328747280831,12.086980819702148,12.07530376992076,11.959131956712396,12.063858985900879,12.040314267252826
12.185875040240456,12.248810688523292,12.10352897644043,12.112860914573302,12.142843360505111,12.104410171508789,12.11466043152019,12.167015417651845,12.1118745803833,12.115485984259934,12.19971572730918,12.091512680053711,12.1026587642837,12.16612900753046,12.090642929077148,12.122511476327091,12.187142000964808,12.123804092407227,12.112934427985605
12.47717172708952,12.573225049699262,12.47018051147461,12.501689631679659,12.376481336894619,12.473258018493652,12.542527748515862,12.376798806674822,12.436750411987305,12.537306955504322,12.445199275911683,12.445976257324219,12.50777427830708,12.484766440161343,12.439833641052246,12.523411687104307,12.583738542239539,12.467659950256348,12.54421203786828
12.535379989788607,12.280621785303968,12.634526252746582,12.640842711910986,12.778041255820344,12.645254135131836,12.663522294817852,12.759815842152559,12.578295707702637,12.632236907073088,12.702264256529851,12.593377113342285,12.616070105889099,12.699103143769563,12.601828575134277,12.639079568804975,12.593542160704486,12.523253440856934,12.655408919636344
11.846543632608535,11.757297477462522,11.727235794067383,11.781007183044084,11.953500367538732,11.689139366149902,11.77511966603153,11.921847353983173,11.698980331420898,11.776193956993579,11.886704300286373,11.703535079956055,11.75868393330222,11.805676779217269,11.701239585876465,11.77238297414181,11.72393278577376,11.74767017364502,11.748950240843987
13.229569788348705,12.997465606848557,13.029934883117676,13.019899539170279,13.112543194472734,13.084074974060059,13.061955750211995,13.174553363418916,13.075095176696777,13.018370661355394,12.844289942380657,13.062295913696289,13.011691668998717,12.85993920344775,13.064931869506836,13.025743919677431,13.315495676984227,13.012287139892578,13.005765392847618
11.884495917930655,11.937139380214754,11.861546516418457,11.881022446108904,11.964191912477178,11.889983177185059,11.890764212153757,11.92466695808633,11.900355339050293,11.881640743789463,11.923281849346287,11.891170501708984,11.879323857190697,11.923109311789537,11.874643325805664,11.876258395708087,11.89573625441096,11.88859748840332,11.877396130611642
11.652696102959753,11.758833364387492,11.863751411437988,11.94608333616878,11.96759848453284,11.971992492675781,11.970790462636607,11.857191804927831,11.9111909866333,11.955459565168168,12.1056942237614,11.93425178527832,11.999711452783755,11.85956492830911,11.971731185913086,11.989541781343181,11.895145560583469,11.9207763671875,11.969125509868238
11.349241150793087,11.602744864595918,11.572375297546387,11.585535906564361,11.57304369938746,11.54184627532959,11.542043415033268,11.594418067633933,11.545581817626953,11.514981701897243,11.549139602045594,11.578652381896973,11.561197525768518,11.633612636838542,11.55795669555664,11.595342945521251,11.584449758579849,11.598893165588379,11.567227392023323
12.080996832096167,12.123252554538466,12.125741004943848,12.1287848306491,12.087532447118818,12.107462882995605,12.137722261256785,12.064057994806225,12.146378517150879,12.145154574794566,12.083352204367204,12.121953010559082,12.125023087715668,12.08810413014082,12.129806518554688,12.140529465918105,12.109475481431925,12.127511978149414,12.132746154120591
12.206782393599413,12.097668669591245,12.128901481628418,12.130030783155494,12.04414443745014,12.17069149017334,12.147103650184913,12.086737151819218,12.173135757446289,12.144045860637576,12.065948652236573,12.16951847076416,12.139785027057304,12.085715873018504,12.14681625366211,12.135533291165139,12.077751680678427,12.130537986755371,12.12281008811698
12.013706813470414,11.904365003444777,12.046648979187012,12.064126805303776,11.92186759689853,12.11800765991211,12.099991541074193,11.95946295557878,12.061094284057617,12.090759097098845,12.11729619187535,12.102293968200684,12.095381714787438,12.178566514982263,12.104090690612793,12.114845024642682,12.009600953331557,12.09710693359375,12.095893386048788
11.881041706925902,11.954645848666159,11.937347412109375,11.903794155073511,11.843385489178704,11.938506126403809,11.991201828891949,11.846244432684765,11.954212188720703,11.937744910747826,11.88431950718905,11.921019554138184,11.919583527260237,11.882419077619824,11.92308521270752,11.903373254805008,11.95122160491242,11.971097946166992,11.941398897013617
12.449022745701502,12.421873972461649,12.484334945678711,12.47620491794306,12.410440734410354,12.434944152832031,12.436853051551743,12.528649000261575,12.51599407196045,12.476603469127589,12.465816200218466,12.505046844482422,12.466981490201132,12.44949473325312,12.489508628845215,12.476567140444997,12.465422204698523,12.495474815368652,12.493658862366033
12.100717685412471,11.991724798452392,11.995709419250488,12.035239176877466,11.951065619833848,12.084688186645508,12.07223158339233,11.970931670649305,12.035493850708008,12.06275300807088,12.074438546552942,12.072507858276367,12.070715367435765,12.024595791698896,12.026945114135742,12.02487226616489,12.003161653289519,11.997503280639648,12.035136649503716
12.13270055639427,12.328520996394333,12.214742660522461,12.246089904693207,12.219319592737723,12.216130256652832,12.243036419242822,12.268986228045186,12.20257568359375,12.230544619187643,12.215969211724463,12.20923137664795,12.228066405838462,12.29519868955765,12.22400188446045,12.234696951809775,12.262975578676205,12.234466552734375,12.229112894644649
12.421188057397055,12.32563687667603,12.373355865478516,12.32587966369982,12.354572480121686,12.289360046386719,12.272658974218082,12.49235108892655,12.380266189575195,12.312980832879852,12.508806742122943,12.388556480407715,12.321989083475222,12.38530499695873,12.415901184082031,12.316745547757625,12.482257679528269,12.410061836242676,12.31216029200848
12.721888795877375,12.819751350490677,12.793319702148438,12.802995232736583,12.664858459387116,12.853973388671875,12.747739210926166,12.682560365559425,12.84034538269043,12.778847094910837,12.716315545648541,12.786765098571777,12.751240802684645,12.676146626135663,12.793490409851074,12.76486474321674,12.429139602145163,12.816963195800781,12.763557690911538
12.301387370778713,12.112943882342702,12.188897132873535,12.026442002071821,11.838513332671038,12.095666885375977,11.958609990987897,12.142130276284929,12.097052574157715,12.01130724068343,12.445396940502803,12.247851371765137,12.102451140964288,12.362844780037811,12.233834266662598,12.081338957657808,12.038426398035984,12.10658073425293,12.027749004000839
12.271396795480596,12.303036551069088,12.230318069458008,12.204178023728893,12.171414772571751,12.236327171325684,12.230626112661081,12.17686935714115,12.206687927246094,12.244266324419034,12.252065936585655,12.235594749450684,12.236359960741149,12.152702235010631,12.219550132751465,12.220636920139071,12.12471850683457,12.182250022888184,12.2101569315399
11.302216779257382,11.782254568229481,11.478520393371582,11.559370465371199,11.732515302075386,11.54814338684082,11.530187176463379,11.74734499318395,11.468404769897461,11.550206438649639,11.90393396588173,11.264505386352539,11.43553329356343,11.853608221071172,11.459219932556152,11.509788856847152,11.834774955486282,11.512564659118652,11.582361780486568
11.407576060361786,11.746021676970022,11.72045612335205,11.741402772922113,11.878029351121187,11.715953826904297,11.716441841673785,11.554405752847282,11.804011344909668,11.773948093327602,11.706556281807746,11.809486389160156,11.771968275299718,11.702065675190207,11.802279472351074,11.774461018618517,11.657996849697941,11.74866008758545,11.731873185642748
11.612779849672751,11.654647714115253,11.78333854675293,11.769005126077952,11.901312460328937,11.873821258544922,11.755538521351689,11.832446107225827,11.841859817504883,11.747662875151473,11.656366474569687,11.755844116210938,11.748376718008489,11.71741842538193,11.78946590423584,11.741837849758063,11.745095607501376,11.829548835754395,11.73358099444133
11.944714374881176,11.916569123753543,11.936569213867188,11.958984274153993,11.878734438563445,11.933558464050293,11.972197000774026,11.975773399777253,11.937605857849121,11.972895441228966,11.877291270099507,11.911109924316406,11.958277799848238,11.90291943078063,11.906545639038086,11.937377160033607,11.955212771600989,11.94117546081543,11.965404650861682
12.700771936142122,12.507605331395272,12.477598190307617,12.503545769112433,12.413257658374787,12.441035270690918,12.46080775280271,12.454625941826013,12.502726554870605,12.46150156343153,12.531825796706533,12.497698783874512,12.495149918834118,12.53999957383726,12.500823974609375,12.5068111532924,12.517708102170694,12.457297325134277,12.470479347320259
12.08954444723597,12.116584457226516,12.088598251342773,12.071662206181587,12.12558269412745,12.058804512023926,12.05403270918402,12.137217372390136,12.088382720947266,12.051242229590029,12.06357088440097,12.096833229064941,12.057701025527138,12.065419347497494,12.057945251464844,12.058598450120817,12.119266555198568,12.109274864196777,12.051120144912558
12.031129798974042,12.11520384784853,12.046359062194824,12.039659883421908,11.97750871896336,12.013755798339844,12.007698336065253,12.04021928755585,12.019349098205566,12.033375817857545,12.1712211957738,12.099581718444824,12.064138008919212,12.095676332154879,12.087397575378418,12.056465918825351,12.1555672786658,12.034120559692383,12.042182653007538
11.927687224983487,11.963059800540364,12.011102676391602,12.124654784341157,12.414796808782743,12.224404335021973,12.324197557093317,12.01891874419727,12.096999168395996,12.171535112837054,12.095307302282434,11.969193458557129,12.122895621145405,12.186438492222086,11.97796630859375,12.101826895609806,12.141069962515747,11.957558631896973,12.079890388857933
11.813037464800539,11.733593037130747,11.731548309326172,11.714280337567901,11.76546505643079,11.743189811706543,11.72988534862726,11.713266457773209,11.716333389282227,11.716159072132978,11.756440495170668,11.737674713134766,11.74304016665244,11.690025842852814,11.770308494567871,11.736274432088134,11.680980499930902,11.7447509765625,11.733210637842257
11.813037464800539,11.817631802493576,11.787720680236816,11.797865283187821,11.827952153623613,11.786166191101074,11.794472182592576,11.797668081865371,11.783391952514648,11.79479835492522,11.87177902032322,11.80772876739502,11.797326271966268,11.77786519906067,11.79847240447998,11.797429585024538,11.711765139842933,11.764406204223633,11.785853476736076
11.944714374881176,11.965563296267106,11.97684383392334,11.97234808841759,11.987581797448062,11.961126327514648,11.959882249705093,11.929630210855862,11.96978759765625,11.98238694373415,12.01009057550891,12.023041725158691,12.017659603872078,11.981674817594614,12.017394065856934,12.00870766594741,11.947254360898986,11.979042053222656,11.994820770936045
11.424105180165641,11.635851302548607,11.568158149719238,11.636870907635792,11.6113698741861,11.77102279663086,11.746199223295099,11.683094189871042,11.709487915039062,11.72513690813641,11.658742344746972,11.482489585876465,11.538195665170909,11.474412877221217,11.490943908691406,11.541119000929843,11.61531688465194,11.592901229858398,11.58984648539839
11.979805470779858,11.840844401438641,11.992783546447754,11.9654872800901,11.966935443867847,11.984407424926758,11.974581890064297,12.018700713371526,11.9822359085083,11.969524415723626,12.00306032710964,11.997912406921387,11.963612401090973,11.887902180601033,11.997445106506348,11.975473458395971,11.979098409751634,11.989890098571777,11.982048969684865
12.175618592671356,12.130581579443762,12.219320297241211,12.226537929234864,12.20107303528005,12.215313911437988,12.22061275841895,12.151593793935428,12.235389709472656,12.225741361550652,12.140637542356066,12.212406158447266,12.166203743504092,12.141368694598153,12.230329513549805,12.237741840207217,12.256469847497995,12.206401824951172,12.23900464620643
12.299112067295642,12.117074693051064,12.195804595947266,12.080737229472582,11.8685725121111,12.092409133911133,12.009346743660567,12.155379259172161,12.180038452148438,12.035991246629758,12.098210843123084,12.149162292480469,12.1108114340901,12.178355234566258,12.200636863708496,12.115897507706569,12.029188131632663,12.156412124633789,12.087403530304433
12.04355959836804,11.92337966992929,11.981828689575195,11.986586156627332,11.954846410728502,11.986496925354004,12.006058541984741,11.85798597110931,11.99303150177002,11.989253462890325,11.809478313087652,11.967994689941406,11.960780487554075,11.992687698707952,11.986811637878418,11.977061271354774,12.042488452137396,12.051149368286133,11.989402515310273
11.840796531639839,11.7783315553081,11.752019882202148,11.816944054808948,11.789574089003215,11.734848022460938,11.802331747777394,11.763790962467686,11.766921997070312,11.856171685388041,11.601098585422562,11.736992835998535,11.776048473846176,11.813963710372748,11.745361328125,11.809739904607603,11.8596211330434,11.785991668701172,11.837736224199016
11.956976469393481,11.82841147002495,11.85554027557373,11.843099215894501,11.906780624983906,11.893457412719727,11.871275618835135,11.826024198644127,11.866148948669434,11.841250231429662,11.858171837224317,11.854545593261719,11.855929885639052,11.858120263464288,11.831034660339355,11.846543685993185,11.77928147745663,11.859272003173828,11.838832794097742
11.744045122410057,11.78409025576048,11.803903579711914,11.814190055847469,11.712547956498044,11.834680557250977,11.821768246246695,11.761393710412197,11.822998046875,11.821126044211825,11.826764098429532,11.828429222106934,11.791707215223035,11.807911241006662,11.817426681518555,11.79834087336927,11.784881654308112,11.823077201843262,11.813382438145487
11.884495917930655,12.020429232507173,12.003379821777344,11.99756256275271,12.019072803385972,12.022305488586426,12.03967217175881,11.970638381550009,11.987225532531738,11.998569605562048,12.071994751300512,12.023417472839355,12.028989693725306,12.021562691690093,12.031543731689453,12.01735457261047,12.05633028439459,11.999963760375977,12.017888313298743
11.798111925972618,11.742284004601489,11.760936737060547,11.778013075600125,11.843369260890096,11.777711868286133,11.795771137007744,11.742509596139115,11.76645565032959,11.77781781889775,11.752204202635163,11.716666221618652,11.762722070252313,11.76248195350247,11.745905876159668,11.766696904101948,11.710494633080383,11.763577461242676,11.778026521214915
12.165255859329688,12.137137797048307,12.184450149536133,12.168681985918354,12.227957839069331,12.180944442749023,12.179882495474926,12.190046842060871,12.17936897277832,12.182613328991533,12.17187993001217,12.169425964355469,12.176723731681873,12.166106697964633,12.169244766235352,12.181401360490533,12.171561802767766,12.171330451965332,12.178760516209199
11.982935344196433,11.98685248425941,11.911109924316406,11.92114919074731,11.934601506669038,11.92520523071289,11.923396898505931,11.904429065587797,11.89607048034668,11.915948921754001,11.956309085607346,11.891969680786133,11.931697131759057,11.950824035667168,11.919656753540039,11.925915895476347,11.936099615009967,11.925941467285156,11.933198203179186
12.141539457711714,12.103605896101294,12.154780387878418,12.098916528539151,12.054140317914825,12.097522735595703,12.070714493232918,12.131166054472692,12.144306182861328,12.095396292966397,12.12799770709474,12.151715278625488,12.125502781509939,12.147508131261253,12.144414901733398,12.112041593069902,12.138902599012454,12.175997734069824,12.11594325497563
11.898194668458823,11.947341607598489,11.93228816986084,11.882155757922662,12.004753346461166,11.952710151672363,11.914825318744658,11.942549795685819,11.90740966796875,11.884327246276879,12.02357063951013,11.928495407104492,11.888562403925647,12.000024040070626,11.951181411743164,11.89474230851551,12.003176610423145,11.923312187194824,11.879775349807957
11.332613886815139,11.419747550220853,11.421866416931152,11.430185348334817,11.469651315542034,11.432829856872559,11.374208928642915,11.399760927337423,11.417923927307129,11.421223813857743,11.388733720731773,11.408061981201172,11.384200757120832,11.294967429842156,11.446913719177246,11.407913000599585,11.430554085694633,11.42569351196289,11.427431772557103
12.437188334739655,12.49383991612801,12.508393287658691,12.487184650990011,12.54442128416633,12.493639945983887,12.482206731813825,12.449245721958237,12.508523941040039,12.496263500266586,12.46847586374736,12.49272346496582,12.468569825680204,12.476881593358788,12.520345687866211,12.482467130506045,12.475644074573163,12.470125198364258,12.486256486989596
11.83138646878959,11.827460021015906,11.872795104980469,11.8339776574018,11.824535298714407,11.950517654418945,11.84661524217731,11.816946814554296,11.921046257019043,11.866141947404463,11.823328693658132,11.873077392578125,11.852200387041464,11.822459352913924,11.86729621887207,11.86003853345825,11.825131188285248,11.913866996765137,11.840199223955882
12.190964083849375,12.128621270356126,12.302165985107422,12.276113622500676,12.284352611008243,12.26684284210205,12.247166621655346,12.25843882211735,12.249987602233887,12.292340589047003,12.229780516354484,12.272937774658203,12.273895123657521,12.278092606801257,12.24242115020752,12.263431860516677,12.295703056729147,12.263237953186035,12.270550257334834
11.439289689006644,11.636872633945359,11.387656211853027,11.435250915670991,11.469045391054971,11.342339515686035,11.414688955326348,11.414941652035157,11.365939140319824,11.453217328450798,11.39617283157597,11.353816986083984,11.421105990491112,11.622539832490352,11.374244689941406,11.412983136866362,11.399157889310393,11.355086326599121,11.433293782189521
11.982935344196433,11.998078693291365,11.941144943237305,11.985192489458965,11.95021087784882,12.001603126525879,11.99490212229946,11.962197425214676,11.974508285522461,11.965646771291453,11.95271415151509,12.000035285949707,11.999059052382865,11.959135377926584,11.958586692810059,11.988438191956178,11.944477893035502,11.961851119995117,11.979064184491417
11.824087219587643,11.987012206917166,11.992298126220703,11.986510575731808,12.044897177432242,11.9888916015625,12.009950713404468,12.071460266235174,11.95936393737793,11.98343999237571,11.895936745711898,11.987760543823242,11.987087379363167,11.838372275249501,11.978371620178223,11.984340911136666,11.888714509956042,11.919371604919434,11.979388258783917
11.891368749982085,11.99498256734176,11.912306785583496,11.879159838248661,11.909126961497504,11.890235900878906,11.867602852709739,11.884341603790324,11.881994247436523,11.884005443078108,11.938946219026882,11.927224159240723,11.880105902686555,11.928590457481157,11.914623260498047,11.859642426792703,11.8153321263869,11.8951416015625,11.877030790454013
11.767575435251748,11.830866798911552,11.77735710144043,11.716817868820055,11.835603665193759,11.800731658935547,11.750122176019921,11.731552062428797,11.738499641418457,11.68975746356124,11.761454111355878,11.746126174926758,11.73483245557285,11.77892796046054,11.779869079589844,11.724755486848585,11.714469001569835,11.748275756835938,11.714382669096786
12.080696479888447,12.053269787639957,12.05009937286377,12.096505841003138,12.145168289595057,12.064108848571777,12.096714397575434,12.07933684321945,12.089256286621094,12.099745690344163,12.106852218332431,12.056028366088867,12.105314857686922,12.092122140047756,12.041443824768066,12.083092794677704,12.089260825947648,12.045923233032227,12.08314864523174
11.751950239425476,11.62925859178459,11.717597961425781,11.76114695890694,11.672133735481658,11.677968978881836,11.731962694463686,11.749595136440732,11.634154319763184,11.728771683852795,11.60040580072371,11.66655158996582,11.687822858505703,11.718180097530167,11.735895156860352,11.73824139257914,11.546558191206174,11.691703796386719,11.72776677399701
12.04355959836804,12.00689026163283,12.051369667053223,12.08268496259319,11.89305112840812,12.087656021118164,12.070784056977752,11.747491659724865,12.069098472595215,12.05271940780022,12.122159285377993,12.048541069030762,12.026038476138101,12.025795823413022,12.055675506591797,12.026566033704126,11.923824695977684,12.037370681762695,12.044593757841152
11.759793355371237,11.677771156131731,11.619287490844727,11.616557909305948,11.544874502464946,11.615164756774902,11.60934474920978,11.453429923282009,11.611700057983398,11.600263033653615,11.696478593867312,11.623014450073242,11.629949919425243,11.460751269125922,11.5918607711792,11.605937902848924,11.485141196366461,11.629022598266602,11.620567525722803
11.964007453736912,11.948166592193202,12.049623489379883,12.125701588518925,12.102689871602623,12.075763702392578,12.129642417227096,12.064751987391645,12.12712287902832,12.101785796321167,11.993982332133442,12.12281322479248,12.116631760977969,11.950881963385543,12.040274620056152,12.055618892159329,12.178566266295462,12.088996887207031,12.110991738126694
11.002116507732017,11.40368023961996,11.125619888305664,11.102699152467705,10.71684531056857,10.799589157104492,10.867692280406803,10.727336067879202,10.82706069946289,10.930763569603501,10.951344341460603,11.05985164642334,11.041471791050759,10.9567629510185,11.118461608886719,11.085663676642369,11.139696050028704,11.133622169494629,11.016353506704624
11.691080018519527,11.648492960966855,11.70683765411377,11.705393129758779,11.723989394012156,11.66997241973877,11.673625612242677,11.724667656801042,11.726104736328125,11.710313371678254,11.691906570536222,11.697528839111328,11.677309602265753,11.700995815437066,11.721190452575684,11.690765618891641,11.697255407838874,11.709800720214844,11.705095301007168
11.813037464800539,11.760308699321058,11.81159782409668,11.803397269260866,11.862052821715249,11.827613830566406,11.822235008377376,11.862696931080162,11.832358360290527,11.818558021301728,11.827221262610811,11.869863510131836,11.800208082008085,11.847739061370314,11.870232582092285,11.813429673372593,11.826711118523336,11.844099044799805,11.82320276932814
11.979805470779858,11.984126830650672,11.933518409729004,11.823982059926685,11.906740343734972,11.891230583190918,11.840825239200113,11.821920556005965,11.84398078918457,11.840199779227191,11.845574139223059,11.885859489440918,11.850997934385958,11.987195523412328,11.969125747680664,11.85031707374101,11.896956090291534,11.874119758605957,11.85538961170281
11.571203807011969,11.552986735813022,11.624824523925781,11.698181396555224,11.698814282336507,11.55933952331543,11.669793220303774,11.563905110966097,11.601555824279785,11.654795216817066,11.566804225024393,11.610193252563477,11.688190297832575,11.539060982984427,11.615560531616211,11.71571019939323,11.598061273022937,11.560124397277832,11.712515027266344
12.691583538230217,12.711055680351533,12.81943416595459,12.6657450331457,12.911950669412123,12.827576637268066,12.70231290306877,12.823027942375667,12.821710586547852,12.6905528488667,12.693296012305675,12.736833572387695,12.676527817689053,12.77066995086113,12.755916595458984,12.693992911208946,12.914010363850684,12.770492553710938,12.713054641060529
12.100161978566867,12.191349596357645,12.247955322265625,12.225483984911726,12.129614630389765,12.163954734802246,12.233968208140997,12.279167386448073,12.19984245300293,12.257330645037154,12.039458644245652,12.175493240356445,12.211684918156152,12.136500862876803,12.110081672668457,12.214743258461702,12.115409349327456,12.178339958190918,12.248371915089566
12.52352951631214,12.272979007301641,12.363199234008789,12.358798609393366,12.230596344320865,12.346365928649902,12.342421001128054,12.300554960705758,12.409841537475586,12.36885994291576,12.310874367081812,12.347064018249512,12.335607079868865,12.282339785141673,12.365042686462402,12.372577399226762,12.195037591207601,12.40244197845459,12.363939643552223
12.10625783509458,12.062895120734531,12.03458309173584,12.088558080797435,12.108046768181993,12.099900245666504,12.098954960549865,12.092483200498105,12.076101303100586,12.08613194016816,12.110609688592342,12.087276458740234,12.089055619962092,12.103440447575144,12.053240776062012,12.094934577454099,12.103885699581369,12.100024223327637,12.088456218168806
12.54254845357358,12.703990461362197,12.602742195129395,12.614620176803358,12.742173750249146,12.596192359924316,12.604147119359771,12.704792199310017,12.573882102966309,12.628335783628046,12.614588971151539,12.545671463012695,12.597537329923217,12.674574372841173,12.538983345031738,12.600076105827462,12.793202871240268,12.563545227050781,12.60645652543269
12.144202560946876,12.14766390169993,12.106736183166504,12.125542069067158,12.033146067970124,12.107051849365234,12.076371810387915,12.068666759315681,12.090921401977539,12.109057336825638,12.100588349451883,12.11220645904541,12.107620586566702,12.126092290834206,12.130387306213379,12.089675909126962,12.083981875437333,12.11440372467041,12.123964382384866
12.230770136157428,12.159319420657393,12.214892387390137,12.189654549576924,12.128177548013191,12.245424270629883,12.16828730835037,12.189497007445885,12.235763549804688,12.175636047250675,12.212375191527677,12.232722282409668,12.208083701439044,12.234134603216983,12.225448608398438,12.204837084779927,12.165856395984777,12.25960922241211,12.200378417732185
11.774527900858468,11.719681387296562,11.728158950805664,11.731959251825566,11.606937196430064,11.691211700439453,11.6949466803951,11.670307342542591,11.696038246154785,11.67842538525344,11.680254100384914,11.76393985748291,11.726148939866155,11.685528550991659,11.729170799255371,11.666209171179077,11.744398450111508,11.749408721923828,11.711267443419576
11.80932691294063,11.82828170215134,11.816944122314453,11.779681323242563,11.840508455116867,11.785728454589844,11.75962067065038,11.776708835546712,11.815681457519531,11.740396978059792,11.803923806329868,11.844873428344727,11.763525740854995,11.852858398812772,11.863401412963867,11.774681433872075,11.825290667728723,11.83862018585205,11.774559185006485
11.669937760751914,11.702226986385309,11.741242408752441,11.722311314494162,11.70810417145755,11.733022689819336,11.738483096495994,11.737020237765517,11.747671127319336,11.727465827724002,11.685920440542574,11.721129417419434,11.716533326860315,11.653687082241968,11.740042686462402,11.727420167542554,11.697239458391838,11.738995552062988,11.724490539966315
12.669809806411457,12.708872633652488,12.575236320495605,12.590260981833076,12.594703535458915,12.59809398651123,12.562484738621688,12.635770543527213,12.562708854675293,12.572252268578833,12.632699205637094,12.588552474975586,12.590182469104784,12.700669303585704,12.563411712646484,12.58610561658547,12.503367971853907,12.581607818603516,12.555346707252795
12.123239799036943,12.12414232668172,12.132539749145508,12.177085150213344,11.992315500383679,12.126744270324707,12.176897888977026,12.168468469966237,12.17819881439209,12.155718586467662,12.062114618495729,12.157387733459473,12.163523053272426,12.090836048247914,12.136528968811035,12.168786361271291,12.156729436451197,12.151436805725098,12.138866357634443
11.775297421715827,11.843016024342328,11.851881980895996,11.81641771731953,11.833746209197724,11.838846206665039,11.823495895986465,11.791166587304158,11.853948593139648,11.806219645336721,11.82918912533415,11.8450927734375,11.841518128907948,11.736214398318458,11.844867706298828,11.822445402966718,11.807788781838934,11.843527793884277,11.812085022128105
11.849404844423074,11.841984707332069,11.800492286682129,11.829615336260968,11.740649138576945,11.745750427246094,11.73371480878733,11.993523668933413,11.796154022216797,11.819236993549646,11.835536840954484,11.842724800109863,11.81554240110829,11.86414299839633,11.868831634521484,11.857965218063363,11.83881567927974,11.79644775390625,11.866522772244029
11.803361242493628,11.806162619467571,11.718761444091797,11.71151740473649,11.833075332692104,11.755708694458008,11.75351732020489,11.787973761047565,11.747851371765137,11.73986562707005,11.714374610378526,11.71198844909668,11.735676350520754,11.688367594511,11.733708381652832,11.737272296805791,11.750592687658395,11.715462684631348,11.693972494626374
11.681832447342321,11.784737709645825,11.628352165222168,11.620427604069254,11.625040535636643,11.62347412109375,11.63093936642698,11.647723724017759,11.620787620544434,11.58441646834346,11.706734824511427,11.605762481689453,11.613348604970994,11.755747328572443,11.635513305664062,11.65743917489393,11.650188644357268,11.610087394714355,11.610877960151226
12.268582547911404,12.279271630470113,12.278791427612305,12.326869311002067,12.312233111107489,12.271636962890625,12.3055794432258,12.253828225934082,12.301315307617188,12.302570743766166,12.322113754295795,12.28171157836914,12.300810747764363,12.324717673606068,12.317218780517578,12.317025135117253,12.208260953348923,12.286640167236328,12.309620771838429
11.626263078808801,11.590951578365727,11.28125,11.428982346571276,11.615735006983945,11.445719718933105,11.504709493122187,11.244986688788739,11.223928451538086,11.397914461163339,11.52653358942399,11.177301406860352,11.389243368977645,11.541018984633356,11.191666603088379,11.423693024807283,11.208815762881214,11.31569766998291,11.444490144238982
11.678448377988165,11.85493059940305,11.553387641906738,11.490277433935052,11.40436416706295,11.45169734954834,11.403360490179644,11.667871848707321,11.48969841003418,11.398236088243328,11.60134979392764,11.491618156433105,11.460770090784976,11.499517546037051,11.527161598205566,11.467356297542675,11.475766711247786,11.50393295288086,11.452981010954458
12.007017865994577,11.984716743409077,12.042579650878906,12.060187876373872,11.841015537007776,11.978425025939941,12.036935501428472,11.929557763454644,11.990052223205566,12.031508288641401,11.978628322008149,12.021977424621582,12.04565300703831,11.968767110435179,11.983680725097656,12.045159584987287,11.995011927934375,12.030259132385254,12.05765309713491
11.652696102959753,11.564682986156319,11.672907829284668,11.684755424648507,11.8579400711044,11.69568157196045,11.74378038330763,11.792649233242754,11.63277816772461,11.6480584588586,11.781999179552503,11.67196273803711,11.725891439532923,11.678628414439965,11.708372116088867,11.703106409975781,11.797318228508733,11.674483299255371,11.69386500571029
12.066816325306588,12.182445761877425,12.185462951660156,12.207566133153737,12.30121143899688,12.277679443359375,12.232802235811004,12.195508088434554,12.178169250488281,12.21077140918795,12.171627381105917,12.180373191833496,12.207499772562647,12.178500599225258,12.182598114013672,12.197176490671875,12.230639267001273,12.197342872619629,12.206190594438349
12.464587201678082,12.121205761362996,12.23815631866455,12.407459561150594,12.348407667192726,12.42111873626709,12.41068143124149,12.295307867777185,12.45091438293457,12.45133380760264,12.375829842624931,12.377519607543945,12.406815041042767,12.414990385460465,12.421031951904297,12.423532615557553,12.104047015377304,12.446836471557617,12.415547439854864
12.278397958261774,12.265718962674631,12.292119026184082,12.279384834047223,12.258534623828341,12.310551643371582,12.316434113237243,12.264544051786443,12.300583839416504,12.255750753308922,12.267475776548475,12.306755065917969,12.314919728386931,12.259497518006423,12.291060447692871,12.27412442330548,12.264442662875723,12.294357299804688,12.232305312813565
11.849404844423074,11.77771470624478,11.771225929260254,11.81234500285243,11.763569299752657,11.800460815429688,11.835831931968492,11.796134313584957,11.778556823730469,11.8325482995493,11.788894097679277,11.815577507019043,11.821477531266163,11.834182728329836,11.800439834594727,11.812087224922676,11.974011645609828,11.748355865478516,11.805379416935974
11.813037464800539,11.935330960912456,11.871084213256836,11.962667559468413,12.054317947623034,11.995349884033203,11.999895618326052,11.859845774030628,11.824238777160645,11.894686742406835,11.805999853748746,11.730510711669922,11.86286223620473,11.676223190115927,11.84094524383545,11.899980904818172,11.795664083324313,11.760375022888184,11.927443813252749
11.445727410406752,11.817336296003877,11.667699813842773,11.623559804359648,11.746961793952535,11.693934440612793,11.662890171294757,11.56092771616212,11.742981910705566,11.626503858300488,11.490147335945323,11.746177673339844,11.66998301830316,11.519218120175509,11.709197044372559,11.644812580154596,11.6353883907135,11.712187767028809,11.66264749756389
11.674202123168433,11.862796888912081,11.730792045593262,11.823226082794934,11.772232042841798,11.74768352508545,11.854235139326601,11.65502015855602,11.739383697509766,11.837111096487845,11.62620133520926,11.639717102050781,11.755524831096965,11.722730147290063,11.744783401489258,11.804802665347443,11.612281334759073,11.605476379394531,11.807202184118891
12.386312871189734,12.343330851450606,12.452773094177246,12.38914780829622,12.365470539560343,12.475261688232422,12.409298583169418,12.343081452216191,12.45577335357666,12.402163141348895,12.385355618176654,12.45818042755127,12.388829986796658,12.340661462479375,12.462870597839355,12.392314027113796,12.446355768045407,12.44231128692627,12.401585019842154
12.037659911047468,12.161193518168396,12.072779655456543,12.07890229808896,12.106196663376586,12.113354682922363,12.113482798157582,12.060525068547076,12.065295219421387,12.074317948830766,12.077564527005075,12.087831497192383,12.088114065887352,12.091674646796015,12.073953628540039,12.079180192833961,12.04500173191922,12.088276863098145,12.08500872802329
11.532737896139919,11.342498145676737,11.533151626586914,11.57545118444658,11.66517284550843,11.597428321838379,11.599137910749345,11.674765256024425,11.585387229919434,11.60739369692539,11.588277485610208,11.470346450805664,11.55301691044548,11.41793048680052,11.451582908630371,11.510073864308195,11.522225895451065,11.540701866149902,11.541913115749605
11.686887175419702,11.698864473236439,11.725436210632324,11.766509600449021,11.799469967657071,11.825784683227539,11.792846302615146,11.822404786940265,11.792762756347656,11.747263384923501,11.9132582130001,11.776421546936035,11.785710259200778,11.791751411668187,11.6847562789917,11.785103806462613,11.731862951638746,11.770230293273926,11.79216468350976
11.451060699493427,11.387802806270235,11.379923820495605,11.50324705674685,11.150520685417245,11.422270774841309,11.480091530917036,11.010649769185394,11.405965805053711,11.53009812838452,11.647462522928953,11.470816612243652,11.552351867724443,11.65273202294689,11.408085823059082,11.509083193233856,11.505348353890867,11.430861473083496,11.492060847075441
12.185875040240456,12.215710741512344,12.203266143798828,12.141538611919659,12.296205532454735,12.234488487243652,12.150231182586785,12.199464108617345,12.206478118896484,12.14535970167864,12.115021807139597,12.194351196289062,12.1107749726756,12.103408284982121,12.20641040802002,12.111838700312545,11.931232847271339,12.188643455505371,12.09481345307915
11.87757552297847,11.759463274973445,11.711212158203125,11.777461789252099,11.735972975394786,11.74768352508545,11.71765233240634,11.770972757264442,11.785540580749512,11.765230434747942,11.660735442204146,11.662662506103516,11.703430287631802,11.553634130454402,11.707779884338379,11.696074520542728,11.943641974501528,11.71497631072998,11.762498036541174
11.842236406331555,11.738786476370505,11.74363899230957,11.70631404643192,11.713316545173116,11.754232406616211,11.757418978293911,11.820853468015107,11.733648300170898,11.716959406793903,11.898159863920908,11.771227836608887,11.719706905731172,11.588271034591514,11.767501831054688,11.747192351775391,11.785486908408028,11.784964561462402,11.75169765341336
12.193498926601634,12.150542303940489,12.132526397705078,12.09259994075673,12.115987201119353,12.069723129272461,12.014754213003227,12.037841731938807,12.071922302246094,12.019058510480024,12.153330369854919,12.070066452026367,12.019803006428704,12.155325995178789,12.052336692810059,12.014634489065445,12.206406742635872,12.124435424804688,12.034723564619126
12.959540872420414,12.916799154183074,12.92313289642334,12.742052427139685,12.95048658991039,12.891565322875977,12.763652926378763,12.943890395333815,12.902678489685059,12.735386858961153,12.98753797588276,12.884140968322754,12.756924700152233,12.819028285002378,12.91443157196045,12.765675565009898,13.018472304221032,12.90671443939209,12.719258840357108
11.289794413577894,11.458398668680715,11.49833869934082,11.589679186546126,11.723809071980359,11.634211540222168,11.676527148251203,11.659169808650626,11.455317497253418,11.578794717346073,11.478356819695907,11.473207473754883,11.566259980513259,11.467420166763189,11.468785285949707,11.569135443861391,11.243525711661954,11.454715728759766,11.565810609776788
11.289794413577894,11.598939378574865,11.154854774475098,11.223703068203555,11.433144380604709,11.285967826843262,11.236776482612672,11.446766333301497,11.360879898071289,11.234962384644227,11.34353666654185,11.233389854431152,11.280207802864908,11.27692070703351,11.210911750793457,11.31681594218579,11.341225553753247,11.232964515686035,11.256944026526744
11.91170829631447,11.8019323444628,11.783378601074219,11.78514600884625,12.054088712706054,11.799744606018066,11.80221496226526,12.073857336571404,11.772734642028809,11.799711148979084,11.779877540096006,11.756513595581055,11.777452053834054,11.70341447738039,11.773944854736328,11.778418185938545,11.815597128064026,11.758673667907715,11.78869638009069
12.100717685412471,12.075591102808266,12.06100845336914,12.054830086125223,12.11985649323596,12.077345848083496,12.058463649737051,12.027798732612482,12.043023109436035,12.056052178131045,12.090567786209846,12.04642391204834,12.039929162220465,12.038861767130953,12.065869331359863,12.048881101136992,12.080243639860662,12.026437759399414,12.06056397575175
12.069685751267224,12.107660451967321,12.219297409057617,12.027340057415532,11.80378942083057,12.081976890563965,11.995943217778702,11.931269245705423,12.108205795288086,12.009507527247143,12.225320627875755,12.215415954589844,12.035257956787614,12.255158181878206,12.22990608215332,12.041914624765937,12.085740197175317,12.131139755249023,12.028777348600576
11.669082701743504,11.584515572537777,11.644192695617676,11.803342303567561,11.586085681407326,11.639491081237793,11.794579253864647,11.542337137283557,11.56363582611084,11.794188611353208,11.739312818775733,11.669687271118164,11.816533478756506,11.745855804985545,11.709281921386719,11.830541168772951,11.530594444423832,11.704911231994629,11.817423425543948
11.870606902224587,11.86299316001791,11.956069946289062,11.958960836780227,11.97492256563441,11.926959991455078,11.973420427212574,12.02121170225109,11.971700668334961,11.962014983450757,11.783547545181166,12.016571998596191,12.038543675151377,12.007222027746996,11.964808464050293,11.983365285929086,11.768471808710943,12.007078170776367,11.966664995761443
11.728044909070785,11.81509962048916,11.717194557189941,11.61230096838548,11.736639157206806,11.697072982788086,11.610426181515233,11.742286067114842,11.663049697875977,11.583515775808293,11.559173047720225,11.640246391296387,11.630659667877612,11.622524194414135,11.664298057556152,11.614273565167586,11.640104410625215,11.651374816894531,11.561153113091637
11.917730355182513,11.960252985005239,11.955511093139648,12.056606285036878,12.087985131311083,11.991135597229004,12.021125585412657,12.143528175093278,12.005233764648438,12.039854130234666,11.986224468287793,11.888161659240723,11.955841735465619,11.897563759095258,11.892916679382324,11.945683132140344,12.155817688431815,11.94705867767334,12.029844055654928
12.345838935721968,11.884934396925269,12.15854263305664,12.093787953865986,12.187173516128315,12.1314115524292,12.086072662754393,12.170637524013891,12.153830528259277,12.101204251462208,12.27179844421539,12.20911693572998,12.149894660619356,12.188594865344902,12.249359130859375,12.093644189416835,12.234119609130998,12.149852752685547,12.118593142490248
11.699413330633599,11.651073730415066,11.609745025634766,11.678509021204682,11.766821923965827,11.671417236328125,11.631476406828353,11.769565174865413,11.660062789916992,11.658955133533015,11.706955178324225,11.614640235900879,11.65550870553557,11.743649550188811,11.611583709716797,11.654583036143535,11.686009113513823,11.611180305480957,11.647538313403118
12.215037342290755,12.291510619398112,12.283459663391113,12.234882969566392,12.140214448020059,12.228532791137695,12.196610599604867,12.13101356978932,12.278206825256348,12.246373811005832,12.21501377341271,12.208843231201172,12.232571360282382,12.187400811286162,12.27125358581543,12.21859911953181,12.284637664104759,12.245744705200195,12.240960107122355
12.292254928916668,12.182970120106445,12.202264785766602,12.099391007230604,12.188113915063985,12.191618919372559,12.165754873449544,12.162171766454538,12.169891357421875,12.113905645410181,12.276541041687814,12.20964241027832,12.100498936012377,12.12740842585028,12.191460609436035,12.112118663222441,12.203191984262116,12.149527549743652,12.088986298092788
12.100161978566867,12.129562406453163,12.070036888122559,12.00961092156969,12.077956783949944,11.997509002685547,12.0016872930402,11.933103507001343,11.971940994262695,11.96447280340022,12.284528060582625,12.149393081665039,12.02425460814643,12.188504118836022,12.084879875183105,11.99970075553019,12.013519710833982,12.026620864868164,11.975998106678647
12.345838935721968,12.190561821295015,12.241786003112793,12.258736685349815,12.286103591476738,12.263067245483398,12.297197317314472,12.278825269665091,12.261018753051758,12.274037537244128,12.206863241836482,12.210663795471191,12.280169351562309,12.299233109627167,12.259248733520508,12.272084307453826,12.208782052648852,12.263726234436035,12.276401229165263
12.367889578686164,12.024936725451385,12.390853881835938,12.418313692239968,12.418798043584308,12.374095916748047,12.434342635638668,12.380595237891871,12.4031400680542,12.425775739625312,12.251746617252074,12.379671096801758,12.458089310743167,12.376635461927329,12.390478134155273,12.42829276370765,12.393223468997018,12.40565013885498,12.47576578315339
12.128116509451258,12.223169334053448,12.116259574890137,12.102836811471873,12.17258617631485,12.116068840026855,12.151259925856486,12.051169780114051,12.140495300292969,12.121835999993804,12.1248032394219,12.131352424621582,12.080202435309564,12.1458021380327,12.124610900878906,12.077017953818155,12.151881231584598,12.117036819458008,12.106691803975478
11.891368749982085,11.878363611127732,11.884474754333496,11.932450776968695,11.906823223535248,11.95846176147461,11.942931577995582,11.828493081323872,11.896027565002441,11.930018262481378,11.911869949697138,11.887445449829102,11.919526766087484,11.90468045450492,11.880711555480957,11.930463018114954,11.931561988517192,11.8607759475708,11.929176761684928
12.319405795112926,12.289908207076612,12.26003360748291,12.110922492832458,12.004966439488713,12.159598350524902,12.1159055106435,12.27334753794313,12.180828094482422,12.127942662833526,12.371186837040366,12.277017593383789,12.204251841819733,12.369667322230049,12.252848625183105,12.141478710461156,12.004186910512601,12.173333168029785,12.104444230796233
11.767575435251748,11.721560023151191,11.747912406921387,11.770798302797175,11.957753956573992,11.84561824798584,11.801091213677118,11.816689570149334,11.777356147766113,11.737025191684841,11.779679774968555,11.750428199768066,11.733123119257971,11.814116218552439,11.738798141479492,11.747989807033868,11.719754094569428,11.762507438659668,11.776956169479215
11.59873612138334,11.882617177452437,11.81383228302002,11.794083215034458,11.835995447527463,11.907853126525879,11.80585742160518,11.722496084795383,11.890884399414062,11.84822345768412,11.886708540791336,11.840154647827148,11.82087538386108,11.894364860514214,11.899870872497559,11.817890524417148,11.896460897663795,11.843077659606934,11.808946867398488
12.175618592671356,12.141151046533311,12.108908653259277,12.112758293756528,12.074295878345263,12.021867752075195,12.03963034751348,12.092284366973875,12.063535690307617,12.059868670100373,12.165314174416277,12.120160102844238,12.118453007711137,12.207871094310258,12.075844764709473,12.112829864395204,12.235954585229457,12.105226516723633,12.077581496868477
12.359527368950229,12.342042302621486,12.275625228881836,12.31350042413075,12.235860578839132,12.326691627502441,12.321413451335728,12.244229309338676,12.344581604003906,12.315814215376731,12.318248481211656,12.297623634338379,12.31490023410544,12.353547542216319,12.289586067199707,12.318210721910392,12.372115454777664,12.328046798706055,12.32005690479618
12.41044511731981,12.315105116124695,12.466547966003418,12.407199970400555,12.410896402664639,12.493160247802734,12.462392959134267,12.311479595411555,12.487784385681152,12.44100337302919,12.395377882266471,12.456559181213379,12.491554014712687,12.356687879660736,12.477807998657227,12.480162254635893,12.33203194959501,12.543145179748535,12.486945765567192
12.06105265381003,12.140170998479071,12.139289855957031,12.156656503547831,12.261472650389196,12.171631813049316,12.183492407144847,12.200168017205206,12.157936096191406,12.145534811715237,12.219218150538318,12.145347595214844,12.177338621729676,12.15711318474271,12.125088691711426,12.172720085032068,12.196398410549557,12.153712272644043,12.14151280663945
12.367345048436391,12.199083537614504,12.193483352661133,12.236238306965275,12.216284862944903,12.198031425476074,12.188195229090807,12.245095667761815,12.215005874633789,12.251005247037721,12.222461009635577,12.26163387298584,12.279294944485148,12.229862195376436,12.234867095947266,12.302102857589194,12.221540515252348,12.26012134552002,12.281893012177363
13.345508528717259,13.034428058253042,13.205010414123535,13.07431767611373,12.935115849667485,13.252030372619629,13.082940019585301,13.328311705324683,13.25263500213623,13.148971351315197,12.95927838980673,13.269477844238281,13.116426099714415,13.20599370212638,13.226297378540039,13.127778137493511,12.889398842314273,13.22387981414795,13.088010055385785
12.049424683420915,11.858746037543202,11.927577018737793,11.874498749933306,11.846568744285728,11.829926490783691,11.87142185158342,11.86460641347159,11.849756240844727,11.877037465680822,11.80121948101789,11.895855903625488,11.863424653803355,11.936521739840273,11.899554252624512,11.886279569947535,11.895814097715958,11.882669448852539,11.871135832583636
12.001511614739405,12.059706864546168,11.995623588562012,11.940467051123923,11.886634119397653,11.9624605178833,11.96286048586951,11.985885966949304,11.971355438232422,11.941378398588164,11.959723246017136,11.979848861694336,11.935422985642587,11.978129377896849,11.946162223815918,11.937472982217034,11.986069370751297,11.976151466369629,11.93743240315576
12.05467400868968,11.972747367304178,11.9660062789917,11.999685280783547,12.066923524708075,12.021605491638184,11.989578847789822,12.026203849786146,12.008363723754883,12.021444825733164,12.00311353836588,11.967082023620605,11.977734528130357,12.076437994450576,12.003198623657227,12.026286025346378,11.999030895518498,11.979512214660645,12.000071165036465
12.208574513247495,11.965168527165376,12.197632789611816,12.05002556625596,12.305302789643536,12.400751113891602,12.121610551173267,12.196940583945949,12.181992530822754,12.01950713891707,12.065654441537099,12.150839805603027,12.071896117631377,12.099710814361648,12.2659273147583,12.055858096518522,12.066587339618472,12.224066734313965,12.054936375859024
12.384223015005313,12.486032490965638,12.266007423400879,12.225434981813628,11.948270545968654,12.09789752960205,12.093581732529913,12.399069784167542,12.252969741821289,12.208265845769454,12.449959618916148,12.33691120147705,12.245702287517107,12.51295022066307,12.309362411499023,12.242767928877765,12.426656207050573,12.25480842590332,12.227448869772683
12.560247968016562,12.637565493009815,12.690753936767578,12.667804436583987,12.664058138991154,12.815187454223633,12.76587589925203,12.624868469529023,12.727483749389648,12.690421189940023,12.566271547992551,12.741140365600586,12.709480782803961,12.743152184458314,12.723329544067383,12.661525678307127,12.547136681773127,12.708709716796875,12.670896144305228
11.691080018519527,11.776437684963332,11.793895721435547,11.761317459103038,11.801652025517482,11.770122528076172,11.767283385998283,11.71554282422273,11.755193710327148,11.763094789084692,11.851577071217635,11.771659851074219,11.766798715033328,11.823824512646663,11.778641700744629,11.756072400635732,11.845787554560266,11.779740333557129,11.771921599863902
11.652696102959753,11.671455255060751,11.6032075881958,11.636760252155952,11.69700482107493,11.742015838623047,11.692070784342325,11.739744752941123,11.664702415466309,11.668946191572337,11.6564794975352,11.695817947387695,11.695031656641452,11.745217427594625,11.701765060424805,11.685731671617994,11.740656414183151,11.702762603759766,11.6705708508148
11.950541482162043,11.785207931981686,11.723796844482422,11.664899624156458,11.750342239220002,11.694892883300781,11.621021161743379,11.690188572622453,11.645750045776367,11.593259832452881,11.881864296185347,11.668628692626953,11.640873812562155,11.776451031938524,11.713629722595215,11.675175346788226,11.640099850226894,11.669351577758789,11.618200597614697
11.440365524765756,11.578843876260494,11.567767143249512,11.542041057465848,11.486290925539425,11.545515060424805,11.526442150493484,11.475752526394434,11.572429656982422,11.550333514586193,11.314073777532322,11.520075798034668,11.536579405531219,11.34131564766198,11.488037109375,11.504301572717752,11.61016477065294,11.584305763244629,11.572240204012466
12.429220196836383,11.944420443619215,12.373945236206055,12.51873767353407,12.35137534787493,12.429981231689453,12.519005778187621,12.372638796804724,12.402901649475098,12.550011632772605,12.640498128158432,12.49980640411377,12.606210411398763,12.560506802049353,12.46337604522705,12.54956318375334,12.708854614540844,12.461959838867188,12.541609560628833
12.880294363972055,12.51248965702028,12.565804481506348,12.563162075294906,12.598383913126685,12.59384536743164,12.567160581151354,12.649656094690641,12.579561233520508,12.546978500942554,12.374025165462854,12.561638832092285,12.544564012856727,12.407223129677556,12.556724548339844,12.539688765401547,12.536137726768658,12.530518531799316,12.556312759667573
13.521140839642674,12.670657556183983,13.143220901489258,13.234220328818314,12.823238011882625,13.37515926361084,13.246125738183846,12.990027475016012,13.26241397857666,13.293847246709444,12.727736804908668,13.265599250793457,13.28938290216638,12.697331434416364,13.10344123840332,13.269832498961275,12.371904478660737,13.192097663879395,13.251832716246758
11.695255355062795,11.796995372895303,11.813353538513184,11.753914782936429,11.739035713138973,11.714393615722656,11.725755561216214,11.714427664935677,11.765443801879883,11.752973610492479,11.82006654137846,11.728193283081055,11.6832282267655,11.689374611957678,11.817131042480469,11.717457119491606,11.807028711028702,11.835565567016602,11.756366698773457
12.137263685701864,12.040681523769743,12.17559814453125,12.059131398475513,12.10855241927584,11.991361618041992,12.021298378471023,12.27892993935955,12.131146430969238,12.09324587968692,12.045063608868867,12.119173049926758,12.088528302945331,12.104914000208517,12.105299949645996,12.033387993160565,12.141329471203663,12.119756698608398,12.067794979530127
11.560772327227417,11.684493766596356,11.76526165008545,11.734990401374231,11.6377470198108,11.667949676513672,11.675094333147713,11.612924830198752,11.68122673034668,11.689848495036209,11.723039270552166,11.765969276428223,11.76807413237258,11.71425086479112,11.788272857666016,11.748985389644664,11.809876083400018,11.749428749084473,11.663810287653398
11.461642696843066,11.851064737042059,11.607580184936523,11.80305022600524,11.708019153281228,11.645410537719727,11.709300430590803,11.551455938535712,11.623435974121094,11.752390414558086,11.59096897039129,11.667257308959961,11.829510859905326,11.696779607487224,11.648478507995605,11.813112350209268,11.838008262868462,11.69799518585205,11.837750416336602
12.476103599529843,12.268302441081522,12.554931640625,12.542627938749812,12.597938190544753,12.531723022460938,12.536861773444963,12.550508357225038,12.596522331237793,12.582954110388405,12.49930827600339,12.53549861907959,12.578789937556518,12.4276440302659,12.517106056213379,12.565909180828724,12.562971022155555,12.567317962646484,12.577635717000799
12.180759965737863,12.124663432703954,12.14847469329834,12.181485998314008,12.076422715884213,12.145791053771973,12.166660602817203,12.139701520876114,12.156318664550781,12.177644795611794,12.131246593936236,12.136612892150879,12.147354526718157,12.127076109705158,12.136626243591309,12.16508021125113,12.146110731298034,12.137298583984375,12.162429227285786
12.149507585033072,12.185942426796018,12.170255661010742,12.233195341730335,12.294033424482866,12.165545463562012,12.222871934166863,12.18275260460804,12.178929328918457,12.18925470836518,12.19065603786147,12.16407299041748,12.24608431877891,12.188508031156196,12.18606948852539,12.241262116077321,12.186007763032503,12.18388843536377,12.239946845531055
12.031725210748633,11.975490786064162,12.04928207397461,12.094132521096242,12.124274012816487,12.064148902893066,12.093361693731946,12.046704381399708,12.044550895690918,12.045756598015206,12.30648582722891,12.044012069702148,12.09037686897974,12.058078352618628,12.049724578857422,12.063892869377458,12.144135832763569,12.127185821533203,12.083481198292862
12.066816325306588,12.050972482494284,12.086003303527832,12.113831086821657,11.884281601379268,12.102937698364258,12.102235046912469,11.94595782557369,12.01599407196045,12.08230143092431,11.938832280652834,12.117464065551758,12.090152317141914,12.037670510457348,12.12829303741455,12.120178104124612,12.025230662007239,12.064919471740723,12.096452218393264
11.736077016252437,11.752372056499228,11.774955749511719,11.795169831176155,11.693750453993987,11.769299507141113,11.81229093555938,11.726583597435074,11.8228120803833,11.80690916651861,11.882410200188051,11.834237098693848,11.824738371851211,11.879063385593476,11.827123641967773,11.832416589386845,11.681042011148746,11.784368515014648,11.806868292869765
12.013706813470414,12.018272343628151,11.97583293914795,11.994076694224946,12.077385066373639,12.056748390197754,12.055738579779504,12.019568706275656,11.975798606872559,12.019680377794643,12.036436576879554,12.006612777709961,12.01068596020176,12.03770870625392,12.010825157165527,12.010435318470384,12.212066366110163,11.98009967803955,12.013784777682837
11.970356641102999,11.943226334924802,11.805510520935059,11.80903571446911,11.871587487583122,11.75257396697998,11.791950699771492,11.926790501167618,11.817037582397461,11.825393952824065,11.891723838672368,11.808999061584473,11.851430877873405,11.931600965902893,11.856175422668457,11.884314053935332,11.868153180965392,11.852977752685547,11.83052363526272
12.07824495582233,12.022010389025716,12.025394439697266,12.036086287391415,12.027320120451876,12.046883583068848,12.036546418124782,12.078401539128864,12.01801872253418,12.043503898513778,12.010773423226652,12.028556823730469,12.040423036917337,12.050315477905674,12.021760940551758,12.045581259233826,12.001230066910518,12.017731666564941,12.03830428258729
12.29779001527865,12.287622992946169,12.321712493896484,12.329451824551594,12.300003129683876,12.330026626586914,12.342137290036089,12.25902988268744,12.314850807189941,12.307525817460087,12.37318054248589,12.356280326843262,12.36637821158359,12.359502000535473,12.34904670715332,12.361557301911784,12.192708214481152,12.316851615905762,12.31041875314694
11.87757552297847,11.894447406416601,11.919698715209961,11.938773110520232,11.897676341341127,12.0029935836792,11.921640779754469,11.940953805071722,11.936113357543945,11.97158548410263,11.78098337837571,11.98263168334961,11.946919384190455,11.81940155605252,11.928544998168945,11.920459986448739,11.858569506880878,11.937138557434082,11.981119301719172
12.08954444723597,12.056137958522623,12.104708671569824,12.11503809323003,12.08467066247923,12.097318649291992,12.125262901080912,12.059425059526827,12.110770225524902,12.10658368778042,12.015626954689195,12.064216613769531,12.11570657083334,12.036904181637926,12.105456352233887,12.119044823171835,12.013779365876317,12.094033241271973,12.108597494606459
11.904974309480183,11.719437085949492,11.777091026306152,11.917578124015504,11.992439833959681,11.878849029541016,11.905044989904225,11.926619537770907,11.908445358276367,11.901104797105418,11.872228364798152,11.836055755615234,11.837032804239417,11.879516789417453,11.851188659667969,11.853777707877411,11.826210204799782,11.8392972946167,11.891549382853619
11.6617850286409,11.760264189849737,11.559850692749023,11.624198847460928,11.538571655613246,11.57368278503418,11.608554630581153,11.46426437355109,11.584268569946289,11.634573144685486,11.603691645163334,11.574316024780273,11.62550330450979,11.538146193030835,11.564295768737793,11.62895844579519,11.485895132468324,11.5455322265625,11.626965933972096
12.19552218463499,12.160548128800315,12.208215713500977,12.239878633437254,12.199208520969032,12.219399452209473,12.212443641107836,12.18752816430865,12.1951322555542,12.22647377408438,12.163999753473863,12.212626457214355,12.226506973106076,12.18271787851484,12.216841697692871,12.224336131856665,12.138335152502934,12.200340270996094,12.234288835898198
11.669937760751914,11.839247596319904,11.813240051269531,11.723885240823945,11.92924806031974,11.797492980957031,11.780404971417077,11.848075326760927,11.758726119995117,11.725898691733441,11.845991700497809,11.697381019592285,11.703719766626905,11.723578981245607,11.737014770507812,11.73292740900007,11.770264625277527,11.780865669250488,11.715942140487723
12.269052139516223,12.18561656572017,12.222758293151855,12.29908435318824,12.249993057353725,12.256826400756836,12.314500255030898,12.260723555178473,12.269769668579102,12.309498608481983,12.26123216761604,12.242554664611816,12.302214952393866,12.223651926174112,12.223154067993164,12.300218595189651,12.22593703100892,12.265047073364258,12.311736144678019
11.941462360646149,11.94574723011593,11.885605812072754,11.896891101005147,11.992860008375187,11.860444068908691,11.884997825927117,11.810753406590123,11.884547233581543,11.89643133501217,11.924632110201255,11.8759183883667,11.893308201303931,11.922501822003039,11.887946128845215,11.892159093748868,11.888165446214673,11.887360572814941,11.897067528975501
12.513193308436527,12.416449381824103,12.539396286010742,12.428557384256873,12.639248672931945,12.516738891601562,12.420575213899767,12.718034042849661,12.583023071289062,12.449504526143604,12.520374517772733,12.561485290527344,12.417787888713713,12.631310131519369,12.530464172363281,12.398306009242527,12.626763126396675,12.566908836364746,12.428139038553214
11.580593459194764,11.684621357312714,11.643230438232422,11.738015615225711,11.803823026525704,11.765218734741211,11.78706698982606,11.78064720491422,11.747854232788086,11.790251525614298,11.715494532312293,11.665608406066895,11.76206332128826,11.664676911095642,11.65740966796875,11.741225012285813,11.631444237499542,11.637845039367676,11.73062052653312
12.206077645517674,12.341397837137269,12.17802906036377,12.140466884305194,12.20982432610639,12.130745887756348,12.15119639673983,12.253103939817013,12.168883323669434,12.126004289744554,12.280413171653061,12.175263404846191,12.169025436624707,12.278843408880734,12.206988334655762,12.16135447034298,12.180770020790183,12.138692855834961,12.128002862365978
11.849404844423074,11.826369440303163,11.843008041381836,11.866580916037952,11.796096852145984,11.821356773376465,11.855688975829954,11.80690094626313,11.848368644714355,11.848009822198764,11.831663103566367,11.885638236999512,11.87644076054345,11.845922011563077,11.881976127624512,11.853306385106093,11.771785114068292,11.85634994506836,11.859996975937296
12.577639650232573,12.15337880517396,12.566080093383789,12.566584149531563,12.409879761434587,12.555927276611328,12.557574527811513,12.513328488086517,12.518243789672852,12.548410301629314,12.36782406022651,12.525555610656738,12.581934493550458,12.538911124793279,12.509963989257812,12.569210352390526,12.498168279964194,12.530730247497559,12.546565917706737
12.149507585033072,12.243017091148442,12.144675254821777,12.146807196867323,12.253161894102336,12.163939476013184,12.17733160003807,12.160789381455475,12.138114929199219,12.131888821213172,12.185118078019316,12.121716499328613,12.121330457384975,12.285434811745557,12.15980052947998,12.155590444336838,12.069970979423934,12.14149284362793,12.14004175854891
12.00762780434872,11.999804771135585,12.335653305053711,12.23631361128369,12.08714590919989,12.210102081298828,12.188069141138277,12.06490498678639,12.299068450927734,12.248406735454125,12.386611718172158,12.349334716796875,12.279108932533129,12.280285500329535,12.359472274780273,12.277802848477355,11.854297355399282,12.323864936828613,12.246810653904536
11.635151947212842,11.355556959081744,11.362876892089844,11.300185439629132,11.284247958067333,11.199446678161621,11.057871323866555,11.435999115261378,11.28371810913086,11.048244379393322,11.318786582736394,11.360238075256348,11.305848232778839,11.316021254172403,11.42342472076416,11.3804249101976,11.431970755383125,11.382302284240723,11.352585655964218
11.884495917930655,11.877318059787186,11.690887451171875,11.598457757079435,11.751815855277236,11.615073204040527,11.572350128263874,11.756543798047266,11.633723258972168,11.617061043638103,11.782713577276269,11.668612480163574,11.619674726453184,11.915754621592786,11.661516189575195,11.58319224836416,11.808059429614028,11.708708763122559,11.61355668215216
11.80932691294063,11.779784103080663,11.753870010375977,11.761970936976748,11.763669565904292,11.740265846252441,11.757135234804576,11.797507361622507,11.726607322692871,11.756708569363463,11.71344979362261,11.733351707458496,11.755723060434482,11.654453666667484,11.738747596740723,11.755344055414692,11.743656194876136,11.743426322937012,11.770860968017757
11.736077016252437,11.657981210715475,11.676484107971191,11.670271466714972,11.686567425226944,11.703845024108887,11.678877849570195,11.618459680497757,11.66228199005127,11.65569016024404,11.640238123641936,11.678820610046387,11.634472636013909,11.633293594300468,11.674607276916504,11.641976866191033,11.620422271833023,11.676251411437988,11.639511402661077
11.626263078808801,11.709022827973868,11.750980377197266,11.902284353182786,11.783126645925737,11.887519836425781,11.979679529471229,11.802813846670714,11.867178916931152,11.942487150283881,11.747928860619915,11.822781562805176,11.91024099320149,11.734390487027037,11.850226402282715,11.927861327280482,11.847877676534345,11.801543235778809,11.925266175917812
12.343470927093518,12.37388281966321,12.390713691711426,12.319715655523163,12.417215588092954,12.367535591125488,12.360142908162416,12.320730219105407,12.401296615600586,12.374149193624687,12.43057626500268,12.40970516204834,12.385592564529773,12.381878013721405,12.415038108825684,12.358628556232523,12.394904572489086,12.358943939208984,12.34477537741122
11.296024885689746,11.549291940083425,11.213123321533203,11.273491865674409,11.25589540861095,11.118355751037598,11.231366316797843,11.255316469160798,11.13044261932373,11.24338558257884,11.219222659839843,11.201086044311523,11.250624111328934,11.137083038359968,11.237574577331543,11.201721395238122,11.095334166859711,11.181466102600098,11.203773699205106
11.424105180165641,11.542447279164731,11.528665542602539,11.546226165511232,11.61533407821038,11.582778930664062,11.580311623534193,11.776682821070183,11.52953815460205,11.479337760981405,11.645323930398963,11.630041122436523,11.617476430320558,11.576836116100989,11.538619995117188,11.572792682615084,11.533532497103108,11.55783748626709,11.52529069945033
11.652696102959753,11.637747832011518,11.640947341918945,11.671526439486243,11.699490599385758,11.688331604003906,11.672097646953253,11.640932641929474,11.699566841125488,11.620266715182145,11.639471856685978,11.669957160949707,11.650849017980502,11.627075873527335,11.641547203063965,11.626880195256271,11.69183402976509,11.688217163085938,11.630150583299566
11.80560254159177,11.805303209900796,11.74338150024414,11.791052882195748,11.770392155788038,11.796704292297363,11.826354599642261,11.81782524371059,11.752976417541504,11.773391010927336,11.810595547810658,11.72220230102539,11.779025996891601,11.752366970070131,11.720344543457031,11.749270319847291,11.801299531554655,11.747135162353516,11.791920737439774
11.870606902224587,11.845823071750885,11.927199363708496,11.883369747779167,12.055030654091206,11.939573287963867,11.882345937361917,11.998622012686985,11.918906211853027,11.885058810312517,12.128213890484673,11.928598403930664,11.851782604658037,12.067359607549996,11.906329154968262,11.8369672674101,12.007546230043245,11.963197708129883,11.935004797587073
11.834291315386718,11.786127962477073,11.741960525512695,11.97890566308558,11.81561962973764,12.016873359680176,12.045316879900435,11.613121165118885,11.87926197052002,11.986974010586486,11.784290121781845,11.81098461151123,12.087736347586281,11.816318523032454,11.80152702331543,12.059277532857744,11.922404088218455,11.73928165435791,11.940762887284343
12.122696471358964,12.13036875688627,12.227566719055176,12.124327561237738,12.150808498582453,12.179694175720215,12.120568442613266,12.191203399274045,12.235395431518555,12.127624917631646,12.282574345378348,12.171208381652832,12.088919613979188,12.23256302965172,12.178778648376465,12.110769221094523,12.1846207371942,12.205470085144043,12.117930452192562
11.884495917930655,11.864999008315,11.777839660644531,11.715615050816945,11.686243770483724,11.672822952270508,11.671046102783485,11.837548745422962,11.667777061462402,11.64421647568667,11.88105158872419,11.78048324584961,11.707609439132778,11.861714215451215,11.736684799194336,11.64825677988797,11.856154021883443,11.739579200744629,11.695772302425068
12.273735966890268,12.368351442757342,12.232950210571289,12.216027993323188,12.187785204271986,12.270063400268555,12.234759381288706,12.323512224292465,12.260400772094727,12.190205734579905,12.318985733886207,12.217638969421387,12.20191727811681,12.280518720338163,12.227441787719727,12.17029625867786,12.286651114410445,12.239822387695312,12.19275036782826
11.898194668458823,11.98921928300999,11.866515159606934,11.818919227518094,11.796437537846215,11.855630874633789,11.831222012256818,11.874393423860216,11.865799903869629,11.836505029072912,11.790664810272972,11.865562438964844,11.835224938072686,11.866287213414635,11.879993438720703,11.846069036864204,11.776877549086551,11.855923652648926,11.832255912257983
12.813920618864572,12.705082661879096,12.832189559936523,12.78850075664552,12.63492389270366,12.817512512207031,12.732607005008921,12.788090895486187,12.829826354980469,12.789799261480317,12.700470590003693,12.812085151672363,12.77261798477917,12.70994214429923,12.803536415100098,12.784815606169357,12.62130028280892,12.86035442352295,12.805336365481262
11.751950239425476,11.95710430762368,11.87123966217041,11.888221699195327,11.830120336097218,11.905720710754395,11.889371592140627,11.746872447077434,11.865928649902344,11.894077640827895,11.874367428212494,11.885612487792969,11.920607889271349,11.866156867310334,11.901167869567871,11.885791378698679,11.797986275002787,11.854388236999512,11.895895715539544
12.154784614286667,11.908146602252062,12.167306900024414,12.13384209826968,12.355604615195338,12.159757614135742,12.15346614648964,12.30228570802769,12.233224868774414,12.181644046151709,12.153176959542245,12.172382354736328,12.100452685841462,12.031129888721306,12.152303695678711,12.111725361167428,12.250254278360913,12.202432632446289,12.136918012826325
11.794345471549745,11.854348151021457,11.87922191619873,11.847079936887393,11.844035607899627,11.864945411682129,11.870078258129933,11.790425766721603,11.827269554138184,11.843610289064264,11.72258250460509,11.87120246887207,11.842355793966235,11.870143899920771,11.875504493713379,11.87726641055577,11.870273168225728,11.87918472290039,11.858991047647676
11.530775206233024,11.559664549151295,11.59683895111084,11.569351591180215,11.41849436732844,11.576043128967285,11.550052772319813,11.441332214214949,11.588132858276367,11.580852693276977,11.427382556418614,11.586068153381348,11.575163093369651,11.40591704381647,11.647897720336914,11.55575560441607,11.44466198612501,11.5953950881958,11.567780163649317
11.863589378812122,11.836339834800045,11.818180084228516,11.910279064867938,11.943188029201503,11.872252464294434,11.898529335117969,11.927647680041767,11.863032341003418,11.917563869426665,11.775634468379403,11.79602336883545,11.893046830184693,11.696997416584775,11.835891723632812,11.894876815598115,11.886036636905224,11.852005004882812,11.901313965064343
11.775297421715827,11.597001195237526,11.608357429504395,11.714082799269583,11.538730807550314,11.492565155029297,11.64356651972743,11.49809245394307,11.604501724243164,11.708538096288322,11.744947281946626,11.686629295349121,11.749058505006293,11.84837164387917,11.575543403625488,11.716887223608621,11.818165740459895,11.5855073928833,11.720093763534294
11.841423131921784,11.821833737835066,11.86870288848877,11.801272709686982,11.872831094991035,11.642385482788086,11.703454054061421,11.886899089718145,11.5996732711792,11.740302900499682,11.909352546480298,11.819511413574219,11.774877643541156,12.027831599372105,11.86449909210205,11.786465774308336,11.788859172050211,11.727316856384277,11.759932310086157
12.075400019877522,11.94145620335213,12.065766334533691,12.024157787224517,11.877258442332515,12.077394485473633,12.023520242531738,11.957476878304574,12.00689697265625,12.013795250591466,11.965382008931654,12.03488540649414,12.012471590812455,11.967318070231997,12.022123336791992,11.997958169276297,11.960952895250099,12.01527214050293,12.025410625772306
12.180759965737863,12.214073077286931,12.28984546661377,12.296596191539663,12.332376204628156,12.254925727844238,12.29281577157197,12.269085365495506,12.315689086914062,12.303536912165484,12.277000282106489,12.32543659210205,12.312203036586801,12.262678286184837,12.298469543457031,12.309644211510664,12.26937419952572,12.31855297088623,12.307177900347222
11.86710429621008,11.774426661805123,11.827726364135742,11.87347783940838,11.935828166693804,11.863778114318848,11.859874448335164,12.057069915274393,11.930320739746094,11.940499060206502,11.764456049743169,11.913778305053711,11.947558263414326,11.79888696038175,11.857734680175781,11.909387396363952,11.952503244990412,11.904844284057617,11.919046078130437
12.490879338036375,12.334356533836404,12.329720497131348,12.322516404460524,12.42188370074762,12.367913246154785,12.306220962248368,12.444260123886389,12.367959022521973,12.297413898859675,12.408448134166619,12.37775993347168,12.322282881703883,12.386414637979305,12.363749504089355,12.295969310997878,12.370810828932498,12.345327377319336,12.29984519993037
12.323415584358154,12.244452367957956,12.227466583251953,12.260000724389458,12.25364021425258,12.244901657104492,12.263470900734388,12.205273875560522,12.232568740844727,12.257158054636623,12.255862192622931,12.235949516296387,12.265028729233268,12.246740513100885,12.230677604675293,12.265992266805878,12.219103393554528,12.236052513122559,12.25314088778784
12.42250975887691,12.38278100201851,12.352728843688965,12.385963075176134,12.369763598516059,12.32465934753418,12.358134017305858,12.47362089483452,12.399188995361328,12.350560003602908,12.583603901624425,12.469348907470703,12.368488679889763,12.16229163830257,12.362804412841797,12.344587785939733,12.372592990244113,12.40077018737793,12.360217984255412
12.04355959836804,11.946392139384205,12.023194313049316,11.978887209770638,12.127568344339181,12.07579517364502,11.986707444879968,12.124059821840593,12.075545310974121,12.037324589772764,11.9997009384395,12.076396942138672,11.98735639545298,12.02836659679124,12.085732460021973,11.972957381356125,12.10693483025991,12.100558280944824,11.998863765173732
13.049794835104816,12.945512000816027,12.957983016967773,12.889806178843546,13.028585625905201,12.846186637878418,12.846734617539818,12.807929449072608,12.916206359863281,12.864554082332104,13.183534080454505,12.973092079162598,12.889440471983162,13.151853413816504,12.967568397521973,12.887016553015286,12.743462007188748,12.915990829467773,12.840287666298007
12.345838935721968,12.230761047032034,12.195856094360352,12.04501294159834,11.831749798738496,12.044829368591309,12.004198226583963,11.810940285436018,12.100598335266113,12.04012439419531,12.161701026075413,12.237979888916016,12.059824960848847,12.179363072664444,12.19401741027832,12.041009435388448,12.312185532819672,12.119054794311523,12.038062249679472
12.08954444723597,12.174797810809622,12.158651351928711,12.112580538299317,12.110662072608891,12.119617462158203,12.112415500679703,12.200630326335048,12.122846603393555,12.138542790694514,12.076344216413425,12.079919815063477,12.132674558749514,12.109388311510164,12.149504661560059,12.132542765106471,12.175257296847525,12.1508150100708,12.137904728717482
12.136191879981927,12.127269816309365,12.167344093322754,12.165942102445765,12.159927152850717,12.192938804626465,12.15836417617291,12.151919095625503,12.155942916870117,12.162362891961275,12.231401541712353,12.193085670471191,12.177926530876185,12.228584098839182,12.175651550292969,12.168302256093014,12.126440856767273,12.13074016571045,12.167961270271032
12.042971193457888,11.895207385445678,11.844090461730957,11.8766105688137,11.97299672628434,11.844470024108887,11.886138764785388,11.869203552221073,11.867908477783203,11.884828840294615,11.936051587107801,11.860906600952148,11.88760132218277,11.956580603840887,11.850037574768066,11.880394410949911,11.97199168536499,11.842157363891602,11.884456010628995
11.771443882099637,11.855088733110504,11.90725326538086,11.803573199267557,12.135064962649237,11.994230270385742,11.977064955714924,12.048092236889465,11.981144905090332,11.943947434980688,11.806492773016299,11.804254531860352,11.863364931084023,11.878830584248567,11.798622131347656,11.802207736446563,11.627937007291651,11.8732271194458,11.783223716403324
11.686887175419702,11.759405706007524,11.744827270507812,11.69931746180926,11.714374844318225,11.669468879699707,11.685099025286322,11.699718118749033,11.647188186645508,11.670381762474536,11.734811427695103,11.716479301452637,11.705968230912855,11.720111242839542,11.715608596801758,11.697173885668159,11.745545863158819,11.749924659729004,11.688206499828171
12.404927602627597,12.44018446085576,12.401629447937012,12.442877499931752,12.471108076189118,12.5051851272583,12.494781937836589,12.25191803986681,12.37965202331543,12.409106401491824,12.493533860541795,12.323318481445312,12.402679280706408,12.337462519846405,12.318779945373535,12.366309285288258,12.300164608316056,12.314446449279785,12.376321057832193
12.053801032483948,12.174609401717465,12.114815711975098,12.187753321382418,12.174235800977652,12.180325508117676,12.176679897872,12.091174433595546,12.118983268737793,12.150656704037338,12.120009055801981,12.114171981811523,12.143758188260831,12.184830028173112,12.114479064941406,12.155315032522196,12.087891970817294,12.112813949584961,12.181735358049794
11.775297421715827,11.71134597718865,11.678067207336426,11.698159299626992,11.675244717863007,11.696468353271484,11.661526138939388,11.671132991012838,11.724503517150879,11.667338690621909,11.720953661656495,11.746413230895996,11.713236538684214,11.77023862912217,11.737659454345703,11.71866128650276,11.711850315476362,11.69900131225586,11.720509271578536
12.591338447675579,12.292637916013,12.489288330078125,12.390753295267189,12.449226522522132,12.388315200805664,12.348711926874325,12.45958128347019,12.428167343139648,12.388362189889,12.583343049612708,12.425281524658203,12.36001470411437,12.505145626102623,12.470830917358398,12.36307407173936,12.591521271568286,12.445266723632812,12.35906174113707
12.016128107502665,12.216526898645474,12.119620323181152,12.107772294124931,12.186836436292333,12.113404273986816,12.077882827516357,12.160283535983984,12.130060195922852,12.099390329261954,12.127510166332748,12.112597465515137,12.094008477420077,12.126974911792868,12.0955228805542,12.093412730349558,12.227565666310197,12.149652481079102,12.082407071673604
11.755879486687116,11.754538160076843,11.726448059082031,11.705092483425025,11.818410956913725,11.79410457611084,11.716321065980452,11.812290407738356,11.782112121582031,11.732197566725299,11.791033700880078,11.710450172424316,11.701980982487706,11.918051840121155,11.797384262084961,11.77309270869172,11.849484606258345,11.759176254272461,11.733684851086162
12.616528611893463,12.702295507898253,12.706453323364258,12.710950800828742,12.504129895893541,12.706537246704102,12.66369981984745,12.55376157808822,12.706387519836426,12.674140679765825,12.622102232809038,12.742223739624023,12.680358018815546,12.654948458283625,12.764617919921875,12.717247926481129,12.513309414839402,12.728598594665527,12.7099388668446
11.511934974596555,11.37593701727715,11.402498245239258,11.459052133731955,11.33032678503501,11.375043869018555,11.431033430991095,11.487707757560365,11.349349021911621,11.456684144512783,11.526900361278043,11.389043807983398,11.432332704235328,11.540223519238207,11.46004581451416,11.456939959877085,11.561207837876607,11.355854034423828,11.456800515068876
12.154784614286667,12.15445065835035,12.10929012298584,12.059622272004018,12.066895940002917,12.06110954284668,12.033705258745682,12.034059168307207,12.081762313842773,12.052009015627455,12.14052335537022,12.121170997619629,12.072508528746944,12.130979070740544,12.099120140075684,12.025007465007441,12.100522844620794,12.101571083068848,12.041587985625114
11.92504173829169,11.914796585022234,11.910062789916992,11.883127003934922,11.880291201200004,11.86711597442627,11.895437819771216,11.924512405548896,11.901165962219238,11.901890806508877,11.941796816049223,11.91921615600586,11.910668521751461,11.916473716054163,11.9307279586792,11.917022511198127,11.91463623487804,11.924528121948242,11.887468060483359
12.10625783509458,12.197811327452246,12.158235549926758,12.125742117410637,12.083782264653681,12.07359790802002,12.089583573940656,12.069881473230861,12.154875755310059,12.134010800642086,12.043122568372263,12.12280559539795,12.157368779062438,12.040162759166286,12.114294052124023,12.148118872925481,12.19287481428665,12.184388160705566,12.129390178689057
11.766799946849087,11.739190630787503,11.785245895385742,11.821075361244555,11.794925400777021,11.808807373046875,11.810938297656687,11.839018925756006,11.792398452758789,11.821716668316178,11.785629320796353,11.794517517089844,11.815061966936955,11.795556094213364,11.805733680725098,11.808780480490746,11.794364034360198,11.784914016723633,11.805287226448403
11.992266613576142,11.896748858405477,11.830394744873047,11.848524423644692,11.842378518152733,11.918936729431152,11.85109060394148,12.007635150644562,11.865368843078613,11.887167484346964,11.897317024973887,11.819433212280273,11.865885243132379,11.83959017704183,11.873189926147461,11.855122375513199,11.792278056227541,11.862783432006836,11.885118290416779
12.103491596905931,11.96079235146158,12.007436752319336,11.9768479241114,12.041699265296407,11.910554885864258,11.955671906020402,11.993002756524607,11.99537467956543,11.970549611798834,11.951767537981578,12.07320785522461,11.997710972296115,11.794625493785663,12.047607421875,12.005664823185528,12.047744482033492,12.04661750793457,11.97322860741869
12.10625783509458,11.922862920207434,11.987467765808105,12.047683104444854,11.99219903797233,12.02906322479248,12.049515748817226,12.001424418451823,12.014669418334961,12.081010573629502,12.016663010890355,11.998040199279785,12.07466728516013,12.032420671320663,11.996988296508789,12.070220343583129,12.0785695133351,12.002105712890625,12.061466736182147
12.12215284831553,12.097894942077033,12.02132797241211,12.003493612568546,11.97293517239733,12.024991989135742,12.002664287201613,11.951332525749645,12.00606632232666,12.034133364653934,12.008478625881473,12.037858009338379,12.033109907224686,11.962560888196121,12.05754566192627,12.024418859192808,12.016782420979546,12.053853034973145,12.015293324098403
11.711784520403112,11.718395793606314,11.943614959716797,12.088384464717494,11.962740054480864,11.979455947875977,12.073102157480996,11.876442784604551,11.936482429504395,12.07525631628762,11.640878842850778,11.801774978637695,12.037852080303061,11.616524418131258,11.835956573486328,12.025326283369711,11.649997753413835,11.876704216003418,12.047059423430689
12.843973993864076,12.560036720560676,12.886825561523438,12.867005740675458,12.766122572485532,12.867182731628418,12.887557848727226,12.864365647499067,12.832490921020508,12.881135620415005,12.729176863082984,12.844482421875,12.820498648690828,12.744518348660947,12.821978569030762,12.81689608429048,12.877546168526088,12.837992668151855,12.861741270038
12.850557278777309,12.46722812242398,12.812701225280762,12.726695576338232,12.485309153550128,12.69714069366455,12.742671854616642,12.520846906916026,12.774166107177734,12.696275602685304,12.611138220494565,12.853028297424316,12.769442087458518,12.537664060463923,12.731098175048828,12.739332121800853,12.463335501993223,12.776972770690918,12.763342068773781
11.87757552297847,11.8607793038114,11.827741622924805,11.890689110942468,11.819303413878997,11.80937385559082,11.852054291028322,11.94735184547325,11.828959465026855,11.891952840771166,11.885201635799387,11.845924377441406,11.908221962304237,11.877728070345166,11.89214038848877,11.909024989914277,11.758035027889857,11.836973190307617,11.882421370143726
12.468440756144114,11.932737988681815,12.284309387207031,12.191925955208884,12.25254122700917,12.200102806091309,12.110564770437469,12.429460776598365,12.251282691955566,12.19623980405368,12.148899155926005,12.322592735290527,12.232452104872612,12.105973015070957,12.347687721252441,12.167277371572546,12.308788406524982,12.256440162658691,12.13060395030727
12.132162346145595,12.186593845192329,12.074448585510254,12.049549518076843,12.09186587033426,12.108034133911133,12.076231635743806,12.003830853586237,11.975873947143555,12.021913955862063,12.147978786936791,12.114309310913086,12.049919185530516,12.144437816598362,12.1032075881958,12.054256095783707,12.159188055013457,12.054037094116211,12.015569028075095
11.827743504053695,11.823255660339873,11.807303428649902,11.779496922599069,11.736264555807436,11.685650825500488,11.65207801641925,11.753516427482495,11.780308723449707,11.73760780008232,11.78440008295666,11.803932189941406,11.76107466801393,11.847144037763712,11.828539848327637,11.77538189095612,11.79808078795857,11.78160572052002,11.731771074202971
12.083910661257521,12.029054685262208,12.031673431396484,11.97768209899652,12.018720330566106,11.99770736694336,11.946688002258387,12.071789406294833,11.965490341186523,11.954992663326156,12.160508408521332,12.009778022766113,11.953901703078303,12.215113200103454,12.017861366271973,11.960888404412092,11.95814497475986,12.00532341003418,11.967631836651474
11.842236406331555,12.049253719656997,11.726763725280762,11.726627637186589,11.857871978234018,11.806718826293945,11.766594809067065,11.786361041976644,11.6272611618042,11.702134341298535,11.888823037415639,11.71760368347168,11.701689879933124,11.896400676962761,11.822887420654297,11.766449037826762,11.764223953597282,11.731392860412598,11.747475455497263
11.827743504053695,11.83480710006769,11.883910179138184,11.912187253007893,11.80417238876338,11.961225509643555,11.850768364686285,11.834623718576363,11.910920143127441,11.861185966139592,11.767155930391331,11.881728172302246,11.883293742727805,11.782193489649142,11.887645721435547,11.896929817250985,11.931543456948589,11.928616523742676,11.951406999936678
11.995357787034976,12.032595997798836,12.023551940917969,11.996776964570664,12.045391162170464,11.95237922668457,11.959595696607034,12.148289178349385,12.036114692687988,12.016720423711993,12.04791687161956,12.003395080566406,12.01725674885761,11.967514012670312,11.975468635559082,12.013592163393497,12.037275377601611,12.010756492614746,12.022900945844611
12.19552218463499,12.199617041423243,12.095784187316895,12.087632347911406,12.119943990000285,12.06567096710205,12.086569859137745,12.02662238303707,12.085123062133789,12.082455828932847,12.16190299185137,12.127365112304688,12.09995192871554,12.141564386616862,12.064004898071289,12.029241230170301,12.085817126593463,12.077413558959961,12.093491959450075
12.37581963951765,12.451293516918264,12.483697891235352,12.431175827636347,12.431518288642938,12.487019538879395,12.429885117834493,12.471333988337605,12.498581886291504,12.447916359327248,12.475128237887786,12.499611854553223,12.430065821568487,12.450840958873302,12.463312149047852,12.432955851371814,12.477515575794428,12.477489471435547,12.430990873731021
11.133142723386813,11.534468075505927,11.402527809143066,11.571961046761777,11.497945093914952,11.572210311889648,11.588166475913988,11.472630747258016,11.528454780578613,11.591679767337924,11.448494246004174,11.226348876953125,11.512188587756041,11.629186368543513,11.316704750061035,11.566770330133616,11.3821786486103,11.477564811706543,11.575576510648922
12.33270970174018,12.226355670021286,12.292047500610352,12.274698292185017,12.325089444313889,12.256534576416016,12.283185455716291,12.254166091897083,12.307759284973145,12.278555369733612,12.30810281008414,12.29515266418457,12.285791132288393,12.271210292200482,12.276715278625488,12.27961827759034,12.249005688252819,12.302192687988281,12.278297859650635
12.100717685412471,12.020873908968785,12.120305061340332,12.149325109819431,11.981744820221646,12.118415832519531,12.159043729667657,12.023085757299219,12.104154586791992,12.162624633640037,12.09631480686797,12.134751319885254,12.14859270732574,12.17353127393523,12.146153450012207,12.157668162082011,12.10316722346894,12.141389846801758,12.17342638112719
11.921725007667265,11.935219452629534,11.882186889648438,11.887965820002462,11.85259643534018,11.893853187561035,11.876274961719485,11.864098498259454,11.881497383117676,11.896536645675399,11.8011436304208,11.891468048095703,11.877330135944101,11.728831402846776,11.887467384338379,11.90153718190826,11.852959788022499,11.884532928466797,11.859055349123675
11.842236406331555,11.855505329592152,11.832566261291504,11.893839802850168,11.900254585346458,11.746265411376953,11.825147084797551,12.102728433304863,11.801823616027832,11.83842652082839,11.781971054606373,11.843376159667969,11.860551037823823,11.86920468148129,11.87724781036377,11.860757866626065,11.822792579276577,11.861408233642578,11.906874706929091
12.037659911047468,12.01721555474757,12.11392593383789,11.960188117454885,12.15100659400091,12.113024711608887,12.036733671661002,12.17981404504148,12.128560066223145,11.999816229893971,12.049391003502816,12.056164741516113,11.969866089869832,12.090645515200992,12.107818603515625,11.994733120582527,12.285994106017103,12.095725059509277,11.985110531600032
11.794345471549745,11.727590703815215,11.661531448364258,11.687878911936872,11.777690639032603,11.737712860107422,11.71897464189656,11.653871499281754,11.725394248962402,11.693644250413808,11.624366973476306,11.690016746520996,11.689310102186935,11.733167050918164,11.647933006286621,11.677186703802358,11.749058338191308,11.60788631439209,11.672834421081872
11.870606902224587,11.94569255230368,11.93303108215332,11.99463149897335,12.080995709765919,12.051423072814941,12.016182022528348,11.938825502536757,11.973142623901367,11.983068611168324,11.95848588536351,11.964208602905273,12.003121254258184,11.943143221971127,11.946772575378418,11.987296296622084,11.984096785602322,11.961030960083008,11.993731863722333
12.154784614286667,12.039812402974649,12.060189247131348,11.935773438315481,11.848110489345082,11.934882164001465,11.845011215849249,11.900377879762607,12.039203643798828,11.924638555478534,12.113054201566394,12.142443656921387,12.095052814653377,12.270088773670267,12.165867805480957,12.080060951542809,12.109243503976934,12.095589637756348,11.933552815735815
12.535379989788607,12.468241750628899,12.466650009155273,12.505177014987007,12.550299270795437,12.508578300476074,12.522189897325633,12.427464871443107,12.466971397399902,12.481514925555874,12.537118925967151,12.495190620422363,12.52281467453638,12.43944552919406,12.502298355102539,12.49999230683808,12.552253642684905,12.498580932617188,12.532783007825772
12.546113507028412,12.601925256835662,12.523569107055664,12.558126890666239,12.484931328844851,12.531112670898438,12.537887685065435,12.506086748234079,12.490130424499512,12.483609859587686,12.496015424671732,12.555781364440918,12.500121653449582,12.575437466335604,12.573150634765625,12.533126466051897,12.54737734891094,12.495628356933594,12.507369133269103
12.103491596905931,12.032458455381928,12.010167121887207,11.934995775817125,11.954200321981139,11.942326545715332,11.908591669738778,11.994001536452433,12.059233665466309,11.946130115240742,11.921047709466944,12.003846168518066,11.933931222182181,11.961391575643425,12.006658554077148,11.938198436903438,11.937045590259377,12.015351295471191,11.945532583688614
11.691080018519527,11.67097254436863,11.625412940979004,11.624492173078586,11.518375221214827,11.617237091064453,11.617103948737928,11.621372806184821,11.596819877624512,11.591296492036271,11.733446264094678,11.621310234069824,11.63602095737395,11.656871935771075,11.620379447937012,11.620744141128561,11.753426542908544,11.61895751953125,11.617414778571133
11.58525542883217,11.926998437749155,11.643527030944824,11.774350057207485,11.916526269484063,11.656707763671875,11.79861122753813,11.87847652887105,11.6826171875,11.80957860658767,11.619175661983782,11.551517486572266,11.74557407503333,11.676779856142936,11.543917655944824,11.744254609740835,11.747616281738175,11.595727920532227,11.774395525901628
12.000897933306716,12.209384456108378,12.079051971435547,12.10690162663295,12.210795568598217,12.137832641601562,12.091230714402398,12.153036918991674,12.063515663146973,12.092161565875294,12.069902916918464,12.071025848388672,12.035494914202,12.052516462667368,12.039109230041504,12.02811020431993,12.110654933208547,12.04941463470459,12.046048753306067
11.652696102959753,11.779534819007988,11.762094497680664,11.710465712980387,11.676617779491941,11.728903770446777,11.735540291240092,11.671490890081635,11.745564460754395,11.712518890637014,11.775135516144083,11.783567428588867,11.747909767988597,11.710111953525674,11.794950485229492,11.735889128519677,11.727592058987698,11.77454662322998,11.713503992781654
11.83863282480007,11.769963166576417,11.798598289489746,11.85470975567395,11.770636660643149,11.824094772338867,11.846023077101416,11.828674928026299,11.797425270080566,11.834748343673278,11.790757220951573,11.776753425598145,11.83853828861861,11.890932672874142,11.791346549987793,11.829244660725733,11.792517813242807,11.790718078613281,11.838163506222989
11.951186847493476,11.95717215736738,11.934847831726074,11.897972298089986,11.922000363188317,11.9060697555542,11.914344492551617,11.867357905684148,11.865365028381348,11.893623220255572,11.87175124007323,11.89643669128418,11.891951148098176,11.875189575526447,11.929555892944336,11.914677191169387,11.89261062248994,11.898073196411133,11.899580710174186
11.849404844423074,11.887126202193404,11.83476734161377,11.831485925054148,12.02020323658399,11.863438606262207,11.864850743290159,12.016251352295459,11.819568634033203,11.82908465711757,12.030927826924833,11.826879501342773,11.846049796921932,12.042316627821942,11.865994453430176,11.846094155192192,11.88042902899154,11.823821067810059,11.84720976275637
11.982935344196433,12.075578832260415,13.416080474853516,13.182600557797787,12.231795462536368,13.28813362121582,13.246482835172554,12.187364800353272,13.323067665100098,13.219459082173865,12.113204154003741,13.35018539428711,13.208070863939277,11.967316514687976,13.472936630249023,13.288740623772448,12.054554394262555,13.391498565673828,13.166188874298937
11.944714374881176,12.045865998159066,11.954442024230957,11.891752937777646,11.935251872010959,11.906835556030273,11.886083144396812,11.978589378919105,11.90495777130127,11.85205476713754,11.97768212849539,11.961726188659668,11.875285341607835,12.0524562596248,11.967087745666504,11.887200428564542,11.98947211687147,11.939308166503906,11.885789305204687
12.323860125621126,12.371196735684096,12.366034507751465,12.322002868716812,12.334862979304312,12.374313354492188,12.358952011564224,12.298285875015537,12.345900535583496,12.320456957003383,12.34929301727783,12.355542182922363,12.337238595492575,12.278047338400516,12.312491416931152,12.306939348985205,12.185586698708116,12.33156681060791,12.306647009582939
12.086731521684555,12.037571900295218,12.066664695739746,11.923098514745845,11.985975848804818,11.968958854675293,11.825639573291602,11.99458587676839,12.000604629516602,11.884905444051272,12.115330800410616,12.040661811828613,11.880345796456075,12.063268714586378,12.043533325195312,11.902461089912528,11.900253638313782,11.987491607666016,11.912089250305485
12.577639650232573,12.675821622645097,12.65333366394043,12.659126988385275,12.60680275935779,12.649778366088867,12.642562758860317,12.647177337066992,12.635688781738281,12.639518044417462,12.545478884337838,12.64001178741455,12.66285604134644,12.64440014165324,12.628073692321777,12.664959089819957,12.637456312903256,12.637541770935059,12.670136986456539
12.354496960983985,12.25132053844961,12.299166679382324,12.332460954643864,12.310684859049884,12.291759490966797,12.334953435231263,12.218775313711731,12.301948547363281,12.326725451273495,12.239292031542073,12.267423629760742,12.312613644127065,12.273845480401144,12.331582069396973,12.354170113871806,12.18498512707768,12.332662582397461,12.339965808203111
11.775297421715827,11.850047668352335,11.952160835266113,11.951449154694041,11.899152015127422,12.066543579101562,11.944046055554802,11.925702174785284,12.0025053024292,11.973714717418087,11.878802499444424,12.019404411315918,12.034410611768878,11.8963160212332,11.995110511779785,11.954008550031684,11.828555397904866,11.971463203430176,11.936027423614146
12.691583538230217,12.68762235715581,12.681462287902832,12.689987303834815,12.68305870392024,12.760993003845215,12.702459276829536,12.749864050138152,12.693621635437012,12.70324610380239,12.598826169713403,12.646763801574707,12.685964163419758,12.484210097849727,12.696388244628906,12.728480363083342,12.598121817703081,12.734971046447754,12.695152804420864
12.218500103788143,12.199480800912855,12.126389503479004,12.18187890444233,12.165471914583284,12.124415397644043,12.175420232103944,12.164436586392036,12.128942489624023,12.179036481055853,12.170850172521162,12.135100364685059,12.176480557808935,12.157756678557323,12.132905006408691,12.174729474759948,12.160560579796062,12.130290985107422,12.175319118123756
11.835016210489899,11.893576734064732,11.855751037597656,11.887059021919843,11.995167526464902,11.870076179504395,11.893491405914688,11.822903187936202,11.895947456359863,11.883288319854689,11.893917683310137,11.886476516723633,11.881438338433856,11.884497029485695,11.894217491149902,11.875334205645736,11.854000596066674,11.857708930969238,11.873862660640617
11.898194668458823,11.954719940926767,11.78527545928955,11.801117195749251,11.882810691734651,11.843795776367188,11.810600552625802,11.777363313752769,11.808634757995605,11.776731262755273,11.898750687723602,11.826635360717773,11.810707684220077,11.8267937239592,11.82989501953125,11.772561523145066,11.766053248229445,11.817893028259277,11.794090317520027
12.09626335986454,12.048169919320049,12.01089859008789,12.06898549051841,12.044198603056515,12.056467056274414,12.065944697432036,12.08787595516491,12.02536678314209,12.072995916101956,12.037757667888432,12.043291091918945,12.077954877758252,12.084695605455794,12.048662185668945,12.076677753661686,12.116869614989609,12.047163009643555,12.066844300971978
12.721888795877375,12.34355785415457,12.585505485534668,12.500580767696228,12.539628477069405,12.618992805480957,12.52908547594609,12.516961720573635,12.609007835388184,12.512984402558764,12.315598773942243,12.511360168457031,12.490190371115258,12.301844100404711,12.539222717285156,12.502941230242975,12.644337501118574,12.556228637695312,12.518527764189226
12.220966184120165,12.234551986565169,12.263283729553223,12.190365139603964,12.254037709273696,12.182601928710938,12.20177637502804,12.218703040157195,12.207723617553711,12.20451091821202,12.174933467135238,12.243005752563477,12.180164063642332,12.251695816644073,12.25063705444336,12.201529907770958,12.281288578368054,12.246171951293945,12.209429891958681
12.618185607609803,12.175435045783516,12.608948707580566,12.62517659680463,12.709510557200236,12.67293643951416,12.618286820640368,12.674536731779543,12.587830543518066,12.596457529823747,12.62835728934951,12.608526229858398,12.584408669834831,12.701800430181649,12.658539772033691,12.625598119695336,12.524427659897896,12.601616859436035,12.622319083200166
12.716405147731708,12.672919895783425,12.808789253234863,12.82278753276161,12.684284801348104,12.784621238708496,12.776883738724997,12.674109919875274,12.869111061096191,12.858133955491816,12.80681227636711,12.793352127075195,12.82551474274403,12.457828482863848,12.810079574584961,12.845493291386878,12.537426472709647,12.86294937133789,12.851211872229202
11.686887175419702,11.64791485312253,11.712130546569824,11.704659482117561,11.705194891830615,11.718002319335938,11.697956331897151,11.742391172507483,11.687921524047852,11.680445334609303,11.67842381816551,11.73912525177002,11.711753891405273,11.67339452448603,11.715754508972168,11.695199386977652,11.651694521219262,11.722393989562988,11.681371218412814
12.239995696974733,12.14012153564643,12.116415023803711,12.15165291222718,12.256192362438703,12.145638465881348,12.1746244392681,12.200183493196239,12.071364402770996,12.153428304084859,12.17170177876623,12.093460083007812,12.17515060869527,12.198848282913618,12.098159790039062,12.184476055748565,12.145225596137099,12.056831359863281,12.151202857266895
12.596403811053621,12.495056189986071,12.497467994689941,12.49545575717939,12.310256024589032,12.487032890319824,12.48540728317214,12.203064302363792,12.442381858825684,12.423656452949139,12.451195968366772,12.475879669189453,12.458856099931236,12.6254034262618,12.503040313720703,12.495560633259029,12.275467581601998,12.499598503112793,12.459731742645367
12.249615734512616,12.147499866889586,12.129985809326172,12.16791743837269,12.336810302685624,12.145964622497559,12.185516526603273,12.290058442211489,12.150683403015137,12.1655051612688,12.143029943498878,12.106683731079102,12.17316930272729,12.297295165044135,12.132452964782715,12.160823036228113,12.272870417307884,12.144344329833984,12.175411969017967
12.524530013005734,12.53197606897836,12.51126766204834,12.410091254711395,12.429642953044672,12.383478164672852,12.364116192603829,12.51652799056185,12.469199180603027,12.39998284642469,12.468578841360195,12.493441581726074,12.399515149316736,12.498260817065871,12.492925643920898,12.434199389163524,12.501498739878354,12.475547790527344,12.431410615292204
11.6172944892629,11.691367857432827,11.664833068847656,11.69251883387654,11.735789487192362,11.688108444213867,11.676835740593855,11.723755676292289,11.686790466308594,11.70153224455443,11.63869453262517,11.6654634475708,11.666735170079349,11.63687238940584,11.683216094970703,11.673755180391156,11.668075818580345,11.668425559997559,11.694090033657485
11.960817678718287,12.06353107433753,11.897238731384277,11.979615208209701,12.2233248166651,12.114395141601562,11.982484049724249,12.074755801368337,11.945712089538574,11.961404427111997,11.939855065488885,11.907621383666992,11.936074793047618,11.91281882469344,11.886120796203613,11.91814174412076,11.743326112268578,11.812421798706055,11.919410772452185
11.19135563385109,11.4887573872407,11.166424751281738,11.238505224975473,11.103838077289103,11.019625663757324,11.162057208017488,11.299858223586464,11.244779586791992,11.268452356742355,11.306159195848725,11.298096656799316,11.226162716543005,11.224590300452574,11.197309494018555,11.21282447751723,11.212641216499124,11.199522018432617,11.256327049444266
12.154784614286667,12.407160982422734,12.327807426452637,12.32030133241003,12.25133407163299,12.344094276428223,12.286090380719601,12.231029673532968,12.278823852539062,12.291181637954256,12.276815416662267,12.272235870361328,12.28015169051124,12.289089613185885,12.286896705627441,12.262361608636445,12.231766043978446,12.310162544250488,12.27995968917298
11.320565693461432,11.549900036382867,11.32109260559082,11.362527964854742,10.90393272179041,11.088726043701172,11.13142290615533,11.025041507208336,11.170337677001953,11.228425594931377,11.54084731370501,11.231783866882324,11.27094340839932,11.570785309402304,11.278883934020996,11.341915527806597,11.477419136369745,11.291194915771484,11.373092688582613
11.898194668458823,12.50484151372802,12.550457954406738,12.548426996522295,12.582394562301586,12.588624954223633,12.570652215935379,12.547946643523026,12.58556079864502,12.549900812816368,12.48138189119149,12.559910774230957,12.516263289721882,12.46970722093785,12.499903678894043,12.487394457793963,12.420045691574732,12.549433708190918,12.57680553930395
10.915106645867503,11.486044870354435,11.173063278198242,11.337229566968109,11.260934526517072,11.346880912780762,11.406794971772037,11.320109343865564,11.344550132751465,11.3720681808615,11.191367213801106,11.142536163330078,11.256533601198909,11.163978331233597,11.107715606689453,11.24277101860158,11.158579809000031,11.136061668395996,11.30331567736373
11.277215789596893,11.635066087728937,11.361885070800781,11.327805273210386,11.410669217777144,11.236175537109375,11.281997580448682,11.44388108439631,11.26157283782959,11.279189534677906,11.370069145597903,11.329472541809082,11.343699353614268,11.076554823014561,11.240189552307129,11.199007820281071,11.276213180196622,11.313865661621094,11.289544997249202
11.779136168550774,12.018089987101748,11.79624080657959,11.749446630042296,11.854699674218946,11.814092636108398,11.776222215068724,11.824745721772175,11.816734313964844,11.758230216925988,11.945658119949801,11.824817657470703,11.758061617225916,11.712530275990316,11.799909591674805,11.757667151885865,11.698319813323046,11.81109619140625,11.75436956272215
12.45293662970407,11.989659435439025,12.154220581054688,12.007712546963084,12.3140566660602,12.195403099060059,12.094193612732852,12.199690077140765,11.978724479675293,12.18759996611276,12.053944357373878,12.027925491333008,12.043488883294224,11.947220565689403,12.081239700317383,11.965394536740245,12.201020420561077,12.169353485107422,12.009278886415496
12.081081821061819,12.14329190624582,12.095447540283203,12.122966259967253,12.147821337395861,12.124645233154297,12.13179336646224,12.138550202969403,12.109529495239258,12.121950537983006,12.113048973989498,12.127457618713379,12.12567136550773,12.119653816568949,12.126814842224121,12.14161768005552,12.1015517167954,12.120705604553223,12.124796496136597
12.33270970174018,12.429093416832231,12.394221305847168,12.431381965000885,12.452020917234377,12.392480850219727,12.417697565137916,12.386846431008506,12.409932136535645,12.406014030250065,12.344440356106713,12.390217781066895,12.38423852669578,12.373322154860409,12.409451484680176,12.365393341136315,12.401022040022367,12.409697532653809,12.41644781453307
11.794345471549745,11.74413352714087,11.796234130859375,11.823928504118731,11.787515174555422,11.785913467407227,11.817443371379184,11.77065766684518,11.790596008300781,11.80995591692761,11.821713426498619,11.772883415222168,11.82840822862763,11.796898151513357,11.768494606018066,11.823635870335346,11.771103076749588,11.75613784790039,11.813968786549012
11.51293546492023,11.657860516544226,11.625926971435547,11.62317773737549,11.697432373143146,11.620197296142578,11.55296825952185,11.50940487959706,11.605866432189941,11.591727284735134,11.617142785500304,11.633983612060547,11.572678580330598,11.62184126439082,11.64663314819336,11.588498352869266,11.605080476363591,11.65347671508789,11.60729998277009
11.74006900564972,11.76218939694055,11.703006744384766,11.692092230088782,11.779300922662117,11.718921661376953,11.741796947390604,11.714012085823994,11.702224731445312,11.695904834800173,11.733293399046662,11.690999984741211,11.715572534945613,11.772937576388202,11.723716735839844,11.704793667237972,11.677549599893258,11.687885284423828,11.686731418427732
11.736077016252437,11.695123348419171,11.740340232849121,11.787330721509909,11.775651083357227,11.845917701721191,11.81600447473753,11.746219774894676,11.745908737182617,11.772399643268082,11.863464426714696,11.79998779296875,11.79536013096927,11.661545188246208,11.80048656463623,11.785996225260346,11.563903413447532,11.751899719238281,11.769361370963958
12.031129798974042,11.905928073533932,11.972822189331055,12.02940618080945,11.962615226144855,12.036654472351074,12.069327170502637,11.975598670675453,12.01939868927002,12.044078800209862,11.9661750167834,11.986207962036133,12.044615612096669,11.992683012113451,11.992465019226074,12.02732803725548,11.931197965290085,11.980657577514648,12.02990645988184
11.813037464800539,11.841688695134891,11.839284896850586,11.821402346764975,11.87070675980292,11.797590255737305,11.848096543401585,11.834627049425212,11.855816841125488,11.80270851138957,11.78072717144947,11.830729484558105,11.840864133972149,11.824902704109086,11.849859237670898,11.821512238089529,11.8638521344203,11.859289169311523,11.85026466270807
10.868587496017359,11.418421034706522,10.937253952026367,11.161583863731051,11.61558540611214,11.192835807800293,11.209378583894978,11.717874891439427,11.014527320861816,11.177758406586852,11.617056126053088,11.095579147338867,11.205117627606398,11.563579363805736,11.081398963928223,11.122552840057176,11.561665217918147,11.007417678833008,11.139693404391073
12.206077645517674,12.391765405643033,12.29709529876709,12.311229028090366,12.302721777818432,12.254470825195312,12.315619371664836,12.28681628512613,12.308478355407715,12.316270144723541,12.36538124461197,12.315266609191895,12.312586261115717,12.32844017196983,12.301473617553711,12.306432139543807,12.421028939385495,12.308087348937988,12.328427798570377
11.763691965388299,11.740576179249448,11.756092071533203,11.71160019366404,11.671816026535366,11.730672836303711,11.716537704105708,11.824819191009853,11.765435218811035,11.735772837294768,11.788706954680597,11.764838218688965,11.725871594934498,11.78518835847994,11.74809455871582,11.72132211981285,11.796571602139602,11.769766807556152,11.702039251258674
11.719947764402807,11.639920078665396,11.617836952209473,11.626659016747624,11.58883603412834,11.632439613342285,11.631380242037325,11.565561700299233,11.579544067382812,11.603710864057126,11.635984422719485,11.597932815551758,11.6045941171039,11.655722727313757,11.625669479370117,11.580140244729435,11.66330383768857,11.574949264526367,11.607788173695651
11.951186847493476,11.938322651334058,11.978752136230469,11.968019643897728,11.999176226706423,11.966590881347656,11.949990378082033,12.006496344008204,12.015511512756348,11.987118783940643,12.107284454224835,12.027393341064453,11.994962131096347,12.030423895540164,12.024544715881348,11.98837180655047,11.998601284885455,11.996819496154785,11.977120700710133
12.339295865674435,12.41288256233326,12.48045825958252,12.465758973503956,12.453268449076006,12.427684783935547,12.46077444075967,12.475879707946468,12.467047691345215,12.46988293460166,12.487682932323027,12.468928337097168,12.451651587787444,12.44565659418902,12.44906234741211,12.487745005003061,12.450801385181862,12.477665901184082,12.460203137474428
12.083910661257521,11.893309358073463,12.0529146194458,11.957419475577066,11.98372300553881,11.907209396362305,11.941337104766745,11.989361712962971,11.927765846252441,11.919680631280636,12.304839050995408,12.05024242401123,11.970919259643207,12.195966154671984,12.039575576782227,11.971257304952218,12.093701724009984,11.921463966369629,11.997088080322658
11.95655945119582,12.121971335585297,12.070775985717773,12.099297306344875,12.0676721703525,12.082204818725586,12.118392224578114,12.14802920603694,12.085709571838379,12.0915598126963,12.069327200324441,12.10632038116455,12.110012187880791,12.063614396564933,12.090563774108887,12.11577400025377,12.10923042438348,12.07236385345459,12.083049290623622
11.59451466851004,11.502517047761547,11.402114868164062,11.445692339369652,11.548103910671983,11.46377944946289,11.5534958875472,11.558850593948504,11.496018409729004,11.547356324442257,11.352793220451936,11.343403816223145,11.370688714181028,11.312972096310968,11.325553894042969,11.368034902708219,11.520204426960445,11.366996765136719,11.45330423883375
12.47801017053037,12.167048283432532,12.5614013671875,12.49443513768325,12.289009549367728,12.412468910217285,12.466963359127387,12.341622161141233,12.578057289123535,12.49745057663705,12.544540780375476,12.501579284667969,12.520828457763683,12.402952495990801,12.490621566772461,12.505811585830045,12.490108646657847,12.55026912689209,12.50227159342397
12.554840409959793,12.614613640173594,12.56928825378418,12.557893997196118,12.566170251528144,12.605507850646973,12.626157473461575,12.509887468283308,12.565763473510742,12.52970909026674,12.558726239661699,12.598772048950195,12.532798221769973,12.705855980610808,12.620241165161133,12.571002249797772,12.314559059880093,12.510168075561523,12.533656941837016
12.278397958261774,12.281857994891078,12.441248893737793,12.40948180040088,12.328567070652134,12.400897979736328,12.377932117878501,12.46528029168746,12.398248672485352,12.398382280813863,12.558507086079528,12.40906047821045,12.409857256516007,12.439502859355272,12.458477020263672,12.402901528168622,12.54642954846799,12.410651206970215,12.406857417535242
11.711784520403112,11.89619892855447,12.131011009216309,12.288529218739152,11.884679704120323,12.127854347229004,12.312314737056777,12.121301214012995,12.13912296295166,12.340407264185638,11.671812439822315,11.997038841247559,12.337978343214424,11.879557383029706,12.138971328735352,12.368213174030274,11.698579439566487,12.092304229736328,12.287277066028718
12.206077645517674,12.009877739024278,12.039909362792969,11.952982093167298,12.000237136112116,12.026129722595215,11.997821649032604,11.823514677898066,12.05087947845459,12.002789198933014,12.115462885627469,12.105164527893066,12.0103255231737,11.998705633020172,12.027371406555176,11.961619350266279,12.02451864268204,12.071871757507324,12.00209626968155
12.049424683420915,12.01703436775918,12.04403018951416,11.975739623789394,11.953712318471883,12.011090278625488,11.956387735060824,11.946626792133713,12.021235466003418,11.967373319967784,12.026425725641728,12.008025169372559,11.961757120226748,12.024860187819378,11.993491172790527,11.958042686629502,11.943729380829488,12.029391288757324,11.991404120082903
11.812296455066814,11.847910894547542,11.72514820098877,11.65274588549978,11.766383545915419,11.770526885986328,11.663314179792694,11.848481430072656,11.735917091369629,11.697191696464314,11.696326609008475,11.76053524017334,11.691770016080463,11.727016445109886,11.784430503845215,11.698067481631648,11.815344706822156,11.733566284179688,11.683814531065458
12.923914877701906,12.868519996256664,12.84127140045166,12.780311402864655,12.789020519205602,12.805828094482422,12.802416658237755,12.748439682736196,12.797202110290527,12.719230686111606,12.971898222278611,12.870990753173828,12.832343135037382,12.833801262656593,12.86055850982666,12.830049253973904,13.104122395561637,12.876998901367188,12.781876583708986
12.367345048436391,12.372251881749156,12.384557723999023,12.35410202958366,12.36695419531905,12.36944580078125,12.361668846005829,12.416376404223357,12.382608413696289,12.378117000718666,12.396217874899317,12.349053382873535,12.395399706054166,12.404058902228533,12.337717056274414,12.379757334458409,12.195426769005682,12.382598876953125,12.352199691889904
12.04355959836804,12.171902889713454,12.213493347167969,12.217563308472283,12.280439902103659,12.155463218688965,12.200565213127753,12.098426989374955,12.154498100280762,12.195448413180731,12.100541129473406,12.16601848602295,12.186583487468939,12.147822138409579,12.176955223083496,12.167219559332413,12.204723906724004,12.199966430664062,12.22632122578173
11.608244735642321,11.604839548906124,11.6796293258667,11.630893178366682,11.592522050959678,11.713683128356934,11.62778622522522,11.709831519845038,11.715394973754883,11.66775513381902,11.642957234941974,11.670598030090332,11.662245160721064,11.638550665948904,11.652587890625,11.640054015715778,11.675452073377002,11.659337043762207,11.641443635316657
11.917730355182513,12.015435961049112,11.943329811096191,11.916208485084928,12.121010025606719,11.96017837524414,11.917309464804237,11.92171060466995,11.96396541595459,11.92722389405978,11.93582491658243,11.884888648986816,11.931614512415129,11.938011875684223,11.922761917114258,11.92544177031216,11.900892794307056,11.922282218933105,11.922361069971416
12.086731521684555,12.035422931772853,12.01674747467041,12.033720199421255,11.929189613137963,12.07424259185791,12.010481486034552,11.915822739675216,12.01230239868164,12.019054778114029,12.018952839045646,12.01466178894043,12.06130116763929,12.034796300525986,12.032058715820312,12.045716509289011,11.998208596190242,12.008807182312012,12.03823868431264
12.660331092405906,12.258636478704858,12.945194244384766,12.905537429964511,12.889664956534304,12.93551254272461,12.866535726840098,12.817096160439842,12.924562454223633,12.913528963433137,12.885164269189268,12.941917419433594,12.91186114285377,12.919016222927524,12.953309059143066,12.940261696976345,12.835350145651228,12.938311576843262,12.900777243267546
12.149507585033072,12.030725595207805,12.073223114013672,11.97430779868627,11.887588842842467,12.048501968383789,11.935149150427359,12.019028135503886,11.994596481323242,11.935122757925019,12.271088589156546,12.018714904785156,11.97287242452999,12.180019509261207,12.038653373718262,11.964874079911368,12.0338044884255,12.052881240844727,11.973206381711728
12.468440756144114,12.474185191381816,12.383231163024902,12.369393253544631,12.265705149931028,12.26966667175293,12.305084326937331,12.475684866322618,12.4024076461792,12.368340558726361,12.513677021327114,12.391671180725098,12.359000790615033,12.51689638300886,12.410622596740723,12.401617725904915,12.440063735910087,12.42129898071289,12.38963180066058
11.560772327227417,11.794194760947192,11.769136428833008,11.772783857940487,11.767651371044327,11.77495288848877,11.808270249958746,11.495502939530873,11.83078670501709,11.803205703404831,11.617924730852407,11.684200286865234,11.702603603543434,11.721216620122592,11.723854064941406,11.739493324543737,11.7602753017067,11.757326126098633,11.770299415055737
11.963574241653713,12.05119628156396,12.00514030456543,12.045339634670714,12.092951364100532,11.98711109161377,12.02933343677808,11.980601582570818,12.055376052856445,12.03109672674294,12.008379752789816,12.046975135803223,12.03238114311127,11.988945924806538,11.986571311950684,12.02832654059959,12.087957649243156,12.006502151489258,12.035132698289608
11.878630514504515,11.921953052581319,11.934568405151367,11.933171837547677,11.939069732140855,11.926498413085938,11.93766218530829,11.943307196855198,11.93807601928711,11.927093384158587,11.889429907172964,11.94221019744873,11.934669166654022,11.864350127594722,11.882469177246094,11.928125124505957,11.87497072001216,11.944536209106445,11.93023075929399
12.283038316285214,12.294000665157515,12.235329627990723,12.20722990212445,12.212975655257456,12.2252836227417,12.19024887497499,12.215836967684385,12.211310386657715,12.198633842241764,12.25401120538062,12.192567825317383,12.181378868411514,12.229332310947708,12.184082984924316,12.187863102160655,12.240677085166315,12.198177337646484,12.192747736463563
12.170450649220749,12.18012948757277,12.218265533447266,12.291309721067998,12.242826798897733,12.266844749450684,12.30910091296361,12.296977301786415,12.261548042297363,12.291256372184764,12.295606052773792,12.213201522827148,12.291589759548204,12.129954215771399,12.216447830200195,12.29932494109652,12.28897462690397,12.248967170715332,12.294150907144473
11.751950239425476,11.657746716865692,11.820134162902832,11.856837547151176,11.978447307792942,11.899765014648438,11.914431758034738,11.961210493955123,11.845319747924805,11.846494238480219,11.627031603811503,11.832257270812988,11.844298715169609,11.592345966194834,11.796883583068848,11.841338827343947,11.686413052186449,11.801268577575684,11.848053569741364
11.87757552297847,11.80457473290184,11.833894729614258,11.848428868557475,11.829220089309073,11.868961334228516,11.83505916491195,11.904559744115552,11.866109848022461,11.851832548805472,11.843908195124682,11.828248977661133,11.841260428297062,11.859610958653235,11.831034660339355,11.843012580038238,11.881348514877702,11.852001190185547,11.83970798859002
12.354496960983985,12.229167245676342,12.387533187866211,12.404054785740668,12.503717963225156,12.415506362915039,12.406797470027495,12.361119553789166,12.402132987976074,12.414798618701564,12.428600284887718,12.377227783203125,12.443768815381027,12.393561775914382,12.359654426574707,12.423396886887485,12.29782427200483,12.391718864440918,12.439821286127032
11.561725152903833,11.58369042777603,11.631468772888184,11.660915014216998,11.64871986148226,11.573871612548828,11.665295149971525,11.434578009529048,11.628240585327148,11.68694065078474,11.568600221657329,11.589949607849121,11.654380073969785,11.611211954565222,11.590899467468262,11.660469001267472,11.671162071881357,11.657333374023438,11.685376793719032
12.016732516077072,11.92452741441159,12.042637825012207,11.986553726783164,12.14509562456764,12.050602912902832,12.008071786808802,12.018988377001174,12.059843063354492,11.990836847528035,12.039484197098334,12.014555931091309,11.924979566696083,12.129391787906322,12.052836418151855,11.96373576991901,12.012563882840496,12.013842582702637,11.978974164659888
12.521981322562505,12.484448813979913,12.402727127075195,12.369125507191228,12.444039932221925,12.427908897399902,12.408647603999261,12.457414723371935,12.468069076538086,12.410856273261262,12.480185431624536,12.432878494262695,12.444589993039111,12.524863433517108,12.443089485168457,12.452565216280034,12.444327882554399,12.437734603881836,12.429744257768878
13.05301544288996,13.12371987083199,13.037599563598633,12.96200052109112,13.173252554172803,13.076622009277344,13.02792013924862,13.243288751877566,13.015453338623047,12.945248519891964,13.0884947991437,13.02291202545166,12.987357205927253,13.11403105973707,13.053670883178711,12.973942493086364,13.233990114209664,13.00756549835205,12.960624760430813
12.429220196836383,12.499213826298714,12.399402618408203,12.409901485114373,12.427693625511111,12.420527458190918,12.420883537844997,12.466452986037357,12.416274070739746,12.423309691541958,12.430557606057455,12.380025863647461,12.415423214370811,12.423331823908736,12.361583709716797,12.421501349603375,12.5143881941843,12.399914741516113,12.425762679080107
12.384223015005313,12.488154899662987,12.47406005859375,12.47495378880044,12.31433151054954,12.417951583862305,12.42833330787379,12.34859994518756,12.458954811096191,12.442401088589707,12.425687352263616,12.482146263122559,12.43218703880404,12.442085677661915,12.49024772644043,12.462135092850236,12.395307982960183,12.431090354919434,12.440700681543722
11.418625774449598,11.471082372256848,11.483834266662598,11.463155769201755,11.350899295120662,11.412769317626953,11.487894838549597,11.62846504129153,11.479721069335938,11.520333604730364,11.517805782022151,11.41813850402832,11.509691610266032,11.471846613630829,11.405226707458496,11.466149366674987,11.530003233184614,11.475175857543945,11.44108501554644
11.669937760751914,11.767303709848543,11.819999694824219,11.90333050415409,11.810948861716811,11.896851539611816,11.883596793001624,11.854785884063125,11.862753868103027,11.899475523200298,11.992276849293084,11.89592456817627,11.925139667847855,11.922025208741452,11.92127799987793,11.91078054238455,11.926674228943064,11.873133659362793,11.909047812024271
11.326607934898927,11.515312556563254,11.49216365814209,11.504830205763568,11.380802126677033,11.509095191955566,11.507176451947766,11.47331376228645,11.484630584716797,11.5012011395355,11.492773294687282,11.488639831542969,11.481973506714521,11.51333614446905,11.500101089477539,11.490405549584864,11.455893281742831,11.485494613647461,11.515144246588527
12.02874460037869,11.979415704576153,11.886493682861328,11.90480156335959,11.743352921256989,11.844786643981934,11.868474585796248,11.886678481239242,11.899417877197266,11.902816363050407,12.011156475708905,11.884873390197754,11.813054499979145,11.982605895835711,11.892865180969238,11.889851680362773,11.980085384538876,11.87620735168457,11.873577526644528
10.97679912709094,11.463511640050918,11.09167766571045,11.30218418771646,11.062598115541114,11.26451301574707,11.32594567843232,10.808317472411064,11.1402587890625,11.27824364621066,11.186798176230852,11.179370880126953,11.27393672409011,11.152098371012164,11.14789867401123,11.258035778214532,11.205243817962822,11.157769203186035,11.278860437040898
12.377927112974284,12.355185245206977,12.217060089111328,12.196508970658572,12.301125185054733,12.170722961425781,12.149919654129508,12.120089608537622,12.179269790649414,12.223754032973101,12.228452994725941,12.190279960632324,12.250411686190922,12.185652864159236,12.187148094177246,12.24118900116962,12.27076080571997,12.207018852233887,12.252734087967449
11.964007453736912,11.913169430359916,11.930603981018066,11.95101430147281,12.015616270052782,11.917771339416504,11.982763913726838,11.870005628880456,11.98178768157959,12.016284892549141,11.860298024265038,11.889504432678223,11.922819783278555,11.867074738522687,11.890584945678711,11.920831917256486,11.852924660251828,11.885598182678223,11.91046603033384
11.626263078808801,11.835792274975152,11.910185813903809,11.880949526796186,11.853178819839536,11.891178131103516,11.828034049068638,11.742665464477582,11.89468765258789,11.857189749049233,11.65878018496918,11.904534339904785,11.867040744802463,11.495425008410168,11.90274715423584,11.878742301859722,11.70752155248967,11.92344856262207,11.857860200861325
11.561725152903833,11.665561756704005,11.637711524963379,11.618683078438883,11.617183414220333,11.566439628601074,11.59319131725413,11.483241086699664,11.564218521118164,11.59567211769417,11.68591260940903,11.589789390563965,11.622361737563006,11.67082208920194,11.588167190551758,11.631104578659922,11.695563529251606,11.618548393249512,11.625575628238952
11.74006900564972,11.72032078332867,11.593740463256836,11.597423534720207,11.789137325547234,11.662737846374512,11.591994720587472,11.609677222554616,11.576749801635742,11.575568032753386,11.66785672058095,11.615346908569336,11.600205257016812,11.691580588808154,11.575687408447266,11.585534554211199,11.765555213631117,11.627264976501465,11.584852236708876
12.429220196836383,12.299496728269471,12.52106761932373,12.487875296059501,12.608730928086185,12.465651512145996,12.468645085132259,12.502340583149618,12.54922866821289,12.508986072350938,12.47420123586455,12.538238525390625,12.516204344337474,12.480579705650143,12.446290016174316,12.477968125426283,12.66884176445531,12.522485733032227,12.513933948186837
11.820417517632333,11.933336757099969,11.96773624420166,11.956798264038392,12.3356094846218,12.075827598571777,12.036834435929316,12.372915624772624,11.958096504211426,12.024836574320343,11.84244705491805,12.077610969543457,11.941341255520344,12.046383245336802,11.93071174621582,11.885613861686242,11.83518822850297,12.010014533996582,11.951563296403986
12.84132849667433,12.789289305657562,12.765005111694336,12.739191033370789,12.752375656623558,12.735666275024414,12.722521232014838,12.613955308576545,12.765899658203125,12.726723386748333,12.76526053618196,12.750205993652344,12.715213452480953,12.759290853878648,12.757597923278809,12.72616898678648,12.752323449235679,12.762824058532715,12.714121468364189
11.782960235741939,11.887425113837047,11.806449890136719,11.764521492291005,11.873679475357395,11.834478378295898,11.769809789352628,11.914336522199578,11.792658805847168,11.766100939191963,11.71209107428567,11.755454063415527,11.739001883270557,11.804360047790952,11.78884506225586,11.734440958510111,11.78438576564948,11.78381633758545,11.752424081813578
12.367345048436391,12.352765019349333,12.344231605529785,12.35995791755293,12.302581629742345,12.372294425964355,12.37367282846233,12.30549032682604,12.34764575958252,12.375607786676223,12.356808023845568,12.341058731079102,12.359510143475484,12.37094482750982,12.38625431060791,12.379291555852674,12.373163663405268,12.35614013671875,12.372205281129458
11.728044909070785,11.757461394175293,11.750094413757324,11.79693726562833,11.794101123913297,11.832684516906738,11.822409038783482,11.83310392762867,11.79804515838623,11.809885671185192,11.752336329451994,11.814234733581543,11.816297268524524,11.788535612869769,11.84086799621582,11.832341577451173,11.711021623341702,11.859048843383789,11.811882827345572
11.719947764402807,11.786551812536949,11.754085540771484,11.705777205935775,11.72578159549288,11.75264835357666,11.694394477001936,11.698584714123538,11.773080825805664,11.742222060722847,11.742482229422041,11.725990295410156,11.69834085776705,11.706344525071906,11.706645011901855,11.706725362234842,11.72578490139563,11.752655982971191,11.710647115611064
12.001511614739405,11.767658696546887,11.939629554748535,11.84390256863729,12.041935845285199,11.974899291992188,12.010749435416296,12.03936824319943,11.989473342895508,12.047896214353479,11.744827377322384,11.851191520690918,11.839335693655455,11.662790882896306,11.831482887268066,11.789248849377953,11.873228568756955,11.911516189575195,11.858479822400026
12.415437707935368,12.31917445380192,12.313950538635254,12.22626380195212,12.218659020574824,12.300003051757812,12.216397523868467,12.11766594690645,12.266031265258789,12.18550264901931,12.213036395797928,12.29965591430664,12.203197953583036,12.280844170486517,12.311605453491211,12.214761768420818,12.174800794146735,12.290834426879883,12.187064970461739
12.546871224308068,12.453126018786115,12.584410667419434,12.589188150463222,12.58548988504956,12.533207893371582,12.583378074150746,12.594746150442205,12.603134155273438,12.630557977114753,12.505812660505462,12.617350578308105,12.675227868261844,12.564693388453216,12.568790435791016,12.60684500514911,12.595702890607653,12.59662914276123,12.607172352626288
11.982935344196433,11.962322689882772,12.03554630279541,11.926816633673635,11.898852474489479,11.989521980285645,11.932177909248544,12.336318033303776,12.124100685119629,11.992104895242763,12.063422865220687,12.064141273498535,11.959256873247615,11.97311108366184,12.043990135192871,11.97374686383469,12.208759460497285,12.08028793334961,11.97561302896552
11.83138646878959,11.770897568358574,11.822538375854492,11.806615459638294,11.800346041211442,11.793761253356934,11.78896893222883,11.941399894768221,11.766292572021484,11.768817035050576,11.695754014075872,11.781875610351562,11.768363679890259,11.804968496161461,11.81561279296875,11.788383866337824,11.819355151616804,11.782397270202637,11.743807112710565
11.835016210489899,11.785325713860297,11.726829528808594,11.824426920965468,11.925764024476242,11.936125755310059,11.915123170643422,11.98254663239125,11.82636547088623,11.86982980267801,11.811915952083195,11.755882263183594,11.82832793570058,11.8223023769482,11.809746742248535,11.874014480578255,11.696753124062422,11.793267250061035,11.827214344282549
11.831022768939789,11.874698594277783,11.927806854248047,11.85066381781323,11.91831431318463,11.904016494750977,11.880901538276785,11.86366176418105,11.903718948364258,11.849807153959542,11.84264808100303,11.88922119140625,11.832524067898735,11.86628895630869,11.849177360534668,11.845887745201217,12.00733515530636,11.89757251739502,11.845280182944256
11.695255355062795,11.799670276092613,11.670220375061035,11.623155615486947,11.448673441055451,11.636384963989258,11.617927080056745,11.749689281415737,11.682954788208008,11.62650059818273,11.659243947162626,11.666170120239258,11.594265452306495,11.66869119872784,11.672989845275879,11.615498282377377,11.661939159052547,11.665682792663574,11.625172544772186
12.170450649220749,12.157120537889869,12.132128715515137,12.124838069418105,12.145807191534752,12.13787841796875,12.127689575329656,12.063767104714735,12.130631446838379,12.105095770710506,12.18066377964908,12.103625297546387,12.11270566243908,12.205911116087023,12.113042831420898,12.128093284615721,12.173611525293412,12.135111808776855,12.1389435076155
12.174994689959313,12.167177239487904,12.169702529907227,12.171424902591678,12.240722176908516,12.13585376739502,12.153462484806312,12.226239173609953,12.139684677124023,12.168728792699465,12.131564466436291,12.120105743408203,12.155037463556395,12.108663287322607,12.159820556640625,12.17183635237905,12.14458087051859,12.145865440368652,12.168775053895956
12.552930054797935,12.495952776868736,12.469406127929688,12.44023513763857,12.357912808294946,12.400980949401855,12.385620582727295,12.298719899775309,12.444145202636719,12.430289150976277,12.369606414730189,12.469346046447754,12.45118149742638,12.343779460685994,12.498483657836914,12.486542752475586,12.450999242397131,12.475353240966797,12.428777852482515
11.561725152903833,11.650456559101816,11.380617141723633,11.556965912718285,11.588524938935338,11.293953895568848,11.419892226748402,11.619951191613557,11.318974494934082,11.416207594452136,11.762956169627714,11.357342720031738,11.426169230207869,11.403240546445605,11.498117446899414,11.5058174395949,11.611028197233978,11.526141166687012,11.465273817110079
12.524530013005734,12.561417157629975,12.59158706665039,12.57997906727379,12.671007688327135,12.567242622375488,12.597644509522093,12.545671485861593,12.516839027404785,12.562772809577888,12.58854891163258,12.537008285522461,12.540695724226707,12.413251593354135,12.54752254486084,12.495344421766921,12.707409926109033,12.469135284423828,12.522456629715501
11.798111925972618,11.785257885616517,11.776999473571777,11.796770163757738,11.64538401696179,11.739484786987305,11.787420069659184,11.780540998740967,11.774741172790527,11.79118457210996,11.761730476377206,11.769596099853516,11.780188836008909,11.804943505255647,11.788294792175293,11.7997713528283,11.710886675981488,11.787972450256348,11.808486224872373
11.626263078808801,11.507697808243925,11.661359786987305,11.67666173334337,11.635245799770264,11.67786693572998,11.67579722161892,11.705503634481431,11.659083366394043,11.661844291119106,11.687973718582185,11.670775413513184,11.684195919400802,11.630640813902112,11.685368537902832,11.709326030511386,11.62418735675048,11.68919849395752,11.666728935476307
11.74006900564972,11.717560674896319,11.529690742492676,11.628947159597793,11.295670673682118,11.415183067321777,11.529358329955997,11.295794171545671,11.466724395751953,11.514636668296363,11.758794598700256,11.713675498962402,11.625168434949494,11.742444932692038,11.633316993713379,11.625231295911368,11.474240478381166,11.544841766357422,11.569700787380679
12.278397958261774,12.157862015391334,12.355120658874512,12.291741498971074,12.215645859040265,12.228277206420898,12.270427308654542,12.209222711786452,12.34714412689209,12.269978222495281,12.32246905204498,12.335651397705078,12.379161949781162,12.360622942612991,12.390700340270996,12.34439346691534,12.4190775986447,12.370528221130371,12.319590514483009
12.345838935721968,12.232135504325761,12.275382995605469,12.313314712332184,12.297266620321976,12.305538177490234,12.332806126000596,12.329884406658751,12.287806510925293,12.333994812805924,12.304821838728058,12.29880142211914,12.332591543422138,12.322171021308568,12.291046142578125,12.338409367016428,12.298435733361131,12.286664962768555,12.323490256975067
11.849404844423074,11.93400356437566,11.888479232788086,11.871934426106513,11.774796828228721,11.899994850158691,11.847117692515718,11.968781405711551,11.899864196777344,11.831514282235064,11.987147093767216,11.975106239318848,11.894158068372839,12.028810418690746,11.963057518005371,11.897905923885256,12.07661690883221,11.959897994995117,11.899729008636701
11.407576060361786,11.75339922871809,11.416511535644531,11.448665374403094,11.50504027595135,11.38961124420166,11.447917934690375,11.478296229317985,11.38596248626709,11.471956015867802,11.452947116931728,11.446413040161133,11.442017881193468,11.703184098992438,11.411250114440918,11.435917219261716,11.430702568185598,11.426254272460938,11.417882694014734
12.456835254920371,12.385857736003974,12.506768226623535,12.564864604674225,12.62687559100386,12.584381103515625,12.561878940870152,12.589493408930071,12.555587768554688,12.543409883231007,12.534637998821724,12.550512313842773,12.53503996278023,12.535591341197176,12.573607444763184,12.542481879328953,12.613368362624387,12.56619930267334,12.551961572694923
12.240478903153711,12.032660227338155,12.167930603027344,12.105239360507024,12.134159085647424,11.988629341125488,12.077672393500368,12.078515714799742,12.074490547180176,12.111632533751903,11.939246174592785,12.116948127746582,12.131521474695292,11.91703863669373,12.134932518005371,12.134408881678542,12.179323774685654,12.106100082397461,12.109014207591965
12.077676615757813,12.211916919636367,12.300002098083496,12.287098824187437,12.331197029473508,12.372178077697754,12.332455217279845,12.370493308565202,12.372384071350098,12.320686786047288,12.26431682244543,12.308475494384766,12.304381116013028,12.381496761483014,12.335166931152344,12.302337661834006,12.298806996524922,12.375908851623535,12.336537011122351
11.715874472198905,11.73983123986063,11.640830039978027,11.723521588510476,11.489962157673078,11.475777626037598,11.57490771796577,11.619918893592681,11.613666534423828,11.683074496642092,11.616573085294847,11.524659156799316,11.669839899139765,11.859289287152498,11.589889526367188,11.67846195210737,11.847383886826325,11.617738723754883,11.70469157593535
12.73670383776449,12.68592274794839,12.651749610900879,12.707979919441131,12.729521053934693,12.694151878356934,12.68800995451404,12.811689911897728,12.73221492767334,12.66362266087749,12.728361349094225,12.68077278137207,12.68118766416585,12.78931365218064,12.692977905273438,12.710337302956418,12.719558645391432,12.730887413024902,12.712115910872422
11.728044909070785,11.799633372766152,11.76108455657959,11.802438720324503,11.800749186264932,11.696094512939453,11.781441109419205,11.816675505098326,11.70316219329834,11.806047232721395,11.769144505007725,11.727584838867188,11.829194004869734,11.650056973346544,11.733887672424316,11.834757633144154,11.738283774152606,11.732008934020996,11.820057702764897
12.314931534737134,12.36585764702949,12.294724464416504,12.188414494107423,12.094569167221549,12.171103477478027,12.199117314072753,12.235579322778937,12.223222732543945,12.18413325948102,12.316278559652377,12.276673316955566,12.19923687591585,12.302152610673346,12.2358980178833,12.168029025422847,12.090882323487156,12.172447204589844,12.162518887520982
12.100161978566867,12.103865885922707,12.031427383422852,12.043473494324596,12.145394664592182,11.9642972946167,12.015325997136047,11.964874529189334,12.017049789428711,12.025301038489172,11.963199834763792,11.969629287719727,11.968661387613949,12.04159262957991,11.999871253967285,12.016893504220851,12.0698596749047,12.033305168151855,12.014678284744328
11.755879486687116,11.857813650415686,11.878084182739258,11.849800734282459,11.842713199021581,11.942058563232422,11.889834413870958,11.844131810058084,11.861648559570312,11.83527460688962,11.782762152409035,11.850960731506348,11.847291181971219,11.817812597789727,11.8414888381958,11.837323411126707,11.800572343932176,11.8570556640625,11.842063507361718
11.824087219587643,11.835729395479063,11.824774742126465,11.852593631446004,11.842250015693699,11.856515884399414,11.851369960817319,11.838633585468335,11.850790977478027,11.85495000982913,11.839815619108602,11.841379165649414,11.864086596840886,11.847656867929656,11.845348358154297,11.860340458550198,11.844115965550591,11.854969024658203,11.85879484473704
12.524420916542532,11.950586152111809,12.124092102050781,12.11148297778399,12.139737158812329,12.016529083251953,12.072523384460423,12.245222712521374,12.108522415161133,12.15801286498418,11.985510705232342,12.015606880187988,12.102757560925575,12.244395369569304,12.088822364807129,12.13665646339303,12.227914983064313,12.114102363586426,12.097420939929414
11.87757552297847,11.829573061903991,11.888339042663574,11.911096460285005,11.78021756357334,11.86950969696045,11.900309108438275,11.793169271166725,11.885443687438965,11.933086990187148,11.851114122555689,11.853654861450195,11.881590731558152,11.86940479032621,11.856705665588379,11.915397180927945,11.733878615883045,11.866020202636719,11.918492833688171
11.863589378812122,11.94706534373619,11.895445823669434,11.872497198736356,11.721960293904402,11.82065486907959,11.825665473088462,11.59061281115066,11.805716514587402,11.835902345910181,11.994979391123483,11.890496253967285,11.895355714930506,11.89052845273779,11.894498825073242,11.899759023169457,11.816096641686261,11.846664428710938,11.877293663705036
12.509877789891931,12.500551337301747,12.449499130249023,12.449624741522825,12.440603648600806,12.43389892578125,12.472744047767385,12.428654914331121,12.466791152954102,12.44309785752607,12.427523113957678,12.433698654174805,12.463736248603663,12.446244212846889,12.430940628051758,12.473135799595765,12.451002873259103,12.4642915725708,12.45336964646521
11.849404844423074,11.796668177679056,11.862794876098633,11.876938585571857,11.673884736537175,11.86535358428955,11.837520855188243,11.862900216241176,11.876928329467773,11.911210665997988,11.897379482222151,11.966446876525879,11.895655341048956,11.860754712725381,11.936141014099121,11.91666445758638,11.729726005899982,11.896442413330078,11.893128802456575
11.686887175419702,11.651817472449942,11.59239673614502,11.625239388705376,11.656035642642362,11.708364486694336,11.614095168137862,11.65626173029251,11.650263786315918,11.588559761664653,11.632891982376842,11.672341346740723,11.639729249241121,11.578363049747248,11.610282897949219,11.638306710482253,11.614758530439257,11.682188034057617,11.639842123947801
12.116700301832573,12.211911017760546,12.149556159973145,12.116875570653265,12.172492601278957,12.141755104064941,12.140808002462268,12.151419367316812,12.133774757385254,12.134709095133248,12.167873185993283,12.144133567810059,12.103419192735064,12.129314321943944,12.133354187011719,12.068095788823108,12.163768899609025,12.146122932434082,12.108556285327412
12.165984756488543,12.1470793807768,12.093996047973633,12.059652232713608,12.143670689348445,12.02308177947998,12.067247817411864,12.260790257794609,12.069317817687988,12.073495279777712,12.145393913848952,12.10227108001709,12.059930379257194,12.182430364077787,12.105554580688477,12.038721114780076,12.165143091409437,12.066503524780273,12.08124583893309
11.87583791515714,11.800783163142611,11.838494300842285,11.821764037871292,11.88959223368284,11.860082626342773,11.845514921671755,11.824285334591002,11.835366249084473,11.844099030958644,11.856908183235053,11.829344749450684,11.833823722316476,11.859664524884831,11.842616081237793,11.834328400425653,11.827033909065428,11.841023445129395,11.831807657305237
11.07443600653965,11.523562469040112,11.524163246154785,11.568602245063625,11.558217795999838,11.49322509765625,11.563588119305258,11.467538304168675,11.5147705078125,11.544909085854322,11.516259405284169,11.555749893188477,11.571745085260478,11.41376951497252,11.556690216064453,11.574525865248656,11.595195370642237,11.546627044677734,11.57528708035076
12.136191879981927,12.173460794785882,12.10427188873291,12.132296948861805,12.171212524742302,12.110933303833008,12.14247298670686,12.092231693655885,12.089940071105957,12.118499425327572,12.17870276609859,12.125083923339844,12.152246299878724,12.16293016411922,12.113344192504883,12.163332926039198,12.191498874943354,12.089049339294434,12.136547937597426
11.982935344196433,11.97599133945877,12.016387939453125,11.995971908705043,11.915209439616053,11.966347694396973,11.989350672665655,12.05711021082056,11.961923599243164,12.011152184458293,11.969045701565415,11.944634437561035,12.00869952608112,11.964951704447826,11.979201316833496,12.02378729817774,12.020851391717748,11.998108863830566,12.022162919732693
12.066816325306588,12.005508605891155,12.050870895385742,12.038178117900744,12.227008616571247,12.1264066696167,12.103912835072068,12.282854659836413,12.115842819213867,12.054885185815602,12.167091159896005,12.073793411254883,12.058954314559063,12.108839298332628,12.033575057983398,12.01492334816221,12.052903108303388,12.01176929473877,12.025901803733104
11.699413330633599,11.677169053573834,11.671163558959961,11.720812027753208,11.652935644641511,11.644372940063477,11.652484451564213,11.700360729931235,11.671012878417969,11.68943647828578,11.74327787717117,11.683777809143066,11.670049958438124,11.724626096791821,11.704025268554688,11.684186426568328,11.697332722501963,11.670166015625,11.69048696811911
12.885673487343764,12.527076047987286,12.739678382873535,12.727876913849506,12.843135108566738,12.790922164916992,12.746930591926281,12.897835373668958,12.768454551696777,12.740313985260372,12.877701379497214,12.746391296386719,12.726645567176398,12.803678422045317,12.757938385009766,12.676365946844472,12.788178466644077,12.732573509216309,12.691686478460634
11.916395250412128,11.837904135018874,11.91120433807373,11.859368085520646,11.890392134134423,11.957563400268555,11.900639050268651,11.891914334365655,11.943110466003418,11.906038335866652,11.766538032489459,11.89542007446289,11.86689232313795,11.826578499696371,11.922164916992188,11.878889937310774,11.92602443515663,11.885459899902344,11.879395959886008
12.190964083849375,12.014013641720593,12.053712844848633,12.086208122160935,12.14430441218787,12.051651954650879,12.015137335731524,12.180679802749944,12.073315620422363,12.014699037972516,12.077919762589762,12.07320785522461,12.009633944893176,12.136361200413733,12.078365325927734,12.049640194915044,12.183951994655482,12.038132667541504,12.063685649237335
12.160033942617156,12.084677866198405,12.264902114868164,12.215073078789981,12.254703987658024,12.268571853637695,12.19239563210806,12.028550678844967,12.169224739074707,12.182371268805673,12.373551392499497,12.30286979675293,12.194167008626602,12.338112330360756,12.387385368347168,12.256304881298718,12.131532054891302,12.26878833770752,12.212636121709577
11.913719681428494,11.860151178962024,11.876006126403809,11.873037524670174,11.906521016532928,11.920683860778809,11.883685670585201,11.906765954721974,11.891283988952637,11.884787468854725,11.903139132585444,11.850980758666992,11.87855678588565,11.906332350394198,11.848457336425781,11.876904025023077,11.906239411228714,11.87963581085205,11.87892237057158
12.644330802262578,12.720554447089619,12.735629081726074,12.749603803966387,12.608445700833647,12.78604507446289,12.736856684127092,12.543840391490566,12.746369361877441,12.73093327550871,12.690632959444653,12.67196273803711,12.711834318242426,12.670372056851619,12.724258422851562,12.737674522398406,12.53142239395954,12.761103630065918,12.726455861203625
11.703554089007538,11.71980872087037,11.556258201599121,11.46568066474634,11.597983436689972,11.531601905822754,11.536072553613712,11.618930537991064,11.45799732208252,11.490637524441711,11.43064633027435,11.464462280273438,11.548707558932888,11.375337730367029,11.451092720031738,11.48857934693406,11.64241425215138,11.505703926086426,11.50924065040407
12.098493002763465,12.156719676011651,12.17946720123291,12.18163379129139,12.247801064748126,12.202747344970703,12.186425574473356,12.237689650126912,12.20864200592041,12.18785866447393,12.145280432552973,12.186823844909668,12.162249607495877,12.162284275916493,12.213858604431152,12.184936843732466,12.197986040930036,12.188714027404785,12.196982535159728
11.767575435251748,11.8049937084663,11.727314949035645,11.710095164924095,11.719984389755194,11.6786527633667,11.664935296773924,11.760856510842281,11.659905433654785,11.668500431742622,11.788933510965387,11.704052925109863,11.661648778841945,11.761020565499557,11.713672637939453,11.657003352163153,11.78787657856817,11.694658279418945,11.692395111384013
11.969723533345908,11.860061380325314,11.8904447555542,11.893922638402264,11.849095807524154,11.827662467956543,11.878023069256244,12.140975363526971,11.92210578918457,11.900505378452852,12.038032577291295,11.91881275177002,11.909190688970686,12.10192121265651,11.933348655700684,11.91912541964183,12.040717403844729,11.970973014831543,11.930243249774074
12.388398368982115,12.448658582746766,12.531763076782227,12.488993598735156,12.531346632580485,12.517640113830566,12.48867126732224,12.498414942741057,12.560564994812012,12.497052400651874,12.466427505223404,12.548407554626465,12.502825167601081,12.47687108408074,12.555671691894531,12.508784305304923,12.484191858126993,12.532833099365234,12.524594018612989
11.626263078808801,11.61944613474695,11.546600341796875,11.5923701313923,11.764982098521163,11.580696105957031,11.599986401072282,11.760033033301958,11.53935432434082,11.583958022074672,11.733624616926082,11.662339210510254,11.653402603775346,11.617944745771242,11.676751136779785,11.674894397578766,11.753233196983196,11.598082542419434,11.581169972541268
11.429554725537322,11.469772966795718,11.380010604858398,11.429286977588127,11.711818666182234,11.391838073730469,11.38297145722577,11.563078012178822,11.407793045043945,11.381811933620048,11.66279227370585,11.404450416564941,11.387349705586804,11.638134564740325,11.379305839538574,11.43622398568184,11.418227067981439,11.42267894744873,11.398781338970922
11.820417517632333,11.690742056262469,11.736936569213867,11.814791119179377,11.863441648027624,11.786810874938965,11.846169752171738,11.962659432057578,11.803971290588379,11.830505708824035,11.877092108359127,11.755802154541016,11.842734881432674,11.772662861875505,11.751381874084473,11.840135597103366,11.925070072395235,11.763435363769531,11.831057974857918
12.567554517655415,12.3762120964718,12.455162048339844,12.406237686515,12.422406647070428,12.46327018737793,12.425779826172288,12.452385778847066,12.423663139343262,12.401635899715451,12.48317710858718,12.451820373535156,12.388052628982026,12.542789558438594,12.431571006774902,12.399067887664277,12.28550253730908,12.424457550048828,12.361819321792556
11.884495917930655,11.821373302698635,11.770646095275879,11.82660376285042,11.793360174001588,11.80211353302002,11.84564603911834,11.808155670187205,11.789020538330078,11.833492680969398,11.875197949702406,11.785787582397461,11.82764363563187,11.79251569373655,11.751839637756348,11.804640988809465,11.786992920270475,11.777053833007812,11.834683939660135
11.344518647594766,11.650738072763609,11.816518783569336,11.857932668968203,11.828612260775044,11.841710090637207,11.845642325956359,11.881307741609906,11.861150741577148,11.851571899306004,11.667615052177634,11.817864418029785,11.836446761587284,11.566280560427712,11.787232398986816,11.84109318237862,11.818603514652818,11.811971664428711,11.859738196025958
12.128116509451258,12.169435497514408,12.158635139465332,12.110380943839768,12.087679785654124,12.12656307220459,12.074344452216467,12.108006298095766,12.160309791564941,12.10800036640298,12.076868251007891,12.120844841003418,12.076315853833435,12.107288083751335,12.112298965454102,12.068153651725863,12.196764282040006,12.139126777648926,12.091409389161115
12.07254696717504,12.093435670198055,12.066861152648926,12.085414896694633,12.100413833465781,12.091928482055664,12.0797965433722,12.10122322073887,12.076162338256836,12.084474528829595,12.073048337631505,12.05761432647705,12.082691733146186,12.086053867102306,12.06786823272705,12.082574502593245,12.07530339492574,12.076518058776855,12.080529584547872
12.25486757159303,12.148221120613766,12.20037841796875,12.199587911723096,12.212928653715474,12.239300727844238,12.20199310315837,12.288672870524936,12.24178409576416,12.216206887714467,12.290104363919202,12.24760627746582,12.263201548179305,12.23857915008736,12.208535194396973,12.279346585648186,12.258389967919012,12.232053756713867,12.233885829922126
12.493133274926212,11.961571824816309,12.44881534576416,12.398971708966965,12.321644097276634,12.483163833618164,12.389302572964446,12.492529745209843,12.444119453430176,12.376607196062173,12.453891317820117,12.504457473754883,12.414276285175184,12.398286578846593,12.469056129455566,12.379966898609274,12.475189395249833,12.388508796691895,12.388717501313087
11.864469267087891,11.882441283208783,11.781594276428223,11.777170401760252,11.68925756305822,11.727313995361328,11.69681846642258,11.78001716029397,11.72936725616455,11.695801636655542,11.766389328445346,11.754891395568848,11.762744424048035,11.814485796928789,11.791687965393066,11.757365519345473,11.830873356392948,11.754366874694824,11.761329239926116
11.901590234400047,11.925564185386815,11.891125679016113,11.898748171260417,11.866605456176273,11.884462356567383,11.881293168292096,11.7410091089297,11.866042137145996,11.895479942226675,11.922333931305722,11.903875350952148,11.933201621605322,11.933427994730426,11.913651466369629,11.908373181506585,11.984441739107151,11.917208671569824,11.91740931591716
