Method,Model,Fold,Feature
All features,SVR,1,num__LotFrontage
All features,SVR,1,num__LotArea
All features,SVR,1,num__OverallQual
All features,SVR,1,num__OverallCond
All features,SVR,1,num__YearBuilt
All features,SVR,1,num__YearRemodAdd
All features,SVR,1,num__MasVnrArea
All features,SVR,1,num__BsmtFinSF1
All features,SVR,1,num__BsmtFinSF2
All features,SVR,1,num__BsmtUnfSF
All features,SVR,1,num__TotalBsmtSF
All features,SVR,1,num__1stFlrSF
All features,SVR,1,num__2ndFlrSF
All features,SVR,1,num__LowQualFinSF
All features,SVR,1,num__GrLivArea
All features,SVR,1,num__BsmtFullBath
All features,SVR,1,num__BsmtHalfBath
All features,SVR,1,num__FullBath
All features,SVR,1,num__HalfBath
All features,SVR,1,num__BedroomAbvGr
All features,SVR,1,num__KitchenAbvGr
All features,SVR,1,num__TotRmsAbvGrd
All features,SVR,1,num__Fireplaces
All features,SVR,1,num__GarageYrBlt
All features,SVR,1,num__GarageCars
All features,SVR,1,num__GarageArea
All features,SVR,1,num__WoodDeckSF
All features,SVR,1,num__OpenPorchSF
All features,SVR,1,num__EnclosedPorch
All features,SVR,1,num__3SsnPorch
All features,SVR,1,num__ScreenPorch
All features,SVR,1,num__MiscVal
All features,SVR,1,cat__MSSubClass_120
All features,SVR,1,cat__MSSubClass_160
All features,SVR,1,cat__MSSubClass_180
All features,SVR,1,cat__MSSubClass_190
All features,SVR,1,cat__MSSubClass_20
All features,SVR,1,cat__MSSubClass_30
All features,SVR,1,cat__MSSubClass_40
All features,SVR,1,cat__MSSubClass_45
All features,SVR,1,cat__MSSubClass_50
All features,SVR,1,cat__MSSubClass_60
All features,SVR,1,cat__MSSubClass_70
All features,SVR,1,cat__MSSubClass_75
All features,SVR,1,cat__MSSubClass_80
All features,SVR,1,cat__MSSubClass_85
All features,SVR,1,cat__MSSubClass_90
All features,SVR,1,cat__MSZoning_C (all)
All features,SVR,1,cat__MSZoning_FV
All features,SVR,1,cat__MSZoning_RH
All features,SVR,1,cat__MSZoning_RL
All features,SVR,1,cat__MSZoning_RM
All features,SVR,1,cat__Alley_Grvl
All features,SVR,1,cat__Alley_None
All features,SVR,1,cat__Alley_Pave
All features,SVR,1,cat__LotShape_IR1
All features,SVR,1,cat__LotShape_IR2
All features,SVR,1,cat__LotShape_IR3
All features,SVR,1,cat__LotShape_Reg
All features,SVR,1,cat__LandContour_Bnk
All features,SVR,1,cat__LandContour_HLS
All features,SVR,1,cat__LandContour_Low
All features,SVR,1,cat__LandContour_Lvl
All features,SVR,1,cat__LotConfig_Corner
All features,SVR,1,cat__LotConfig_CulDSac
All features,SVR,1,cat__LotConfig_FR2
All features,SVR,1,cat__LotConfig_FR3
All features,SVR,1,cat__LotConfig_Inside
All features,SVR,1,cat__LandSlope_Gtl
All features,SVR,1,cat__LandSlope_Mod
All features,SVR,1,cat__LandSlope_Sev
All features,SVR,1,cat__Neighborhood_Blmngtn
All features,SVR,1,cat__Neighborhood_Blueste
All features,SVR,1,cat__Neighborhood_BrDale
All features,SVR,1,cat__Neighborhood_BrkSide
All features,SVR,1,cat__Neighborhood_ClearCr
All features,SVR,1,cat__Neighborhood_CollgCr
All features,SVR,1,cat__Neighborhood_Crawfor
All features,SVR,1,cat__Neighborhood_Edwards
All features,SVR,1,cat__Neighborhood_Gilbert
All features,SVR,1,cat__Neighborhood_IDOTRR
All features,SVR,1,cat__Neighborhood_MeadowV
All features,SVR,1,cat__Neighborhood_Mitchel
All features,SVR,1,cat__Neighborhood_NAmes
All features,SVR,1,cat__Neighborhood_NPkVill
All features,SVR,1,cat__Neighborhood_NWAmes
All features,SVR,1,cat__Neighborhood_NoRidge
All features,SVR,1,cat__Neighborhood_NridgHt
All features,SVR,1,cat__Neighborhood_OldTown
All features,SVR,1,cat__Neighborhood_SWISU
All features,SVR,1,cat__Neighborhood_Sawyer
All features,SVR,1,cat__Neighborhood_SawyerW
All features,SVR,1,cat__Neighborhood_Somerst
All features,SVR,1,cat__Neighborhood_StoneBr
All features,SVR,1,cat__Neighborhood_Timber
All features,SVR,1,cat__Neighborhood_Veenker
All features,SVR,1,cat__Condition1_Artery
All features,SVR,1,cat__Condition1_Feedr
All features,SVR,1,cat__Condition1_Norm
All features,SVR,1,cat__Condition1_PosA
All features,SVR,1,cat__Condition1_PosN
All features,SVR,1,cat__Condition1_RRAe
All features,SVR,1,cat__Condition1_RRAn
All features,SVR,1,cat__Condition1_RRNe
All features,SVR,1,cat__Condition1_RRNn
All features,SVR,1,cat__BldgType_1Fam
All features,SVR,1,cat__BldgType_2fmCon
All features,SVR,1,cat__BldgType_Duplex
All features,SVR,1,cat__BldgType_Twnhs
All features,SVR,1,cat__BldgType_TwnhsE
All features,SVR,1,cat__HouseStyle_1.5Fin
All features,SVR,1,cat__HouseStyle_1.5Unf
All features,SVR,1,cat__HouseStyle_1Story
All features,SVR,1,cat__HouseStyle_2.5Fin
All features,SVR,1,cat__HouseStyle_2.5Unf
All features,SVR,1,cat__HouseStyle_2Story
All features,SVR,1,cat__HouseStyle_SFoyer
All features,SVR,1,cat__HouseStyle_SLvl
All features,SVR,1,cat__RoofStyle_Flat
All features,SVR,1,cat__RoofStyle_Gable
All features,SVR,1,cat__RoofStyle_Gambrel
All features,SVR,1,cat__RoofStyle_Hip
All features,SVR,1,cat__RoofStyle_Mansard
All features,SVR,1,cat__RoofStyle_Shed
All features,SVR,1,cat__RoofMatl_CompShg
All features,SVR,1,cat__RoofMatl_Metal
All features,SVR,1,cat__RoofMatl_Roll
All features,SVR,1,cat__RoofMatl_Tar&Grv
All features,SVR,1,cat__RoofMatl_WdShake
All features,SVR,1,cat__RoofMatl_WdShngl
All features,SVR,1,cat__Exterior1st_AsbShng
All features,SVR,1,cat__Exterior1st_AsphShn
All features,SVR,1,cat__Exterior1st_BrkComm
All features,SVR,1,cat__Exterior1st_BrkFace
All features,SVR,1,cat__Exterior1st_CBlock
All features,SVR,1,cat__Exterior1st_CemntBd
All features,SVR,1,cat__Exterior1st_HdBoard
All features,SVR,1,cat__Exterior1st_ImStucc
All features,SVR,1,cat__Exterior1st_MetalSd
All features,SVR,1,cat__Exterior1st_Plywood
All features,SVR,1,cat__Exterior1st_Stone
All features,SVR,1,cat__Exterior1st_Stucco
All features,SVR,1,cat__Exterior1st_VinylSd
All features,SVR,1,cat__Exterior1st_Wd Sdng
All features,SVR,1,cat__Exterior1st_WdShing
All features,SVR,1,cat__Exterior2nd_AsbShng
All features,SVR,1,cat__Exterior2nd_AsphShn
All features,SVR,1,cat__Exterior2nd_Brk Cmn
All features,SVR,1,cat__Exterior2nd_BrkFace
All features,SVR,1,cat__Exterior2nd_CBlock
All features,SVR,1,cat__Exterior2nd_CmentBd
All features,SVR,1,cat__Exterior2nd_HdBoard
All features,SVR,1,cat__Exterior2nd_ImStucc
All features,SVR,1,cat__Exterior2nd_MetalSd
All features,SVR,1,cat__Exterior2nd_Other
All features,SVR,1,cat__Exterior2nd_Plywood
All features,SVR,1,cat__Exterior2nd_Stone
All features,SVR,1,cat__Exterior2nd_Stucco
All features,SVR,1,cat__Exterior2nd_VinylSd
All features,SVR,1,cat__Exterior2nd_Wd Sdng
All features,SVR,1,cat__Exterior2nd_Wd Shng
All features,SVR,1,cat__MasVnrType_BrkCmn
All features,SVR,1,cat__MasVnrType_BrkFace
All features,SVR,1,cat__MasVnrType_None
All features,SVR,1,cat__MasVnrType_Stone
All features,SVR,1,cat__ExterQual_Ex
All features,SVR,1,cat__ExterQual_Fa
All features,SVR,1,cat__ExterQual_Gd
All features,SVR,1,cat__ExterQual_TA
All features,SVR,1,cat__ExterCond_Ex
All features,SVR,1,cat__ExterCond_Fa
All features,SVR,1,cat__ExterCond_Gd
All features,SVR,1,cat__ExterCond_Po
All features,SVR,1,cat__ExterCond_TA
All features,SVR,1,cat__Foundation_BrkTil
All features,SVR,1,cat__Foundation_CBlock
All features,SVR,1,cat__Foundation_PConc
All features,SVR,1,cat__Foundation_Slab
All features,SVR,1,cat__Foundation_Stone
All features,SVR,1,cat__Foundation_Wood
All features,SVR,1,cat__BsmtQual_Ex
All features,SVR,1,cat__BsmtQual_Fa
All features,SVR,1,cat__BsmtQual_Gd
All features,SVR,1,cat__BsmtQual_None
All features,SVR,1,cat__BsmtQual_TA
All features,SVR,1,cat__BsmtCond_Fa
All features,SVR,1,cat__BsmtCond_Gd
All features,SVR,1,cat__BsmtCond_None
All features,SVR,1,cat__BsmtCond_Po
All features,SVR,1,cat__BsmtCond_TA
All features,SVR,1,cat__BsmtExposure_Av
All features,SVR,1,cat__BsmtExposure_Gd
All features,SVR,1,cat__BsmtExposure_Mn
All features,SVR,1,cat__BsmtExposure_No
All features,SVR,1,cat__BsmtExposure_None
All features,SVR,1,cat__BsmtFinType1_ALQ
All features,SVR,1,cat__BsmtFinType1_BLQ
All features,SVR,1,cat__BsmtFinType1_GLQ
All features,SVR,1,cat__BsmtFinType1_LwQ
All features,SVR,1,cat__BsmtFinType1_None
All features,SVR,1,cat__BsmtFinType1_Rec
All features,SVR,1,cat__BsmtFinType1_Unf
All features,SVR,1,cat__BsmtFinType2_ALQ
All features,SVR,1,cat__BsmtFinType2_BLQ
All features,SVR,1,cat__BsmtFinType2_GLQ
All features,SVR,1,cat__BsmtFinType2_LwQ
All features,SVR,1,cat__BsmtFinType2_None
All features,SVR,1,cat__BsmtFinType2_Rec
All features,SVR,1,cat__BsmtFinType2_Unf
All features,SVR,1,cat__Heating_Floor
All features,SVR,1,cat__Heating_GasA
All features,SVR,1,cat__Heating_GasW
All features,SVR,1,cat__Heating_Grav
All features,SVR,1,cat__Heating_OthW
All features,SVR,1,cat__Heating_Wall
All features,SVR,1,cat__HeatingQC_Ex
All features,SVR,1,cat__HeatingQC_Fa
All features,SVR,1,cat__HeatingQC_Gd
All features,SVR,1,cat__HeatingQC_Po
All features,SVR,1,cat__HeatingQC_TA
All features,SVR,1,cat__CentralAir_N
All features,SVR,1,cat__CentralAir_Y
All features,SVR,1,cat__Electrical_FuseA
All features,SVR,1,cat__Electrical_FuseF
All features,SVR,1,cat__Electrical_FuseP
All features,SVR,1,cat__Electrical_SBrkr
All features,SVR,1,cat__KitchenQual_Ex
All features,SVR,1,cat__KitchenQual_Fa
All features,SVR,1,cat__KitchenQual_Gd
All features,SVR,1,cat__KitchenQual_TA
All features,SVR,1,cat__Functional_Maj1
All features,SVR,1,cat__Functional_Maj2
All features,SVR,1,cat__Functional_Min1
All features,SVR,1,cat__Functional_Min2
All features,SVR,1,cat__Functional_Mod
All features,SVR,1,cat__Functional_Sev
All features,SVR,1,cat__Functional_Typ
All features,SVR,1,cat__FireplaceQu_Ex
All features,SVR,1,cat__FireplaceQu_Fa
All features,SVR,1,cat__FireplaceQu_Gd
All features,SVR,1,cat__FireplaceQu_None
All features,SVR,1,cat__FireplaceQu_Po
All features,SVR,1,cat__FireplaceQu_TA
All features,SVR,1,cat__GarageType_2Types
All features,SVR,1,cat__GarageType_Attchd
All features,SVR,1,cat__GarageType_Basment
All features,SVR,1,cat__GarageType_BuiltIn
All features,SVR,1,cat__GarageType_CarPort
All features,SVR,1,cat__GarageType_Detchd
All features,SVR,1,cat__GarageType_None
All features,SVR,1,cat__GarageFinish_Fin
All features,SVR,1,cat__GarageFinish_None
All features,SVR,1,cat__GarageFinish_RFn
All features,SVR,1,cat__GarageFinish_Unf
All features,SVR,1,cat__GarageQual_Ex
All features,SVR,1,cat__GarageQual_Fa
All features,SVR,1,cat__GarageQual_Gd
All features,SVR,1,cat__GarageQual_None
All features,SVR,1,cat__GarageQual_Po
All features,SVR,1,cat__GarageQual_TA
All features,SVR,1,cat__GarageCond_Ex
All features,SVR,1,cat__GarageCond_Fa
All features,SVR,1,cat__GarageCond_Gd
All features,SVR,1,cat__GarageCond_None
All features,SVR,1,cat__GarageCond_Po
All features,SVR,1,cat__GarageCond_TA
All features,SVR,1,cat__PavedDrive_N
All features,SVR,1,cat__PavedDrive_P
All features,SVR,1,cat__PavedDrive_Y
All features,SVR,1,cat__Fence_GdPrv
All features,SVR,1,cat__Fence_GdWo
All features,SVR,1,cat__Fence_MnPrv
All features,SVR,1,cat__Fence_MnWw
All features,SVR,1,cat__Fence_None
All features,SVR,1,cat__MiscFeature_Gar2
All features,SVR,1,cat__MiscFeature_None
All features,SVR,1,cat__MiscFeature_Othr
All features,SVR,1,cat__MiscFeature_Shed
All features,SVR,1,cat__MiscFeature_TenC
All features,SVR,1,cat__MoSold_1
All features,SVR,1,cat__MoSold_10
All features,SVR,1,cat__MoSold_11
All features,SVR,1,cat__MoSold_12
All features,SVR,1,cat__MoSold_2
All features,SVR,1,cat__MoSold_3
All features,SVR,1,cat__MoSold_4
All features,SVR,1,cat__MoSold_5
All features,SVR,1,cat__MoSold_6
All features,SVR,1,cat__MoSold_7
All features,SVR,1,cat__MoSold_8
All features,SVR,1,cat__MoSold_9
All features,SVR,1,cat__YrSold_2006
All features,SVR,1,cat__YrSold_2007
All features,SVR,1,cat__YrSold_2008
All features,SVR,1,cat__YrSold_2009
All features,SVR,1,cat__YrSold_2010
All features,SVR,1,cat__SaleType_COD
All features,SVR,1,cat__SaleType_CWD
All features,SVR,1,cat__SaleType_Con
All features,SVR,1,cat__SaleType_ConLD
All features,SVR,1,cat__SaleType_ConLI
All features,SVR,1,cat__SaleType_ConLw
All features,SVR,1,cat__SaleType_New
All features,SVR,1,cat__SaleType_Oth
All features,SVR,1,cat__SaleType_WD
All features,SVR,1,cat__SaleCondition_Abnorml
All features,SVR,1,cat__SaleCondition_AdjLand
All features,SVR,1,cat__SaleCondition_Alloca
All features,SVR,1,cat__SaleCondition_Family
All features,SVR,1,cat__SaleCondition_Normal
All features,SVR,1,cat__SaleCondition_Partial
All features,SVR,2,num__LotFrontage
All features,SVR,2,num__LotArea
All features,SVR,2,num__OverallQual
All features,SVR,2,num__OverallCond
All features,SVR,2,num__YearBuilt
All features,SVR,2,num__YearRemodAdd
All features,SVR,2,num__MasVnrArea
All features,SVR,2,num__BsmtFinSF1
All features,SVR,2,num__BsmtFinSF2
All features,SVR,2,num__BsmtUnfSF
All features,SVR,2,num__TotalBsmtSF
All features,SVR,2,num__1stFlrSF
All features,SVR,2,num__2ndFlrSF
All features,SVR,2,num__LowQualFinSF
All features,SVR,2,num__GrLivArea
All features,SVR,2,num__BsmtFullBath
All features,SVR,2,num__BsmtHalfBath
All features,SVR,2,num__FullBath
All features,SVR,2,num__HalfBath
All features,SVR,2,num__BedroomAbvGr
All features,SVR,2,num__KitchenAbvGr
All features,SVR,2,num__TotRmsAbvGrd
All features,SVR,2,num__Fireplaces
All features,SVR,2,num__GarageYrBlt
All features,SVR,2,num__GarageCars
All features,SVR,2,num__GarageArea
All features,SVR,2,num__WoodDeckSF
All features,SVR,2,num__OpenPorchSF
All features,SVR,2,num__EnclosedPorch
All features,SVR,2,num__3SsnPorch
All features,SVR,2,num__ScreenPorch
All features,SVR,2,num__MiscVal
All features,SVR,2,cat__MSSubClass_120
All features,SVR,2,cat__MSSubClass_160
All features,SVR,2,cat__MSSubClass_180
All features,SVR,2,cat__MSSubClass_190
All features,SVR,2,cat__MSSubClass_20
All features,SVR,2,cat__MSSubClass_30
All features,SVR,2,cat__MSSubClass_40
All features,SVR,2,cat__MSSubClass_45
All features,SVR,2,cat__MSSubClass_50
All features,SVR,2,cat__MSSubClass_60
All features,SVR,2,cat__MSSubClass_70
All features,SVR,2,cat__MSSubClass_75
All features,SVR,2,cat__MSSubClass_80
All features,SVR,2,cat__MSSubClass_85
All features,SVR,2,cat__MSSubClass_90
All features,SVR,2,cat__MSZoning_C (all)
All features,SVR,2,cat__MSZoning_FV
All features,SVR,2,cat__MSZoning_RH
All features,SVR,2,cat__MSZoning_RL
All features,SVR,2,cat__MSZoning_RM
All features,SVR,2,cat__Alley_Grvl
All features,SVR,2,cat__Alley_None
All features,SVR,2,cat__Alley_Pave
All features,SVR,2,cat__LotShape_IR1
All features,SVR,2,cat__LotShape_IR2
All features,SVR,2,cat__LotShape_IR3
All features,SVR,2,cat__LotShape_Reg
All features,SVR,2,cat__LandContour_Bnk
All features,SVR,2,cat__LandContour_HLS
All features,SVR,2,cat__LandContour_Low
All features,SVR,2,cat__LandContour_Lvl
All features,SVR,2,cat__LotConfig_Corner
All features,SVR,2,cat__LotConfig_CulDSac
All features,SVR,2,cat__LotConfig_FR2
All features,SVR,2,cat__LotConfig_FR3
All features,SVR,2,cat__LotConfig_Inside
All features,SVR,2,cat__LandSlope_Gtl
All features,SVR,2,cat__LandSlope_Mod
All features,SVR,2,cat__LandSlope_Sev
All features,SVR,2,cat__Neighborhood_Blmngtn
All features,SVR,2,cat__Neighborhood_Blueste
All features,SVR,2,cat__Neighborhood_BrDale
All features,SVR,2,cat__Neighborhood_BrkSide
All features,SVR,2,cat__Neighborhood_ClearCr
All features,SVR,2,cat__Neighborhood_CollgCr
All features,SVR,2,cat__Neighborhood_Crawfor
All features,SVR,2,cat__Neighborhood_Edwards
All features,SVR,2,cat__Neighborhood_Gilbert
All features,SVR,2,cat__Neighborhood_IDOTRR
All features,SVR,2,cat__Neighborhood_MeadowV
All features,SVR,2,cat__Neighborhood_Mitchel
All features,SVR,2,cat__Neighborhood_NAmes
All features,SVR,2,cat__Neighborhood_NPkVill
All features,SVR,2,cat__Neighborhood_NWAmes
All features,SVR,2,cat__Neighborhood_NoRidge
All features,SVR,2,cat__Neighborhood_NridgHt
All features,SVR,2,cat__Neighborhood_OldTown
All features,SVR,2,cat__Neighborhood_SWISU
All features,SVR,2,cat__Neighborhood_Sawyer
All features,SVR,2,cat__Neighborhood_SawyerW
All features,SVR,2,cat__Neighborhood_Somerst
All features,SVR,2,cat__Neighborhood_StoneBr
All features,SVR,2,cat__Neighborhood_Timber
All features,SVR,2,cat__Neighborhood_Veenker
All features,SVR,2,cat__Condition1_Artery
All features,SVR,2,cat__Condition1_Feedr
All features,SVR,2,cat__Condition1_Norm
All features,SVR,2,cat__Condition1_PosA
All features,SVR,2,cat__Condition1_PosN
All features,SVR,2,cat__Condition1_RRAe
All features,SVR,2,cat__Condition1_RRAn
All features,SVR,2,cat__Condition1_RRNe
All features,SVR,2,cat__Condition1_RRNn
All features,SVR,2,cat__BldgType_1Fam
All features,SVR,2,cat__BldgType_2fmCon
All features,SVR,2,cat__BldgType_Duplex
All features,SVR,2,cat__BldgType_Twnhs
All features,SVR,2,cat__BldgType_TwnhsE
All features,SVR,2,cat__HouseStyle_1.5Fin
All features,SVR,2,cat__HouseStyle_1.5Unf
All features,SVR,2,cat__HouseStyle_1Story
All features,SVR,2,cat__HouseStyle_2.5Fin
All features,SVR,2,cat__HouseStyle_2.5Unf
All features,SVR,2,cat__HouseStyle_2Story
All features,SVR,2,cat__HouseStyle_SFoyer
All features,SVR,2,cat__HouseStyle_SLvl
All features,SVR,2,cat__RoofStyle_Flat
All features,SVR,2,cat__RoofStyle_Gable
All features,SVR,2,cat__RoofStyle_Gambrel
All features,SVR,2,cat__RoofStyle_Hip
All features,SVR,2,cat__RoofStyle_Mansard
All features,SVR,2,cat__RoofStyle_Shed
All features,SVR,2,cat__RoofMatl_CompShg
All features,SVR,2,cat__RoofMatl_Membran
All features,SVR,2,cat__RoofMatl_Metal
All features,SVR,2,cat__RoofMatl_Roll
All features,SVR,2,cat__RoofMatl_Tar&Grv
All features,SVR,2,cat__RoofMatl_WdShake
All features,SVR,2,cat__RoofMatl_WdShngl
All features,SVR,2,cat__Exterior1st_AsbShng
All features,SVR,2,cat__Exterior1st_AsphShn
All features,SVR,2,cat__Exterior1st_BrkComm
All features,SVR,2,cat__Exterior1st_BrkFace
All features,SVR,2,cat__Exterior1st_CBlock
All features,SVR,2,cat__Exterior1st_CemntBd
All features,SVR,2,cat__Exterior1st_HdBoard
All features,SVR,2,cat__Exterior1st_MetalSd
All features,SVR,2,cat__Exterior1st_Plywood
All features,SVR,2,cat__Exterior1st_Stone
All features,SVR,2,cat__Exterior1st_Stucco
All features,SVR,2,cat__Exterior1st_VinylSd
All features,SVR,2,cat__Exterior1st_Wd Sdng
All features,SVR,2,cat__Exterior1st_WdShing
All features,SVR,2,cat__Exterior2nd_AsbShng
All features,SVR,2,cat__Exterior2nd_AsphShn
All features,SVR,2,cat__Exterior2nd_Brk Cmn
All features,SVR,2,cat__Exterior2nd_BrkFace
All features,SVR,2,cat__Exterior2nd_CBlock
All features,SVR,2,cat__Exterior2nd_CmentBd
All features,SVR,2,cat__Exterior2nd_HdBoard
All features,SVR,2,cat__Exterior2nd_ImStucc
All features,SVR,2,cat__Exterior2nd_MetalSd
All features,SVR,2,cat__Exterior2nd_Other
All features,SVR,2,cat__Exterior2nd_Plywood
All features,SVR,2,cat__Exterior2nd_Stone
All features,SVR,2,cat__Exterior2nd_Stucco
All features,SVR,2,cat__Exterior2nd_VinylSd
All features,SVR,2,cat__Exterior2nd_Wd Sdng
All features,SVR,2,cat__Exterior2nd_Wd Shng
All features,SVR,2,cat__MasVnrType_BrkCmn
All features,SVR,2,cat__MasVnrType_BrkFace
All features,SVR,2,cat__MasVnrType_None
All features,SVR,2,cat__MasVnrType_Stone
All features,SVR,2,cat__ExterQual_Ex
All features,SVR,2,cat__ExterQual_Fa
All features,SVR,2,cat__ExterQual_Gd
All features,SVR,2,cat__ExterQual_TA
All features,SVR,2,cat__ExterCond_Ex
All features,SVR,2,cat__ExterCond_Fa
All features,SVR,2,cat__ExterCond_Gd
All features,SVR,2,cat__ExterCond_Po
All features,SVR,2,cat__ExterCond_TA
All features,SVR,2,cat__Foundation_BrkTil
All features,SVR,2,cat__Foundation_CBlock
All features,SVR,2,cat__Foundation_PConc
All features,SVR,2,cat__Foundation_Slab
All features,SVR,2,cat__Foundation_Stone
All features,SVR,2,cat__Foundation_Wood
All features,SVR,2,cat__BsmtQual_Ex
All features,SVR,2,cat__BsmtQual_Fa
All features,SVR,2,cat__BsmtQual_Gd
All features,SVR,2,cat__BsmtQual_None
All features,SVR,2,cat__BsmtQual_TA
All features,SVR,2,cat__BsmtCond_Fa
All features,SVR,2,cat__BsmtCond_Gd
All features,SVR,2,cat__BsmtCond_None
All features,SVR,2,cat__BsmtCond_Po
All features,SVR,2,cat__BsmtCond_TA
All features,SVR,2,cat__BsmtExposure_Av
All features,SVR,2,cat__BsmtExposure_Gd
All features,SVR,2,cat__BsmtExposure_Mn
All features,SVR,2,cat__BsmtExposure_No
All features,SVR,2,cat__BsmtExposure_None
All features,SVR,2,cat__BsmtFinType1_ALQ
All features,SVR,2,cat__BsmtFinType1_BLQ
All features,SVR,2,cat__BsmtFinType1_GLQ
All features,SVR,2,cat__BsmtFinType1_LwQ
All features,SVR,2,cat__BsmtFinType1_None
All features,SVR,2,cat__BsmtFinType1_Rec
All features,SVR,2,cat__BsmtFinType1_Unf
All features,SVR,2,cat__BsmtFinType2_ALQ
All features,SVR,2,cat__BsmtFinType2_BLQ
All features,SVR,2,cat__BsmtFinType2_GLQ
All features,SVR,2,cat__BsmtFinType2_LwQ
All features,SVR,2,cat__BsmtFinType2_None
All features,SVR,2,cat__BsmtFinType2_Rec
All features,SVR,2,cat__BsmtFinType2_Unf
All features,SVR,2,cat__Heating_Floor
All features,SVR,2,cat__Heating_GasA
All features,SVR,2,cat__Heating_GasW
All features,SVR,2,cat__Heating_Grav
All features,SVR,2,cat__Heating_OthW
All features,SVR,2,cat__Heating_Wall
All features,SVR,2,cat__HeatingQC_Ex
All features,SVR,2,cat__HeatingQC_Fa
All features,SVR,2,cat__HeatingQC_Gd
All features,SVR,2,cat__HeatingQC_TA
All features,SVR,2,cat__CentralAir_N
All features,SVR,2,cat__CentralAir_Y
All features,SVR,2,cat__Electrical_FuseA
All features,SVR,2,cat__Electrical_FuseF
All features,SVR,2,cat__Electrical_FuseP
All features,SVR,2,cat__Electrical_Mix
All features,SVR,2,cat__Electrical_SBrkr
All features,SVR,2,cat__KitchenQual_Ex
All features,SVR,2,cat__KitchenQual_Fa
All features,SVR,2,cat__KitchenQual_Gd
All features,SVR,2,cat__KitchenQual_TA
All features,SVR,2,cat__Functional_Maj1
All features,SVR,2,cat__Functional_Maj2
All features,SVR,2,cat__Functional_Min1
All features,SVR,2,cat__Functional_Min2
All features,SVR,2,cat__Functional_Mod
All features,SVR,2,cat__Functional_Sev
All features,SVR,2,cat__Functional_Typ
All features,SVR,2,cat__FireplaceQu_Ex
All features,SVR,2,cat__FireplaceQu_Fa
All features,SVR,2,cat__FireplaceQu_Gd
All features,SVR,2,cat__FireplaceQu_None
All features,SVR,2,cat__FireplaceQu_Po
All features,SVR,2,cat__FireplaceQu_TA
All features,SVR,2,cat__GarageType_2Types
All features,SVR,2,cat__GarageType_Attchd
All features,SVR,2,cat__GarageType_Basment
All features,SVR,2,cat__GarageType_BuiltIn
All features,SVR,2,cat__GarageType_CarPort
All features,SVR,2,cat__GarageType_Detchd
All features,SVR,2,cat__GarageType_None
All features,SVR,2,cat__GarageFinish_Fin
All features,SVR,2,cat__GarageFinish_None
All features,SVR,2,cat__GarageFinish_RFn
All features,SVR,2,cat__GarageFinish_Unf
All features,SVR,2,cat__GarageQual_Ex
All features,SVR,2,cat__GarageQual_Fa
All features,SVR,2,cat__GarageQual_Gd
All features,SVR,2,cat__GarageQual_None
All features,SVR,2,cat__GarageQual_Po
All features,SVR,2,cat__GarageQual_TA
All features,SVR,2,cat__GarageCond_Ex
All features,SVR,2,cat__GarageCond_Fa
All features,SVR,2,cat__GarageCond_Gd
All features,SVR,2,cat__GarageCond_None
All features,SVR,2,cat__GarageCond_Po
All features,SVR,2,cat__GarageCond_TA
All features,SVR,2,cat__PavedDrive_N
All features,SVR,2,cat__PavedDrive_P
All features,SVR,2,cat__PavedDrive_Y
All features,SVR,2,cat__Fence_GdPrv
All features,SVR,2,cat__Fence_GdWo
All features,SVR,2,cat__Fence_MnPrv
All features,SVR,2,cat__Fence_MnWw
All features,SVR,2,cat__Fence_None
All features,SVR,2,cat__MiscFeature_Gar2
All features,SVR,2,cat__MiscFeature_None
All features,SVR,2,cat__MiscFeature_Shed
All features,SVR,2,cat__MiscFeature_TenC
All features,SVR,2,cat__MoSold_1
All features,SVR,2,cat__MoSold_10
All features,SVR,2,cat__MoSold_11
All features,SVR,2,cat__MoSold_12
All features,SVR,2,cat__MoSold_2
All features,SVR,2,cat__MoSold_3
All features,SVR,2,cat__MoSold_4
All features,SVR,2,cat__MoSold_5
All features,SVR,2,cat__MoSold_6
All features,SVR,2,cat__MoSold_7
All features,SVR,2,cat__MoSold_8
All features,SVR,2,cat__MoSold_9
All features,SVR,2,cat__YrSold_2006
All features,SVR,2,cat__YrSold_2007
All features,SVR,2,cat__YrSold_2008
All features,SVR,2,cat__YrSold_2009
All features,SVR,2,cat__YrSold_2010
All features,SVR,2,cat__SaleType_COD
All features,SVR,2,cat__SaleType_CWD
All features,SVR,2,cat__SaleType_Con
All features,SVR,2,cat__SaleType_ConLD
All features,SVR,2,cat__SaleType_ConLI
All features,SVR,2,cat__SaleType_ConLw
All features,SVR,2,cat__SaleType_New
All features,SVR,2,cat__SaleType_Oth
All features,SVR,2,cat__SaleType_WD
All features,SVR,2,cat__SaleCondition_Abnorml
All features,SVR,2,cat__SaleCondition_AdjLand
All features,SVR,2,cat__SaleCondition_Alloca
All features,SVR,2,cat__SaleCondition_Family
All features,SVR,2,cat__SaleCondition_Normal
All features,SVR,2,cat__SaleCondition_Partial
All features,SVR,3,num__LotFrontage
All features,SVR,3,num__LotArea
All features,SVR,3,num__OverallQual
All features,SVR,3,num__OverallCond
All features,SVR,3,num__YearBuilt
All features,SVR,3,num__YearRemodAdd
All features,SVR,3,num__MasVnrArea
All features,SVR,3,num__BsmtFinSF1
All features,SVR,3,num__BsmtFinSF2
All features,SVR,3,num__BsmtUnfSF
All features,SVR,3,num__TotalBsmtSF
All features,SVR,3,num__1stFlrSF
All features,SVR,3,num__2ndFlrSF
All features,SVR,3,num__LowQualFinSF
All features,SVR,3,num__GrLivArea
All features,SVR,3,num__BsmtFullBath
All features,SVR,3,num__BsmtHalfBath
All features,SVR,3,num__FullBath
All features,SVR,3,num__HalfBath
All features,SVR,3,num__BedroomAbvGr
All features,SVR,3,num__KitchenAbvGr
All features,SVR,3,num__TotRmsAbvGrd
All features,SVR,3,num__Fireplaces
All features,SVR,3,num__GarageYrBlt
All features,SVR,3,num__GarageCars
All features,SVR,3,num__GarageArea
All features,SVR,3,num__WoodDeckSF
All features,SVR,3,num__OpenPorchSF
All features,SVR,3,num__EnclosedPorch
All features,SVR,3,num__3SsnPorch
All features,SVR,3,num__ScreenPorch
All features,SVR,3,num__MiscVal
All features,SVR,3,cat__MSSubClass_120
All features,SVR,3,cat__MSSubClass_160
All features,SVR,3,cat__MSSubClass_180
All features,SVR,3,cat__MSSubClass_190
All features,SVR,3,cat__MSSubClass_20
All features,SVR,3,cat__MSSubClass_30
All features,SVR,3,cat__MSSubClass_40
All features,SVR,3,cat__MSSubClass_45
All features,SVR,3,cat__MSSubClass_50
All features,SVR,3,cat__MSSubClass_60
All features,SVR,3,cat__MSSubClass_70
All features,SVR,3,cat__MSSubClass_75
All features,SVR,3,cat__MSSubClass_80
All features,SVR,3,cat__MSSubClass_85
All features,SVR,3,cat__MSSubClass_90
All features,SVR,3,cat__MSZoning_C (all)
All features,SVR,3,cat__MSZoning_FV
All features,SVR,3,cat__MSZoning_RH
All features,SVR,3,cat__MSZoning_RL
All features,SVR,3,cat__MSZoning_RM
All features,SVR,3,cat__Alley_Grvl
All features,SVR,3,cat__Alley_None
All features,SVR,3,cat__Alley_Pave
All features,SVR,3,cat__LotShape_IR1
All features,SVR,3,cat__LotShape_IR2
All features,SVR,3,cat__LotShape_IR3
All features,SVR,3,cat__LotShape_Reg
All features,SVR,3,cat__LandContour_Bnk
All features,SVR,3,cat__LandContour_HLS
All features,SVR,3,cat__LandContour_Low
All features,SVR,3,cat__LandContour_Lvl
All features,SVR,3,cat__LotConfig_Corner
All features,SVR,3,cat__LotConfig_CulDSac
All features,SVR,3,cat__LotConfig_FR2
All features,SVR,3,cat__LotConfig_FR3
All features,SVR,3,cat__LotConfig_Inside
All features,SVR,3,cat__LandSlope_Gtl
All features,SVR,3,cat__LandSlope_Mod
All features,SVR,3,cat__LandSlope_Sev
All features,SVR,3,cat__Neighborhood_Blmngtn
All features,SVR,3,cat__Neighborhood_Blueste
All features,SVR,3,cat__Neighborhood_BrDale
All features,SVR,3,cat__Neighborhood_BrkSide
All features,SVR,3,cat__Neighborhood_ClearCr
All features,SVR,3,cat__Neighborhood_CollgCr
All features,SVR,3,cat__Neighborhood_Crawfor
All features,SVR,3,cat__Neighborhood_Edwards
All features,SVR,3,cat__Neighborhood_Gilbert
All features,SVR,3,cat__Neighborhood_IDOTRR
All features,SVR,3,cat__Neighborhood_MeadowV
All features,SVR,3,cat__Neighborhood_Mitchel
All features,SVR,3,cat__Neighborhood_NAmes
All features,SVR,3,cat__Neighborhood_NPkVill
All features,SVR,3,cat__Neighborhood_NWAmes
All features,SVR,3,cat__Neighborhood_NoRidge
All features,SVR,3,cat__Neighborhood_NridgHt
All features,SVR,3,cat__Neighborhood_OldTown
All features,SVR,3,cat__Neighborhood_SWISU
All features,SVR,3,cat__Neighborhood_Sawyer
All features,SVR,3,cat__Neighborhood_SawyerW
All features,SVR,3,cat__Neighborhood_Somerst
All features,SVR,3,cat__Neighborhood_StoneBr
All features,SVR,3,cat__Neighborhood_Timber
All features,SVR,3,cat__Neighborhood_Veenker
All features,SVR,3,cat__Condition1_Artery
All features,SVR,3,cat__Condition1_Feedr
All features,SVR,3,cat__Condition1_Norm
All features,SVR,3,cat__Condition1_PosA
All features,SVR,3,cat__Condition1_PosN
All features,SVR,3,cat__Condition1_RRAe
All features,SVR,3,cat__Condition1_RRAn
All features,SVR,3,cat__Condition1_RRNe
All features,SVR,3,cat__Condition1_RRNn
All features,SVR,3,cat__BldgType_1Fam
All features,SVR,3,cat__BldgType_2fmCon
All features,SVR,3,cat__BldgType_Duplex
All features,SVR,3,cat__BldgType_Twnhs
All features,SVR,3,cat__BldgType_TwnhsE
All features,SVR,3,cat__HouseStyle_1.5Fin
All features,SVR,3,cat__HouseStyle_1.5Unf
All features,SVR,3,cat__HouseStyle_1Story
All features,SVR,3,cat__HouseStyle_2.5Fin
All features,SVR,3,cat__HouseStyle_2.5Unf
All features,SVR,3,cat__HouseStyle_2Story
All features,SVR,3,cat__HouseStyle_SFoyer
All features,SVR,3,cat__HouseStyle_SLvl
All features,SVR,3,cat__RoofStyle_Flat
All features,SVR,3,cat__RoofStyle_Gable
All features,SVR,3,cat__RoofStyle_Gambrel
All features,SVR,3,cat__RoofStyle_Hip
All features,SVR,3,cat__RoofStyle_Mansard
All features,SVR,3,cat__RoofMatl_CompShg
All features,SVR,3,cat__RoofMatl_Membran
All features,SVR,3,cat__RoofMatl_Roll
All features,SVR,3,cat__RoofMatl_Tar&Grv
All features,SVR,3,cat__RoofMatl_WdShake
All features,SVR,3,cat__RoofMatl_WdShngl
All features,SVR,3,cat__Exterior1st_AsbShng
All features,SVR,3,cat__Exterior1st_AsphShn
All features,SVR,3,cat__Exterior1st_BrkComm
All features,SVR,3,cat__Exterior1st_BrkFace
All features,SVR,3,cat__Exterior1st_CBlock
All features,SVR,3,cat__Exterior1st_CemntBd
All features,SVR,3,cat__Exterior1st_HdBoard
All features,SVR,3,cat__Exterior1st_ImStucc
All features,SVR,3,cat__Exterior1st_MetalSd
All features,SVR,3,cat__Exterior1st_Plywood
All features,SVR,3,cat__Exterior1st_Stone
All features,SVR,3,cat__Exterior1st_Stucco
All features,SVR,3,cat__Exterior1st_VinylSd
All features,SVR,3,cat__Exterior1st_Wd Sdng
All features,SVR,3,cat__Exterior1st_WdShing
All features,SVR,3,cat__Exterior2nd_AsbShng
All features,SVR,3,cat__Exterior2nd_AsphShn
All features,SVR,3,cat__Exterior2nd_Brk Cmn
All features,SVR,3,cat__Exterior2nd_BrkFace
All features,SVR,3,cat__Exterior2nd_CBlock
All features,SVR,3,cat__Exterior2nd_CmentBd
All features,SVR,3,cat__Exterior2nd_HdBoard
All features,SVR,3,cat__Exterior2nd_ImStucc
All features,SVR,3,cat__Exterior2nd_MetalSd
All features,SVR,3,cat__Exterior2nd_Other
All features,SVR,3,cat__Exterior2nd_Plywood
All features,SVR,3,cat__Exterior2nd_Stone
All features,SVR,3,cat__Exterior2nd_Stucco
All features,SVR,3,cat__Exterior2nd_VinylSd
All features,SVR,3,cat__Exterior2nd_Wd Sdng
All features,SVR,3,cat__Exterior2nd_Wd Shng
All features,SVR,3,cat__MasVnrType_BrkCmn
All features,SVR,3,cat__MasVnrType_BrkFace
All features,SVR,3,cat__MasVnrType_None
All features,SVR,3,cat__MasVnrType_Stone
All features,SVR,3,cat__ExterQual_Ex
All features,SVR,3,cat__ExterQual_Fa
All features,SVR,3,cat__ExterQual_Gd
All features,SVR,3,cat__ExterQual_TA
All features,SVR,3,cat__ExterCond_Ex
All features,SVR,3,cat__ExterCond_Fa
All features,SVR,3,cat__ExterCond_Gd
All features,SVR,3,cat__ExterCond_TA
All features,SVR,3,cat__Foundation_BrkTil
All features,SVR,3,cat__Foundation_CBlock
All features,SVR,3,cat__Foundation_PConc
All features,SVR,3,cat__Foundation_Slab
All features,SVR,3,cat__Foundation_Stone
All features,SVR,3,cat__Foundation_Wood
All features,SVR,3,cat__BsmtQual_Ex
All features,SVR,3,cat__BsmtQual_Fa
All features,SVR,3,cat__BsmtQual_Gd
All features,SVR,3,cat__BsmtQual_None
All features,SVR,3,cat__BsmtQual_TA
All features,SVR,3,cat__BsmtCond_Fa
All features,SVR,3,cat__BsmtCond_Gd
All features,SVR,3,cat__BsmtCond_None
All features,SVR,3,cat__BsmtCond_Po
All features,SVR,3,cat__BsmtCond_TA
All features,SVR,3,cat__BsmtExposure_Av
All features,SVR,3,cat__BsmtExposure_Gd
All features,SVR,3,cat__BsmtExposure_Mn
All features,SVR,3,cat__BsmtExposure_No
All features,SVR,3,cat__BsmtExposure_None
All features,SVR,3,cat__BsmtFinType1_ALQ
All features,SVR,3,cat__BsmtFinType1_BLQ
All features,SVR,3,cat__BsmtFinType1_GLQ
All features,SVR,3,cat__BsmtFinType1_LwQ
All features,SVR,3,cat__BsmtFinType1_None
All features,SVR,3,cat__BsmtFinType1_Rec
All features,SVR,3,cat__BsmtFinType1_Unf
All features,SVR,3,cat__BsmtFinType2_ALQ
All features,SVR,3,cat__BsmtFinType2_BLQ
All features,SVR,3,cat__BsmtFinType2_GLQ
All features,SVR,3,cat__BsmtFinType2_LwQ
All features,SVR,3,cat__BsmtFinType2_None
All features,SVR,3,cat__BsmtFinType2_Rec
All features,SVR,3,cat__BsmtFinType2_Unf
All features,SVR,3,cat__Heating_Floor
All features,SVR,3,cat__Heating_GasA
All features,SVR,3,cat__Heating_GasW
All features,SVR,3,cat__Heating_Grav
All features,SVR,3,cat__Heating_OthW
All features,SVR,3,cat__Heating_Wall
All features,SVR,3,cat__HeatingQC_Ex
All features,SVR,3,cat__HeatingQC_Fa
All features,SVR,3,cat__HeatingQC_Gd
All features,SVR,3,cat__HeatingQC_Po
All features,SVR,3,cat__HeatingQC_TA
All features,SVR,3,cat__CentralAir_N
All features,SVR,3,cat__CentralAir_Y
All features,SVR,3,cat__Electrical_FuseA
All features,SVR,3,cat__Electrical_FuseF
All features,SVR,3,cat__Electrical_FuseP
All features,SVR,3,cat__Electrical_Mix
All features,SVR,3,cat__Electrical_SBrkr
All features,SVR,3,cat__KitchenQual_Ex
All features,SVR,3,cat__KitchenQual_Fa
All features,SVR,3,cat__KitchenQual_Gd
All features,SVR,3,cat__KitchenQual_TA
All features,SVR,3,cat__Functional_Maj1
All features,SVR,3,cat__Functional_Maj2
All features,SVR,3,cat__Functional_Min1
All features,SVR,3,cat__Functional_Min2
All features,SVR,3,cat__Functional_Mod
All features,SVR,3,cat__Functional_Typ
All features,SVR,3,cat__FireplaceQu_Ex
All features,SVR,3,cat__FireplaceQu_Fa
All features,SVR,3,cat__FireplaceQu_Gd
All features,SVR,3,cat__FireplaceQu_None
All features,SVR,3,cat__FireplaceQu_Po
All features,SVR,3,cat__FireplaceQu_TA
All features,SVR,3,cat__GarageType_2Types
All features,SVR,3,cat__GarageType_Attchd
All features,SVR,3,cat__GarageType_Basment
All features,SVR,3,cat__GarageType_BuiltIn
All features,SVR,3,cat__GarageType_CarPort
All features,SVR,3,cat__GarageType_Detchd
All features,SVR,3,cat__GarageType_None
All features,SVR,3,cat__GarageFinish_Fin
All features,SVR,3,cat__GarageFinish_None
All features,SVR,3,cat__GarageFinish_RFn
All features,SVR,3,cat__GarageFinish_Unf
All features,SVR,3,cat__GarageQual_Ex
All features,SVR,3,cat__GarageQual_Fa
All features,SVR,3,cat__GarageQual_Gd
All features,SVR,3,cat__GarageQual_None
All features,SVR,3,cat__GarageQual_Po
All features,SVR,3,cat__GarageQual_TA
All features,SVR,3,cat__GarageCond_Ex
All features,SVR,3,cat__GarageCond_Fa
All features,SVR,3,cat__GarageCond_Gd
All features,SVR,3,cat__GarageCond_None
All features,SVR,3,cat__GarageCond_Po
All features,SVR,3,cat__GarageCond_TA
All features,SVR,3,cat__PavedDrive_N
All features,SVR,3,cat__PavedDrive_P
All features,SVR,3,cat__PavedDrive_Y
All features,SVR,3,cat__Fence_GdPrv
All features,SVR,3,cat__Fence_GdWo
All features,SVR,3,cat__Fence_MnPrv
All features,SVR,3,cat__Fence_MnWw
All features,SVR,3,cat__Fence_None
All features,SVR,3,cat__MiscFeature_Gar2
All features,SVR,3,cat__MiscFeature_None
All features,SVR,3,cat__MiscFeature_Othr
All features,SVR,3,cat__MiscFeature_Shed
All features,SVR,3,cat__MiscFeature_TenC
All features,SVR,3,cat__MoSold_1
All features,SVR,3,cat__MoSold_10
All features,SVR,3,cat__MoSold_11
All features,SVR,3,cat__MoSold_12
All features,SVR,3,cat__MoSold_2
All features,SVR,3,cat__MoSold_3
All features,SVR,3,cat__MoSold_4
All features,SVR,3,cat__MoSold_5
All features,SVR,3,cat__MoSold_6
All features,SVR,3,cat__MoSold_7
All features,SVR,3,cat__MoSold_8
All features,SVR,3,cat__MoSold_9
All features,SVR,3,cat__YrSold_2006
All features,SVR,3,cat__YrSold_2007
All features,SVR,3,cat__YrSold_2008
All features,SVR,3,cat__YrSold_2009
All features,SVR,3,cat__YrSold_2010
All features,SVR,3,cat__SaleType_COD
All features,SVR,3,cat__SaleType_CWD
All features,SVR,3,cat__SaleType_Con
All features,SVR,3,cat__SaleType_ConLD
All features,SVR,3,cat__SaleType_ConLI
All features,SVR,3,cat__SaleType_ConLw
All features,SVR,3,cat__SaleType_New
All features,SVR,3,cat__SaleType_Oth
All features,SVR,3,cat__SaleType_WD
All features,SVR,3,cat__SaleCondition_Abnorml
All features,SVR,3,cat__SaleCondition_AdjLand
All features,SVR,3,cat__SaleCondition_Alloca
All features,SVR,3,cat__SaleCondition_Family
All features,SVR,3,cat__SaleCondition_Normal
All features,SVR,3,cat__SaleCondition_Partial
All features,SVR,4,num__LotFrontage
All features,SVR,4,num__LotArea
All features,SVR,4,num__OverallQual
All features,SVR,4,num__OverallCond
All features,SVR,4,num__YearBuilt
All features,SVR,4,num__YearRemodAdd
All features,SVR,4,num__MasVnrArea
All features,SVR,4,num__BsmtFinSF1
All features,SVR,4,num__BsmtFinSF2
All features,SVR,4,num__BsmtUnfSF
All features,SVR,4,num__TotalBsmtSF
All features,SVR,4,num__1stFlrSF
All features,SVR,4,num__2ndFlrSF
All features,SVR,4,num__LowQualFinSF
All features,SVR,4,num__GrLivArea
All features,SVR,4,num__BsmtFullBath
All features,SVR,4,num__BsmtHalfBath
All features,SVR,4,num__FullBath
All features,SVR,4,num__HalfBath
All features,SVR,4,num__BedroomAbvGr
All features,SVR,4,num__KitchenAbvGr
All features,SVR,4,num__TotRmsAbvGrd
All features,SVR,4,num__Fireplaces
All features,SVR,4,num__GarageYrBlt
All features,SVR,4,num__GarageCars
All features,SVR,4,num__GarageArea
All features,SVR,4,num__WoodDeckSF
All features,SVR,4,num__OpenPorchSF
All features,SVR,4,num__EnclosedPorch
All features,SVR,4,num__3SsnPorch
All features,SVR,4,num__ScreenPorch
All features,SVR,4,num__MiscVal
All features,SVR,4,cat__MSSubClass_120
All features,SVR,4,cat__MSSubClass_160
All features,SVR,4,cat__MSSubClass_180
All features,SVR,4,cat__MSSubClass_190
All features,SVR,4,cat__MSSubClass_20
All features,SVR,4,cat__MSSubClass_30
All features,SVR,4,cat__MSSubClass_40
All features,SVR,4,cat__MSSubClass_45
All features,SVR,4,cat__MSSubClass_50
All features,SVR,4,cat__MSSubClass_60
All features,SVR,4,cat__MSSubClass_70
All features,SVR,4,cat__MSSubClass_75
All features,SVR,4,cat__MSSubClass_80
All features,SVR,4,cat__MSSubClass_85
All features,SVR,4,cat__MSSubClass_90
All features,SVR,4,cat__MSZoning_C (all)
All features,SVR,4,cat__MSZoning_FV
All features,SVR,4,cat__MSZoning_RH
All features,SVR,4,cat__MSZoning_RL
All features,SVR,4,cat__MSZoning_RM
All features,SVR,4,cat__Alley_Grvl
All features,SVR,4,cat__Alley_None
All features,SVR,4,cat__Alley_Pave
All features,SVR,4,cat__LotShape_IR1
All features,SVR,4,cat__LotShape_IR2
All features,SVR,4,cat__LotShape_IR3
All features,SVR,4,cat__LotShape_Reg
All features,SVR,4,cat__LandContour_Bnk
All features,SVR,4,cat__LandContour_HLS
All features,SVR,4,cat__LandContour_Low
All features,SVR,4,cat__LandContour_Lvl
All features,SVR,4,cat__LotConfig_Corner
All features,SVR,4,cat__LotConfig_CulDSac
All features,SVR,4,cat__LotConfig_FR2
All features,SVR,4,cat__LotConfig_FR3
All features,SVR,4,cat__LotConfig_Inside
All features,SVR,4,cat__LandSlope_Gtl
All features,SVR,4,cat__LandSlope_Mod
All features,SVR,4,cat__LandSlope_Sev
All features,SVR,4,cat__Neighborhood_Blmngtn
All features,SVR,4,cat__Neighborhood_Blueste
All features,SVR,4,cat__Neighborhood_BrDale
All features,SVR,4,cat__Neighborhood_BrkSide
All features,SVR,4,cat__Neighborhood_ClearCr
All features,SVR,4,cat__Neighborhood_CollgCr
All features,SVR,4,cat__Neighborhood_Crawfor
All features,SVR,4,cat__Neighborhood_Edwards
All features,SVR,4,cat__Neighborhood_Gilbert
All features,SVR,4,cat__Neighborhood_IDOTRR
All features,SVR,4,cat__Neighborhood_MeadowV
All features,SVR,4,cat__Neighborhood_Mitchel
All features,SVR,4,cat__Neighborhood_NAmes
All features,SVR,4,cat__Neighborhood_NPkVill
All features,SVR,4,cat__Neighborhood_NWAmes
All features,SVR,4,cat__Neighborhood_NoRidge
All features,SVR,4,cat__Neighborhood_NridgHt
All features,SVR,4,cat__Neighborhood_OldTown
All features,SVR,4,cat__Neighborhood_SWISU
All features,SVR,4,cat__Neighborhood_Sawyer
All features,SVR,4,cat__Neighborhood_SawyerW
All features,SVR,4,cat__Neighborhood_Somerst
All features,SVR,4,cat__Neighborhood_StoneBr
All features,SVR,4,cat__Neighborhood_Timber
All features,SVR,4,cat__Neighborhood_Veenker
All features,SVR,4,cat__Condition1_Artery
All features,SVR,4,cat__Condition1_Feedr
All features,SVR,4,cat__Condition1_Norm
All features,SVR,4,cat__Condition1_PosA
All features,SVR,4,cat__Condition1_PosN
All features,SVR,4,cat__Condition1_RRAe
All features,SVR,4,cat__Condition1_RRAn
All features,SVR,4,cat__Condition1_RRNe
All features,SVR,4,cat__Condition1_RRNn
All features,SVR,4,cat__Condition2_Artery
All features,SVR,4,cat__Condition2_Feedr
All features,SVR,4,cat__Condition2_Norm
All features,SVR,4,cat__Condition2_PosA
All features,SVR,4,cat__Condition2_RRAe
All features,SVR,4,cat__Condition2_RRNn
All features,SVR,4,cat__BldgType_1Fam
All features,SVR,4,cat__BldgType_2fmCon
All features,SVR,4,cat__BldgType_Duplex
All features,SVR,4,cat__BldgType_Twnhs
All features,SVR,4,cat__BldgType_TwnhsE
All features,SVR,4,cat__HouseStyle_1.5Fin
All features,SVR,4,cat__HouseStyle_1.5Unf
All features,SVR,4,cat__HouseStyle_1Story
All features,SVR,4,cat__HouseStyle_2.5Fin
All features,SVR,4,cat__HouseStyle_2.5Unf
All features,SVR,4,cat__HouseStyle_2Story
All features,SVR,4,cat__HouseStyle_SFoyer
All features,SVR,4,cat__HouseStyle_SLvl
All features,SVR,4,cat__RoofStyle_Flat
All features,SVR,4,cat__RoofStyle_Gable
All features,SVR,4,cat__RoofStyle_Gambrel
All features,SVR,4,cat__RoofStyle_Hip
All features,SVR,4,cat__RoofStyle_Mansard
All features,SVR,4,cat__RoofStyle_Shed
All features,SVR,4,cat__RoofMatl_CompShg
All features,SVR,4,cat__RoofMatl_Membran
All features,SVR,4,cat__RoofMatl_Metal
All features,SVR,4,cat__RoofMatl_Roll
All features,SVR,4,cat__RoofMatl_Tar&Grv
All features,SVR,4,cat__RoofMatl_WdShake
All features,SVR,4,cat__RoofMatl_WdShngl
All features,SVR,4,cat__Exterior1st_AsbShng
All features,SVR,4,cat__Exterior1st_BrkComm
All features,SVR,4,cat__Exterior1st_BrkFace
All features,SVR,4,cat__Exterior1st_CemntBd
All features,SVR,4,cat__Exterior1st_HdBoard
All features,SVR,4,cat__Exterior1st_ImStucc
All features,SVR,4,cat__Exterior1st_MetalSd
All features,SVR,4,cat__Exterior1st_Plywood
All features,SVR,4,cat__Exterior1st_Stone
All features,SVR,4,cat__Exterior1st_Stucco
All features,SVR,4,cat__Exterior1st_VinylSd
All features,SVR,4,cat__Exterior1st_Wd Sdng
All features,SVR,4,cat__Exterior1st_WdShing
All features,SVR,4,cat__Exterior2nd_AsbShng
All features,SVR,4,cat__Exterior2nd_AsphShn
All features,SVR,4,cat__Exterior2nd_Brk Cmn
All features,SVR,4,cat__Exterior2nd_BrkFace
All features,SVR,4,cat__Exterior2nd_CmentBd
All features,SVR,4,cat__Exterior2nd_HdBoard
All features,SVR,4,cat__Exterior2nd_ImStucc
All features,SVR,4,cat__Exterior2nd_MetalSd
All features,SVR,4,cat__Exterior2nd_Plywood
All features,SVR,4,cat__Exterior2nd_Stone
All features,SVR,4,cat__Exterior2nd_Stucco
All features,SVR,4,cat__Exterior2nd_VinylSd
All features,SVR,4,cat__Exterior2nd_Wd Sdng
All features,SVR,4,cat__Exterior2nd_Wd Shng
All features,SVR,4,cat__MasVnrType_BrkCmn
All features,SVR,4,cat__MasVnrType_BrkFace
All features,SVR,4,cat__MasVnrType_None
All features,SVR,4,cat__MasVnrType_Stone
All features,SVR,4,cat__ExterQual_Ex
All features,SVR,4,cat__ExterQual_Fa
All features,SVR,4,cat__ExterQual_Gd
All features,SVR,4,cat__ExterQual_TA
All features,SVR,4,cat__ExterCond_Ex
All features,SVR,4,cat__ExterCond_Fa
All features,SVR,4,cat__ExterCond_Gd
All features,SVR,4,cat__ExterCond_Po
All features,SVR,4,cat__ExterCond_TA
All features,SVR,4,cat__Foundation_BrkTil
All features,SVR,4,cat__Foundation_CBlock
All features,SVR,4,cat__Foundation_PConc
All features,SVR,4,cat__Foundation_Slab
All features,SVR,4,cat__Foundation_Stone
All features,SVR,4,cat__Foundation_Wood
All features,SVR,4,cat__BsmtQual_Ex
All features,SVR,4,cat__BsmtQual_Fa
All features,SVR,4,cat__BsmtQual_Gd
All features,SVR,4,cat__BsmtQual_None
All features,SVR,4,cat__BsmtQual_TA
All features,SVR,4,cat__BsmtCond_Fa
All features,SVR,4,cat__BsmtCond_Gd
All features,SVR,4,cat__BsmtCond_None
All features,SVR,4,cat__BsmtCond_Po
All features,SVR,4,cat__BsmtCond_TA
All features,SVR,4,cat__BsmtExposure_Av
All features,SVR,4,cat__BsmtExposure_Gd
All features,SVR,4,cat__BsmtExposure_Mn
All features,SVR,4,cat__BsmtExposure_No
All features,SVR,4,cat__BsmtExposure_None
All features,SVR,4,cat__BsmtFinType1_ALQ
All features,SVR,4,cat__BsmtFinType1_BLQ
All features,SVR,4,cat__BsmtFinType1_GLQ
All features,SVR,4,cat__BsmtFinType1_LwQ
All features,SVR,4,cat__BsmtFinType1_None
All features,SVR,4,cat__BsmtFinType1_Rec
All features,SVR,4,cat__BsmtFinType1_Unf
All features,SVR,4,cat__BsmtFinType2_ALQ
All features,SVR,4,cat__BsmtFinType2_BLQ
All features,SVR,4,cat__BsmtFinType2_GLQ
All features,SVR,4,cat__BsmtFinType2_LwQ
All features,SVR,4,cat__BsmtFinType2_None
All features,SVR,4,cat__BsmtFinType2_Rec
All features,SVR,4,cat__BsmtFinType2_Unf
All features,SVR,4,cat__Heating_Floor
All features,SVR,4,cat__Heating_GasA
All features,SVR,4,cat__Heating_GasW
All features,SVR,4,cat__Heating_Grav
All features,SVR,4,cat__Heating_OthW
All features,SVR,4,cat__Heating_Wall
All features,SVR,4,cat__HeatingQC_Ex
All features,SVR,4,cat__HeatingQC_Fa
All features,SVR,4,cat__HeatingQC_Gd
All features,SVR,4,cat__HeatingQC_Po
All features,SVR,4,cat__HeatingQC_TA
All features,SVR,4,cat__CentralAir_N
All features,SVR,4,cat__CentralAir_Y
All features,SVR,4,cat__Electrical_FuseA
All features,SVR,4,cat__Electrical_FuseF
All features,SVR,4,cat__Electrical_FuseP
All features,SVR,4,cat__Electrical_Mix
All features,SVR,4,cat__Electrical_SBrkr
All features,SVR,4,cat__KitchenQual_Ex
All features,SVR,4,cat__KitchenQual_Fa
All features,SVR,4,cat__KitchenQual_Gd
All features,SVR,4,cat__KitchenQual_TA
All features,SVR,4,cat__Functional_Maj1
All features,SVR,4,cat__Functional_Maj2
All features,SVR,4,cat__Functional_Min1
All features,SVR,4,cat__Functional_Min2
All features,SVR,4,cat__Functional_Mod
All features,SVR,4,cat__Functional_Sev
All features,SVR,4,cat__Functional_Typ
All features,SVR,4,cat__FireplaceQu_Ex
All features,SVR,4,cat__FireplaceQu_Fa
All features,SVR,4,cat__FireplaceQu_Gd
All features,SVR,4,cat__FireplaceQu_None
All features,SVR,4,cat__FireplaceQu_Po
All features,SVR,4,cat__FireplaceQu_TA
All features,SVR,4,cat__GarageType_2Types
All features,SVR,4,cat__GarageType_Attchd
All features,SVR,4,cat__GarageType_Basment
All features,SVR,4,cat__GarageType_BuiltIn
All features,SVR,4,cat__GarageType_CarPort
All features,SVR,4,cat__GarageType_Detchd
All features,SVR,4,cat__GarageType_None
All features,SVR,4,cat__GarageFinish_Fin
All features,SVR,4,cat__GarageFinish_None
All features,SVR,4,cat__GarageFinish_RFn
All features,SVR,4,cat__GarageFinish_Unf
All features,SVR,4,cat__GarageQual_Fa
All features,SVR,4,cat__GarageQual_Gd
All features,SVR,4,cat__GarageQual_None
All features,SVR,4,cat__GarageQual_Po
All features,SVR,4,cat__GarageQual_TA
All features,SVR,4,cat__GarageCond_Fa
All features,SVR,4,cat__GarageCond_Gd
All features,SVR,4,cat__GarageCond_None
All features,SVR,4,cat__GarageCond_Po
All features,SVR,4,cat__GarageCond_TA
All features,SVR,4,cat__PavedDrive_N
All features,SVR,4,cat__PavedDrive_P
All features,SVR,4,cat__PavedDrive_Y
All features,SVR,4,cat__Fence_GdPrv
All features,SVR,4,cat__Fence_GdWo
All features,SVR,4,cat__Fence_MnPrv
All features,SVR,4,cat__Fence_MnWw
All features,SVR,4,cat__Fence_None
All features,SVR,4,cat__MiscFeature_Gar2
All features,SVR,4,cat__MiscFeature_None
All features,SVR,4,cat__MiscFeature_Othr
All features,SVR,4,cat__MiscFeature_Shed
All features,SVR,4,cat__MiscFeature_TenC
All features,SVR,4,cat__MoSold_1
All features,SVR,4,cat__MoSold_10
All features,SVR,4,cat__MoSold_11
All features,SVR,4,cat__MoSold_12
All features,SVR,4,cat__MoSold_2
All features,SVR,4,cat__MoSold_3
All features,SVR,4,cat__MoSold_4
All features,SVR,4,cat__MoSold_5
All features,SVR,4,cat__MoSold_6
All features,SVR,4,cat__MoSold_7
All features,SVR,4,cat__MoSold_8
All features,SVR,4,cat__MoSold_9
All features,SVR,4,cat__YrSold_2006
All features,SVR,4,cat__YrSold_2007
All features,SVR,4,cat__YrSold_2008
All features,SVR,4,cat__YrSold_2009
All features,SVR,4,cat__YrSold_2010
All features,SVR,4,cat__SaleType_COD
All features,SVR,4,cat__SaleType_CWD
All features,SVR,4,cat__SaleType_Con
All features,SVR,4,cat__SaleType_ConLD
All features,SVR,4,cat__SaleType_ConLI
All features,SVR,4,cat__SaleType_ConLw
All features,SVR,4,cat__SaleType_New
All features,SVR,4,cat__SaleType_Oth
All features,SVR,4,cat__SaleType_WD
All features,SVR,4,cat__SaleCondition_Abnorml
All features,SVR,4,cat__SaleCondition_AdjLand
All features,SVR,4,cat__SaleCondition_Alloca
All features,SVR,4,cat__SaleCondition_Family
All features,SVR,4,cat__SaleCondition_Normal
All features,SVR,4,cat__SaleCondition_Partial
All features,SVR,5,num__LotFrontage
All features,SVR,5,num__LotArea
All features,SVR,5,num__OverallQual
All features,SVR,5,num__OverallCond
All features,SVR,5,num__YearBuilt
All features,SVR,5,num__YearRemodAdd
All features,SVR,5,num__MasVnrArea
All features,SVR,5,num__BsmtFinSF1
All features,SVR,5,num__BsmtFinSF2
All features,SVR,5,num__BsmtUnfSF
All features,SVR,5,num__TotalBsmtSF
All features,SVR,5,num__1stFlrSF
All features,SVR,5,num__2ndFlrSF
All features,SVR,5,num__LowQualFinSF
All features,SVR,5,num__GrLivArea
All features,SVR,5,num__BsmtFullBath
All features,SVR,5,num__BsmtHalfBath
All features,SVR,5,num__FullBath
All features,SVR,5,num__HalfBath
All features,SVR,5,num__BedroomAbvGr
All features,SVR,5,num__KitchenAbvGr
All features,SVR,5,num__TotRmsAbvGrd
All features,SVR,5,num__Fireplaces
All features,SVR,5,num__GarageYrBlt
All features,SVR,5,num__GarageCars
All features,SVR,5,num__GarageArea
All features,SVR,5,num__WoodDeckSF
All features,SVR,5,num__OpenPorchSF
All features,SVR,5,num__EnclosedPorch
All features,SVR,5,num__3SsnPorch
All features,SVR,5,num__ScreenPorch
All features,SVR,5,num__MiscVal
All features,SVR,5,cat__MSSubClass_120
All features,SVR,5,cat__MSSubClass_160
All features,SVR,5,cat__MSSubClass_180
All features,SVR,5,cat__MSSubClass_190
All features,SVR,5,cat__MSSubClass_20
All features,SVR,5,cat__MSSubClass_30
All features,SVR,5,cat__MSSubClass_40
All features,SVR,5,cat__MSSubClass_45
All features,SVR,5,cat__MSSubClass_50
All features,SVR,5,cat__MSSubClass_60
All features,SVR,5,cat__MSSubClass_70
All features,SVR,5,cat__MSSubClass_75
All features,SVR,5,cat__MSSubClass_80
All features,SVR,5,cat__MSSubClass_85
All features,SVR,5,cat__MSSubClass_90
All features,SVR,5,cat__MSZoning_C (all)
All features,SVR,5,cat__MSZoning_FV
All features,SVR,5,cat__MSZoning_RH
All features,SVR,5,cat__MSZoning_RL
All features,SVR,5,cat__MSZoning_RM
All features,SVR,5,cat__Alley_Grvl
All features,SVR,5,cat__Alley_None
All features,SVR,5,cat__Alley_Pave
All features,SVR,5,cat__LotShape_IR1
All features,SVR,5,cat__LotShape_IR2
All features,SVR,5,cat__LotShape_IR3
All features,SVR,5,cat__LotShape_Reg
All features,SVR,5,cat__LandContour_Bnk
All features,SVR,5,cat__LandContour_HLS
All features,SVR,5,cat__LandContour_Low
All features,SVR,5,cat__LandContour_Lvl
All features,SVR,5,cat__LotConfig_Corner
All features,SVR,5,cat__LotConfig_CulDSac
All features,SVR,5,cat__LotConfig_FR2
All features,SVR,5,cat__LotConfig_FR3
All features,SVR,5,cat__LotConfig_Inside
All features,SVR,5,cat__LandSlope_Gtl
All features,SVR,5,cat__LandSlope_Mod
All features,SVR,5,cat__LandSlope_Sev
All features,SVR,5,cat__Neighborhood_Blmngtn
All features,SVR,5,cat__Neighborhood_Blueste
All features,SVR,5,cat__Neighborhood_BrDale
All features,SVR,5,cat__Neighborhood_BrkSide
All features,SVR,5,cat__Neighborhood_ClearCr
All features,SVR,5,cat__Neighborhood_CollgCr
All features,SVR,5,cat__Neighborhood_Crawfor
All features,SVR,5,cat__Neighborhood_Edwards
All features,SVR,5,cat__Neighborhood_Gilbert
All features,SVR,5,cat__Neighborhood_IDOTRR
All features,SVR,5,cat__Neighborhood_MeadowV
All features,SVR,5,cat__Neighborhood_Mitchel
All features,SVR,5,cat__Neighborhood_NAmes
All features,SVR,5,cat__Neighborhood_NPkVill
All features,SVR,5,cat__Neighborhood_NWAmes
All features,SVR,5,cat__Neighborhood_NoRidge
All features,SVR,5,cat__Neighborhood_NridgHt
All features,SVR,5,cat__Neighborhood_OldTown
All features,SVR,5,cat__Neighborhood_SWISU
All features,SVR,5,cat__Neighborhood_Sawyer
All features,SVR,5,cat__Neighborhood_SawyerW
All features,SVR,5,cat__Neighborhood_Somerst
All features,SVR,5,cat__Neighborhood_StoneBr
All features,SVR,5,cat__Neighborhood_Timber
All features,SVR,5,cat__Neighborhood_Veenker
All features,SVR,5,cat__Condition1_Artery
All features,SVR,5,cat__Condition1_Feedr
All features,SVR,5,cat__Condition1_Norm
All features,SVR,5,cat__Condition1_PosA
All features,SVR,5,cat__Condition1_PosN
All features,SVR,5,cat__Condition1_RRAe
All features,SVR,5,cat__Condition1_RRAn
All features,SVR,5,cat__Condition1_RRNe
All features,SVR,5,cat__Condition1_RRNn
All features,SVR,5,cat__Condition2_Artery
All features,SVR,5,cat__Condition2_Feedr
All features,SVR,5,cat__Condition2_Norm
All features,SVR,5,cat__Condition2_PosA
All features,SVR,5,cat__Condition2_PosN
All features,SVR,5,cat__Condition2_RRAe
All features,SVR,5,cat__Condition2_RRAn
All features,SVR,5,cat__Condition2_RRNn
All features,SVR,5,cat__BldgType_1Fam
All features,SVR,5,cat__BldgType_2fmCon
All features,SVR,5,cat__BldgType_Duplex
All features,SVR,5,cat__BldgType_Twnhs
All features,SVR,5,cat__BldgType_TwnhsE
All features,SVR,5,cat__HouseStyle_1.5Fin
All features,SVR,5,cat__HouseStyle_1.5Unf
All features,SVR,5,cat__HouseStyle_1Story
All features,SVR,5,cat__HouseStyle_2.5Fin
All features,SVR,5,cat__HouseStyle_2.5Unf
All features,SVR,5,cat__HouseStyle_2Story
All features,SVR,5,cat__HouseStyle_SFoyer
All features,SVR,5,cat__HouseStyle_SLvl
All features,SVR,5,cat__RoofStyle_Flat
All features,SVR,5,cat__RoofStyle_Gable
All features,SVR,5,cat__RoofStyle_Gambrel
All features,SVR,5,cat__RoofStyle_Hip
All features,SVR,5,cat__RoofStyle_Mansard
All features,SVR,5,cat__RoofStyle_Shed
All features,SVR,5,cat__RoofMatl_CompShg
All features,SVR,5,cat__RoofMatl_Membran
All features,SVR,5,cat__RoofMatl_Metal
All features,SVR,5,cat__RoofMatl_Tar&Grv
All features,SVR,5,cat__RoofMatl_WdShake
All features,SVR,5,cat__RoofMatl_WdShngl
All features,SVR,5,cat__Exterior1st_AsbShng
All features,SVR,5,cat__Exterior1st_AsphShn
All features,SVR,5,cat__Exterior1st_BrkComm
All features,SVR,5,cat__Exterior1st_BrkFace
All features,SVR,5,cat__Exterior1st_CBlock
All features,SVR,5,cat__Exterior1st_CemntBd
All features,SVR,5,cat__Exterior1st_HdBoard
All features,SVR,5,cat__Exterior1st_ImStucc
All features,SVR,5,cat__Exterior1st_MetalSd
All features,SVR,5,cat__Exterior1st_Plywood
All features,SVR,5,cat__Exterior1st_Stone
All features,SVR,5,cat__Exterior1st_Stucco
All features,SVR,5,cat__Exterior1st_VinylSd
All features,SVR,5,cat__Exterior1st_Wd Sdng
All features,SVR,5,cat__Exterior1st_WdShing
All features,SVR,5,cat__Exterior2nd_AsbShng
All features,SVR,5,cat__Exterior2nd_AsphShn
All features,SVR,5,cat__Exterior2nd_Brk Cmn
All features,SVR,5,cat__Exterior2nd_BrkFace
All features,SVR,5,cat__Exterior2nd_CBlock
All features,SVR,5,cat__Exterior2nd_CmentBd
All features,SVR,5,cat__Exterior2nd_HdBoard
All features,SVR,5,cat__Exterior2nd_ImStucc
All features,SVR,5,cat__Exterior2nd_MetalSd
All features,SVR,5,cat__Exterior2nd_Other
All features,SVR,5,cat__Exterior2nd_Plywood
All features,SVR,5,cat__Exterior2nd_Stone
All features,SVR,5,cat__Exterior2nd_Stucco
All features,SVR,5,cat__Exterior2nd_VinylSd
All features,SVR,5,cat__Exterior2nd_Wd Sdng
All features,SVR,5,cat__Exterior2nd_Wd Shng
All features,SVR,5,cat__MasVnrType_BrkCmn
All features,SVR,5,cat__MasVnrType_BrkFace
All features,SVR,5,cat__MasVnrType_None
All features,SVR,5,cat__MasVnrType_Stone
All features,SVR,5,cat__ExterQual_Ex
All features,SVR,5,cat__ExterQual_Fa
All features,SVR,5,cat__ExterQual_Gd
All features,SVR,5,cat__ExterQual_TA
All features,SVR,5,cat__ExterCond_Ex
All features,SVR,5,cat__ExterCond_Fa
All features,SVR,5,cat__ExterCond_Gd
All features,SVR,5,cat__ExterCond_Po
All features,SVR,5,cat__ExterCond_TA
All features,SVR,5,cat__Foundation_BrkTil
All features,SVR,5,cat__Foundation_CBlock
All features,SVR,5,cat__Foundation_PConc
All features,SVR,5,cat__Foundation_Slab
All features,SVR,5,cat__Foundation_Stone
All features,SVR,5,cat__Foundation_Wood
All features,SVR,5,cat__BsmtQual_Ex
All features,SVR,5,cat__BsmtQual_Fa
All features,SVR,5,cat__BsmtQual_Gd
All features,SVR,5,cat__BsmtQual_None
All features,SVR,5,cat__BsmtQual_TA
All features,SVR,5,cat__BsmtCond_Fa
All features,SVR,5,cat__BsmtCond_Gd
All features,SVR,5,cat__BsmtCond_None
All features,SVR,5,cat__BsmtCond_Po
All features,SVR,5,cat__BsmtCond_TA
All features,SVR,5,cat__BsmtExposure_Av
All features,SVR,5,cat__BsmtExposure_Gd
All features,SVR,5,cat__BsmtExposure_Mn
All features,SVR,5,cat__BsmtExposure_No
All features,SVR,5,cat__BsmtExposure_None
All features,SVR,5,cat__BsmtFinType1_ALQ
All features,SVR,5,cat__BsmtFinType1_BLQ
All features,SVR,5,cat__BsmtFinType1_GLQ
All features,SVR,5,cat__BsmtFinType1_LwQ
All features,SVR,5,cat__BsmtFinType1_None
All features,SVR,5,cat__BsmtFinType1_Rec
All features,SVR,5,cat__BsmtFinType1_Unf
All features,SVR,5,cat__BsmtFinType2_ALQ
All features,SVR,5,cat__BsmtFinType2_BLQ
All features,SVR,5,cat__BsmtFinType2_GLQ
All features,SVR,5,cat__BsmtFinType2_LwQ
All features,SVR,5,cat__BsmtFinType2_None
All features,SVR,5,cat__BsmtFinType2_Rec
All features,SVR,5,cat__BsmtFinType2_Unf
All features,SVR,5,cat__Heating_GasA
All features,SVR,5,cat__Heating_GasW
All features,SVR,5,cat__Heating_Grav
All features,SVR,5,cat__Heating_OthW
All features,SVR,5,cat__Heating_Wall
All features,SVR,5,cat__HeatingQC_Ex
All features,SVR,5,cat__HeatingQC_Fa
All features,SVR,5,cat__HeatingQC_Gd
All features,SVR,5,cat__HeatingQC_Po
All features,SVR,5,cat__HeatingQC_TA
All features,SVR,5,cat__CentralAir_N
All features,SVR,5,cat__CentralAir_Y
All features,SVR,5,cat__Electrical_FuseA
All features,SVR,5,cat__Electrical_FuseF
All features,SVR,5,cat__Electrical_FuseP
All features,SVR,5,cat__Electrical_Mix
All features,SVR,5,cat__Electrical_SBrkr
All features,SVR,5,cat__KitchenQual_Ex
All features,SVR,5,cat__KitchenQual_Fa
All features,SVR,5,cat__KitchenQual_Gd
All features,SVR,5,cat__KitchenQual_TA
All features,SVR,5,cat__Functional_Maj1
All features,SVR,5,cat__Functional_Maj2
All features,SVR,5,cat__Functional_Min1
All features,SVR,5,cat__Functional_Min2
All features,SVR,5,cat__Functional_Mod
All features,SVR,5,cat__Functional_Sev
All features,SVR,5,cat__Functional_Typ
All features,SVR,5,cat__FireplaceQu_Ex
All features,SVR,5,cat__FireplaceQu_Fa
All features,SVR,5,cat__FireplaceQu_Gd
All features,SVR,5,cat__FireplaceQu_None
All features,SVR,5,cat__FireplaceQu_Po
All features,SVR,5,cat__FireplaceQu_TA
All features,SVR,5,cat__GarageType_2Types
All features,SVR,5,cat__GarageType_Attchd
All features,SVR,5,cat__GarageType_Basment
All features,SVR,5,cat__GarageType_BuiltIn
All features,SVR,5,cat__GarageType_CarPort
All features,SVR,5,cat__GarageType_Detchd
All features,SVR,5,cat__GarageType_None
All features,SVR,5,cat__GarageFinish_Fin
All features,SVR,5,cat__GarageFinish_None
All features,SVR,5,cat__GarageFinish_RFn
All features,SVR,5,cat__GarageFinish_Unf
All features,SVR,5,cat__GarageQual_Ex
All features,SVR,5,cat__GarageQual_Fa
All features,SVR,5,cat__GarageQual_Gd
All features,SVR,5,cat__GarageQual_None
All features,SVR,5,cat__GarageQual_Po
All features,SVR,5,cat__GarageQual_TA
All features,SVR,5,cat__GarageCond_Ex
All features,SVR,5,cat__GarageCond_Fa
All features,SVR,5,cat__GarageCond_Gd
All features,SVR,5,cat__GarageCond_None
All features,SVR,5,cat__GarageCond_Po
All features,SVR,5,cat__GarageCond_TA
All features,SVR,5,cat__PavedDrive_N
All features,SVR,5,cat__PavedDrive_P
All features,SVR,5,cat__PavedDrive_Y
All features,SVR,5,cat__Fence_GdPrv
All features,SVR,5,cat__Fence_GdWo
All features,SVR,5,cat__Fence_MnPrv
All features,SVR,5,cat__Fence_MnWw
All features,SVR,5,cat__Fence_None
All features,SVR,5,cat__MiscFeature_Gar2
All features,SVR,5,cat__MiscFeature_None
All features,SVR,5,cat__MiscFeature_Othr
All features,SVR,5,cat__MiscFeature_Shed
All features,SVR,5,cat__MoSold_1
All features,SVR,5,cat__MoSold_10
All features,SVR,5,cat__MoSold_11
All features,SVR,5,cat__MoSold_12
All features,SVR,5,cat__MoSold_2
All features,SVR,5,cat__MoSold_3
All features,SVR,5,cat__MoSold_4
All features,SVR,5,cat__MoSold_5
All features,SVR,5,cat__MoSold_6
All features,SVR,5,cat__MoSold_7
All features,SVR,5,cat__MoSold_8
All features,SVR,5,cat__MoSold_9
All features,SVR,5,cat__YrSold_2006
All features,SVR,5,cat__YrSold_2007
All features,SVR,5,cat__YrSold_2008
All features,SVR,5,cat__YrSold_2009
All features,SVR,5,cat__YrSold_2010
All features,SVR,5,cat__SaleType_COD
All features,SVR,5,cat__SaleType_CWD
All features,SVR,5,cat__SaleType_Con
All features,SVR,5,cat__SaleType_ConLD
All features,SVR,5,cat__SaleType_ConLI
All features,SVR,5,cat__SaleType_ConLw
All features,SVR,5,cat__SaleType_New
All features,SVR,5,cat__SaleType_Oth
All features,SVR,5,cat__SaleType_WD
All features,SVR,5,cat__SaleCondition_Abnorml
All features,SVR,5,cat__SaleCondition_AdjLand
All features,SVR,5,cat__SaleCondition_Alloca
All features,SVR,5,cat__SaleCondition_Family
All features,SVR,5,cat__SaleCondition_Normal
All features,SVR,5,cat__SaleCondition_Partial
All features,XGBoost,1,num__LotFrontage
All features,XGBoost,1,num__LotArea
All features,XGBoost,1,num__OverallQual
All features,XGBoost,1,num__OverallCond
All features,XGBoost,1,num__YearBuilt
All features,XGBoost,1,num__YearRemodAdd
All features,XGBoost,1,num__MasVnrArea
All features,XGBoost,1,num__BsmtFinSF1
All features,XGBoost,1,num__BsmtFinSF2
All features,XGBoost,1,num__BsmtUnfSF
All features,XGBoost,1,num__TotalBsmtSF
All features,XGBoost,1,num__1stFlrSF
All features,XGBoost,1,num__2ndFlrSF
All features,XGBoost,1,num__LowQualFinSF
All features,XGBoost,1,num__GrLivArea
All features,XGBoost,1,num__BsmtFullBath
All features,XGBoost,1,num__BsmtHalfBath
All features,XGBoost,1,num__FullBath
All features,XGBoost,1,num__HalfBath
All features,XGBoost,1,num__BedroomAbvGr
All features,XGBoost,1,num__KitchenAbvGr
All features,XGBoost,1,num__TotRmsAbvGrd
All features,XGBoost,1,num__Fireplaces
All features,XGBoost,1,num__GarageYrBlt
All features,XGBoost,1,num__GarageCars
All features,XGBoost,1,num__GarageArea
All features,XGBoost,1,num__WoodDeckSF
All features,XGBoost,1,num__OpenPorchSF
All features,XGBoost,1,num__EnclosedPorch
All features,XGBoost,1,num__3SsnPorch
All features,XGBoost,1,num__ScreenPorch
All features,XGBoost,1,num__MiscVal
All features,XGBoost,1,cat__MSSubClass_120
All features,XGBoost,1,cat__MSSubClass_160
All features,XGBoost,1,cat__MSSubClass_180
All features,XGBoost,1,cat__MSSubClass_190
All features,XGBoost,1,cat__MSSubClass_20
All features,XGBoost,1,cat__MSSubClass_30
All features,XGBoost,1,cat__MSSubClass_40
All features,XGBoost,1,cat__MSSubClass_45
All features,XGBoost,1,cat__MSSubClass_50
All features,XGBoost,1,cat__MSSubClass_60
All features,XGBoost,1,cat__MSSubClass_70
All features,XGBoost,1,cat__MSSubClass_75
All features,XGBoost,1,cat__MSSubClass_80
All features,XGBoost,1,cat__MSSubClass_85
All features,XGBoost,1,cat__MSSubClass_90
All features,XGBoost,1,cat__MSZoning_C (all)
All features,XGBoost,1,cat__MSZoning_FV
All features,XGBoost,1,cat__MSZoning_RH
All features,XGBoost,1,cat__MSZoning_RL
All features,XGBoost,1,cat__MSZoning_RM
All features,XGBoost,1,cat__Alley_Grvl
All features,XGBoost,1,cat__Alley_None
All features,XGBoost,1,cat__Alley_Pave
All features,XGBoost,1,cat__LotShape_IR1
All features,XGBoost,1,cat__LotShape_IR2
All features,XGBoost,1,cat__LotShape_IR3
All features,XGBoost,1,cat__LotShape_Reg
All features,XGBoost,1,cat__LandContour_Bnk
All features,XGBoost,1,cat__LandContour_HLS
All features,XGBoost,1,cat__LandContour_Low
All features,XGBoost,1,cat__LandContour_Lvl
All features,XGBoost,1,cat__LotConfig_Corner
All features,XGBoost,1,cat__LotConfig_CulDSac
All features,XGBoost,1,cat__LotConfig_FR2
All features,XGBoost,1,cat__LotConfig_FR3
All features,XGBoost,1,cat__LotConfig_Inside
All features,XGBoost,1,cat__LandSlope_Gtl
All features,XGBoost,1,cat__LandSlope_Mod
All features,XGBoost,1,cat__LandSlope_Sev
All features,XGBoost,1,cat__Neighborhood_Blmngtn
All features,XGBoost,1,cat__Neighborhood_Blueste
All features,XGBoost,1,cat__Neighborhood_BrDale
All features,XGBoost,1,cat__Neighborhood_BrkSide
All features,XGBoost,1,cat__Neighborhood_ClearCr
All features,XGBoost,1,cat__Neighborhood_CollgCr
All features,XGBoost,1,cat__Neighborhood_Crawfor
All features,XGBoost,1,cat__Neighborhood_Edwards
All features,XGBoost,1,cat__Neighborhood_Gilbert
All features,XGBoost,1,cat__Neighborhood_IDOTRR
All features,XGBoost,1,cat__Neighborhood_MeadowV
All features,XGBoost,1,cat__Neighborhood_Mitchel
All features,XGBoost,1,cat__Neighborhood_NAmes
All features,XGBoost,1,cat__Neighborhood_NPkVill
All features,XGBoost,1,cat__Neighborhood_NWAmes
All features,XGBoost,1,cat__Neighborhood_NoRidge
All features,XGBoost,1,cat__Neighborhood_NridgHt
All features,XGBoost,1,cat__Neighborhood_OldTown
All features,XGBoost,1,cat__Neighborhood_SWISU
All features,XGBoost,1,cat__Neighborhood_Sawyer
All features,XGBoost,1,cat__Neighborhood_SawyerW
All features,XGBoost,1,cat__Neighborhood_Somerst
All features,XGBoost,1,cat__Neighborhood_StoneBr
All features,XGBoost,1,cat__Neighborhood_Timber
All features,XGBoost,1,cat__Neighborhood_Veenker
All features,XGBoost,1,cat__Condition1_Artery
All features,XGBoost,1,cat__Condition1_Feedr
All features,XGBoost,1,cat__Condition1_Norm
All features,XGBoost,1,cat__Condition1_PosA
All features,XGBoost,1,cat__Condition1_PosN
All features,XGBoost,1,cat__Condition1_RRAe
All features,XGBoost,1,cat__Condition1_RRAn
All features,XGBoost,1,cat__Condition1_RRNe
All features,XGBoost,1,cat__Condition1_RRNn
All features,XGBoost,1,cat__BldgType_1Fam
All features,XGBoost,1,cat__BldgType_2fmCon
All features,XGBoost,1,cat__BldgType_Duplex
All features,XGBoost,1,cat__BldgType_Twnhs
All features,XGBoost,1,cat__BldgType_TwnhsE
All features,XGBoost,1,cat__HouseStyle_1.5Fin
All features,XGBoost,1,cat__HouseStyle_1.5Unf
All features,XGBoost,1,cat__HouseStyle_1Story
All features,XGBoost,1,cat__HouseStyle_2.5Fin
All features,XGBoost,1,cat__HouseStyle_2.5Unf
All features,XGBoost,1,cat__HouseStyle_2Story
All features,XGBoost,1,cat__HouseStyle_SFoyer
All features,XGBoost,1,cat__HouseStyle_SLvl
All features,XGBoost,1,cat__RoofStyle_Flat
All features,XGBoost,1,cat__RoofStyle_Gable
All features,XGBoost,1,cat__RoofStyle_Gambrel
All features,XGBoost,1,cat__RoofStyle_Hip
All features,XGBoost,1,cat__RoofStyle_Mansard
All features,XGBoost,1,cat__RoofStyle_Shed
All features,XGBoost,1,cat__RoofMatl_CompShg
All features,XGBoost,1,cat__RoofMatl_Metal
All features,XGBoost,1,cat__RoofMatl_Roll
All features,XGBoost,1,cat__RoofMatl_Tar&Grv
All features,XGBoost,1,cat__RoofMatl_WdShake
All features,XGBoost,1,cat__RoofMatl_WdShngl
All features,XGBoost,1,cat__Exterior1st_AsbShng
All features,XGBoost,1,cat__Exterior1st_AsphShn
All features,XGBoost,1,cat__Exterior1st_BrkComm
All features,XGBoost,1,cat__Exterior1st_BrkFace
All features,XGBoost,1,cat__Exterior1st_CBlock
All features,XGBoost,1,cat__Exterior1st_CemntBd
All features,XGBoost,1,cat__Exterior1st_HdBoard
All features,XGBoost,1,cat__Exterior1st_ImStucc
All features,XGBoost,1,cat__Exterior1st_MetalSd
All features,XGBoost,1,cat__Exterior1st_Plywood
All features,XGBoost,1,cat__Exterior1st_Stone
All features,XGBoost,1,cat__Exterior1st_Stucco
All features,XGBoost,1,cat__Exterior1st_VinylSd
All features,XGBoost,1,cat__Exterior1st_Wd Sdng
All features,XGBoost,1,cat__Exterior1st_WdShing
All features,XGBoost,1,cat__Exterior2nd_AsbShng
All features,XGBoost,1,cat__Exterior2nd_AsphShn
All features,XGBoost,1,cat__Exterior2nd_Brk Cmn
All features,XGBoost,1,cat__Exterior2nd_BrkFace
All features,XGBoost,1,cat__Exterior2nd_CBlock
All features,XGBoost,1,cat__Exterior2nd_CmentBd
All features,XGBoost,1,cat__Exterior2nd_HdBoard
All features,XGBoost,1,cat__Exterior2nd_ImStucc
All features,XGBoost,1,cat__Exterior2nd_MetalSd
All features,XGBoost,1,cat__Exterior2nd_Other
All features,XGBoost,1,cat__Exterior2nd_Plywood
All features,XGBoost,1,cat__Exterior2nd_Stone
All features,XGBoost,1,cat__Exterior2nd_Stucco
All features,XGBoost,1,cat__Exterior2nd_VinylSd
All features,XGBoost,1,cat__Exterior2nd_Wd Sdng
All features,XGBoost,1,cat__Exterior2nd_Wd Shng
All features,XGBoost,1,cat__MasVnrType_BrkCmn
All features,XGBoost,1,cat__MasVnrType_BrkFace
All features,XGBoost,1,cat__MasVnrType_None
All features,XGBoost,1,cat__MasVnrType_Stone
All features,XGBoost,1,cat__ExterQual_Ex
All features,XGBoost,1,cat__ExterQual_Fa
All features,XGBoost,1,cat__ExterQual_Gd
All features,XGBoost,1,cat__ExterQual_TA
All features,XGBoost,1,cat__ExterCond_Ex
All features,XGBoost,1,cat__ExterCond_Fa
All features,XGBoost,1,cat__ExterCond_Gd
All features,XGBoost,1,cat__ExterCond_Po
All features,XGBoost,1,cat__ExterCond_TA
All features,XGBoost,1,cat__Foundation_BrkTil
All features,XGBoost,1,cat__Foundation_CBlock
All features,XGBoost,1,cat__Foundation_PConc
All features,XGBoost,1,cat__Foundation_Slab
All features,XGBoost,1,cat__Foundation_Stone
All features,XGBoost,1,cat__Foundation_Wood
All features,XGBoost,1,cat__BsmtQual_Ex
All features,XGBoost,1,cat__BsmtQual_Fa
All features,XGBoost,1,cat__BsmtQual_Gd
All features,XGBoost,1,cat__BsmtQual_None
All features,XGBoost,1,cat__BsmtQual_TA
All features,XGBoost,1,cat__BsmtCond_Fa
All features,XGBoost,1,cat__BsmtCond_Gd
All features,XGBoost,1,cat__BsmtCond_None
All features,XGBoost,1,cat__BsmtCond_Po
All features,XGBoost,1,cat__BsmtCond_TA
All features,XGBoost,1,cat__BsmtExposure_Av
All features,XGBoost,1,cat__BsmtExposure_Gd
All features,XGBoost,1,cat__BsmtExposure_Mn
All features,XGBoost,1,cat__BsmtExposure_No
All features,XGBoost,1,cat__BsmtExposure_None
All features,XGBoost,1,cat__BsmtFinType1_ALQ
All features,XGBoost,1,cat__BsmtFinType1_BLQ
All features,XGBoost,1,cat__BsmtFinType1_GLQ
All features,XGBoost,1,cat__BsmtFinType1_LwQ
All features,XGBoost,1,cat__BsmtFinType1_None
All features,XGBoost,1,cat__BsmtFinType1_Rec
All features,XGBoost,1,cat__BsmtFinType1_Unf
All features,XGBoost,1,cat__BsmtFinType2_ALQ
All features,XGBoost,1,cat__BsmtFinType2_BLQ
All features,XGBoost,1,cat__BsmtFinType2_GLQ
All features,XGBoost,1,cat__BsmtFinType2_LwQ
All features,XGBoost,1,cat__BsmtFinType2_None
All features,XGBoost,1,cat__BsmtFinType2_Rec
All features,XGBoost,1,cat__BsmtFinType2_Unf
All features,XGBoost,1,cat__Heating_Floor
All features,XGBoost,1,cat__Heating_GasA
All features,XGBoost,1,cat__Heating_GasW
All features,XGBoost,1,cat__Heating_Grav
All features,XGBoost,1,cat__Heating_OthW
All features,XGBoost,1,cat__Heating_Wall
All features,XGBoost,1,cat__HeatingQC_Ex
All features,XGBoost,1,cat__HeatingQC_Fa
All features,XGBoost,1,cat__HeatingQC_Gd
All features,XGBoost,1,cat__HeatingQC_Po
All features,XGBoost,1,cat__HeatingQC_TA
All features,XGBoost,1,cat__CentralAir_N
All features,XGBoost,1,cat__CentralAir_Y
All features,XGBoost,1,cat__Electrical_FuseA
All features,XGBoost,1,cat__Electrical_FuseF
All features,XGBoost,1,cat__Electrical_FuseP
All features,XGBoost,1,cat__Electrical_SBrkr
All features,XGBoost,1,cat__KitchenQual_Ex
All features,XGBoost,1,cat__KitchenQual_Fa
All features,XGBoost,1,cat__KitchenQual_Gd
All features,XGBoost,1,cat__KitchenQual_TA
All features,XGBoost,1,cat__Functional_Maj1
All features,XGBoost,1,cat__Functional_Maj2
All features,XGBoost,1,cat__Functional_Min1
All features,XGBoost,1,cat__Functional_Min2
All features,XGBoost,1,cat__Functional_Mod
All features,XGBoost,1,cat__Functional_Sev
All features,XGBoost,1,cat__Functional_Typ
All features,XGBoost,1,cat__FireplaceQu_Ex
All features,XGBoost,1,cat__FireplaceQu_Fa
All features,XGBoost,1,cat__FireplaceQu_Gd
All features,XGBoost,1,cat__FireplaceQu_None
All features,XGBoost,1,cat__FireplaceQu_Po
All features,XGBoost,1,cat__FireplaceQu_TA
All features,XGBoost,1,cat__GarageType_2Types
All features,XGBoost,1,cat__GarageType_Attchd
All features,XGBoost,1,cat__GarageType_Basment
All features,XGBoost,1,cat__GarageType_BuiltIn
All features,XGBoost,1,cat__GarageType_CarPort
All features,XGBoost,1,cat__GarageType_Detchd
All features,XGBoost,1,cat__GarageType_None
All features,XGBoost,1,cat__GarageFinish_Fin
All features,XGBoost,1,cat__GarageFinish_None
All features,XGBoost,1,cat__GarageFinish_RFn
All features,XGBoost,1,cat__GarageFinish_Unf
All features,XGBoost,1,cat__GarageQual_Ex
All features,XGBoost,1,cat__GarageQual_Fa
All features,XGBoost,1,cat__GarageQual_Gd
All features,XGBoost,1,cat__GarageQual_None
All features,XGBoost,1,cat__GarageQual_Po
All features,XGBoost,1,cat__GarageQual_TA
All features,XGBoost,1,cat__GarageCond_Ex
All features,XGBoost,1,cat__GarageCond_Fa
All features,XGBoost,1,cat__GarageCond_Gd
All features,XGBoost,1,cat__GarageCond_None
All features,XGBoost,1,cat__GarageCond_Po
All features,XGBoost,1,cat__GarageCond_TA
All features,XGBoost,1,cat__PavedDrive_N
All features,XGBoost,1,cat__PavedDrive_P
All features,XGBoost,1,cat__PavedDrive_Y
All features,XGBoost,1,cat__Fence_GdPrv
All features,XGBoost,1,cat__Fence_GdWo
All features,XGBoost,1,cat__Fence_MnPrv
All features,XGBoost,1,cat__Fence_MnWw
All features,XGBoost,1,cat__Fence_None
All features,XGBoost,1,cat__MiscFeature_Gar2
All features,XGBoost,1,cat__MiscFeature_None
All features,XGBoost,1,cat__MiscFeature_Othr
All features,XGBoost,1,cat__MiscFeature_Shed
All features,XGBoost,1,cat__MiscFeature_TenC
All features,XGBoost,1,cat__MoSold_1
All features,XGBoost,1,cat__MoSold_10
All features,XGBoost,1,cat__MoSold_11
All features,XGBoost,1,cat__MoSold_12
All features,XGBoost,1,cat__MoSold_2
All features,XGBoost,1,cat__MoSold_3
All features,XGBoost,1,cat__MoSold_4
All features,XGBoost,1,cat__MoSold_5
All features,XGBoost,1,cat__MoSold_6
All features,XGBoost,1,cat__MoSold_7
All features,XGBoost,1,cat__MoSold_8
All features,XGBoost,1,cat__MoSold_9
All features,XGBoost,1,cat__YrSold_2006
All features,XGBoost,1,cat__YrSold_2007
All features,XGBoost,1,cat__YrSold_2008
All features,XGBoost,1,cat__YrSold_2009
All features,XGBoost,1,cat__YrSold_2010
All features,XGBoost,1,cat__SaleType_COD
All features,XGBoost,1,cat__SaleType_CWD
All features,XGBoost,1,cat__SaleType_Con
All features,XGBoost,1,cat__SaleType_ConLD
All features,XGBoost,1,cat__SaleType_ConLI
All features,XGBoost,1,cat__SaleType_ConLw
All features,XGBoost,1,cat__SaleType_New
All features,XGBoost,1,cat__SaleType_Oth
All features,XGBoost,1,cat__SaleType_WD
All features,XGBoost,1,cat__SaleCondition_Abnorml
All features,XGBoost,1,cat__SaleCondition_AdjLand
All features,XGBoost,1,cat__SaleCondition_Alloca
All features,XGBoost,1,cat__SaleCondition_Family
All features,XGBoost,1,cat__SaleCondition_Normal
All features,XGBoost,1,cat__SaleCondition_Partial
All features,XGBoost,2,num__LotFrontage
All features,XGBoost,2,num__LotArea
All features,XGBoost,2,num__OverallQual
All features,XGBoost,2,num__OverallCond
All features,XGBoost,2,num__YearBuilt
All features,XGBoost,2,num__YearRemodAdd
All features,XGBoost,2,num__MasVnrArea
All features,XGBoost,2,num__BsmtFinSF1
All features,XGBoost,2,num__BsmtFinSF2
All features,XGBoost,2,num__BsmtUnfSF
All features,XGBoost,2,num__TotalBsmtSF
All features,XGBoost,2,num__1stFlrSF
All features,XGBoost,2,num__2ndFlrSF
All features,XGBoost,2,num__LowQualFinSF
All features,XGBoost,2,num__GrLivArea
All features,XGBoost,2,num__BsmtFullBath
All features,XGBoost,2,num__BsmtHalfBath
All features,XGBoost,2,num__FullBath
All features,XGBoost,2,num__HalfBath
All features,XGBoost,2,num__BedroomAbvGr
All features,XGBoost,2,num__KitchenAbvGr
All features,XGBoost,2,num__TotRmsAbvGrd
All features,XGBoost,2,num__Fireplaces
All features,XGBoost,2,num__GarageYrBlt
All features,XGBoost,2,num__GarageCars
All features,XGBoost,2,num__GarageArea
All features,XGBoost,2,num__WoodDeckSF
All features,XGBoost,2,num__OpenPorchSF
All features,XGBoost,2,num__EnclosedPorch
All features,XGBoost,2,num__3SsnPorch
All features,XGBoost,2,num__ScreenPorch
All features,XGBoost,2,num__MiscVal
All features,XGBoost,2,cat__MSSubClass_120
All features,XGBoost,2,cat__MSSubClass_160
All features,XGBoost,2,cat__MSSubClass_180
All features,XGBoost,2,cat__MSSubClass_190
All features,XGBoost,2,cat__MSSubClass_20
All features,XGBoost,2,cat__MSSubClass_30
All features,XGBoost,2,cat__MSSubClass_40
All features,XGBoost,2,cat__MSSubClass_45
All features,XGBoost,2,cat__MSSubClass_50
All features,XGBoost,2,cat__MSSubClass_60
All features,XGBoost,2,cat__MSSubClass_70
All features,XGBoost,2,cat__MSSubClass_75
All features,XGBoost,2,cat__MSSubClass_80
All features,XGBoost,2,cat__MSSubClass_85
All features,XGBoost,2,cat__MSSubClass_90
All features,XGBoost,2,cat__MSZoning_C (all)
All features,XGBoost,2,cat__MSZoning_FV
All features,XGBoost,2,cat__MSZoning_RH
All features,XGBoost,2,cat__MSZoning_RL
All features,XGBoost,2,cat__MSZoning_RM
All features,XGBoost,2,cat__Alley_Grvl
All features,XGBoost,2,cat__Alley_None
All features,XGBoost,2,cat__Alley_Pave
All features,XGBoost,2,cat__LotShape_IR1
All features,XGBoost,2,cat__LotShape_IR2
All features,XGBoost,2,cat__LotShape_IR3
All features,XGBoost,2,cat__LotShape_Reg
All features,XGBoost,2,cat__LandContour_Bnk
All features,XGBoost,2,cat__LandContour_HLS
All features,XGBoost,2,cat__LandContour_Low
All features,XGBoost,2,cat__LandContour_Lvl
All features,XGBoost,2,cat__LotConfig_Corner
All features,XGBoost,2,cat__LotConfig_CulDSac
All features,XGBoost,2,cat__LotConfig_FR2
All features,XGBoost,2,cat__LotConfig_FR3
All features,XGBoost,2,cat__LotConfig_Inside
All features,XGBoost,2,cat__LandSlope_Gtl
All features,XGBoost,2,cat__LandSlope_Mod
All features,XGBoost,2,cat__LandSlope_Sev
All features,XGBoost,2,cat__Neighborhood_Blmngtn
All features,XGBoost,2,cat__Neighborhood_Blueste
All features,XGBoost,2,cat__Neighborhood_BrDale
All features,XGBoost,2,cat__Neighborhood_BrkSide
All features,XGBoost,2,cat__Neighborhood_ClearCr
All features,XGBoost,2,cat__Neighborhood_CollgCr
All features,XGBoost,2,cat__Neighborhood_Crawfor
All features,XGBoost,2,cat__Neighborhood_Edwards
All features,XGBoost,2,cat__Neighborhood_Gilbert
All features,XGBoost,2,cat__Neighborhood_IDOTRR
All features,XGBoost,2,cat__Neighborhood_MeadowV
All features,XGBoost,2,cat__Neighborhood_Mitchel
All features,XGBoost,2,cat__Neighborhood_NAmes
All features,XGBoost,2,cat__Neighborhood_NPkVill
All features,XGBoost,2,cat__Neighborhood_NWAmes
All features,XGBoost,2,cat__Neighborhood_NoRidge
All features,XGBoost,2,cat__Neighborhood_NridgHt
All features,XGBoost,2,cat__Neighborhood_OldTown
All features,XGBoost,2,cat__Neighborhood_SWISU
All features,XGBoost,2,cat__Neighborhood_Sawyer
All features,XGBoost,2,cat__Neighborhood_SawyerW
All features,XGBoost,2,cat__Neighborhood_Somerst
All features,XGBoost,2,cat__Neighborhood_StoneBr
All features,XGBoost,2,cat__Neighborhood_Timber
All features,XGBoost,2,cat__Neighborhood_Veenker
All features,XGBoost,2,cat__Condition1_Artery
All features,XGBoost,2,cat__Condition1_Feedr
All features,XGBoost,2,cat__Condition1_Norm
All features,XGBoost,2,cat__Condition1_PosA
All features,XGBoost,2,cat__Condition1_PosN
All features,XGBoost,2,cat__Condition1_RRAe
All features,XGBoost,2,cat__Condition1_RRAn
All features,XGBoost,2,cat__Condition1_RRNe
All features,XGBoost,2,cat__Condition1_RRNn
All features,XGBoost,2,cat__BldgType_1Fam
All features,XGBoost,2,cat__BldgType_2fmCon
All features,XGBoost,2,cat__BldgType_Duplex
All features,XGBoost,2,cat__BldgType_Twnhs
All features,XGBoost,2,cat__BldgType_TwnhsE
All features,XGBoost,2,cat__HouseStyle_1.5Fin
All features,XGBoost,2,cat__HouseStyle_1.5Unf
All features,XGBoost,2,cat__HouseStyle_1Story
All features,XGBoost,2,cat__HouseStyle_2.5Fin
All features,XGBoost,2,cat__HouseStyle_2.5Unf
All features,XGBoost,2,cat__HouseStyle_2Story
All features,XGBoost,2,cat__HouseStyle_SFoyer
All features,XGBoost,2,cat__HouseStyle_SLvl
All features,XGBoost,2,cat__RoofStyle_Flat
All features,XGBoost,2,cat__RoofStyle_Gable
All features,XGBoost,2,cat__RoofStyle_Gambrel
All features,XGBoost,2,cat__RoofStyle_Hip
All features,XGBoost,2,cat__RoofStyle_Mansard
All features,XGBoost,2,cat__RoofStyle_Shed
All features,XGBoost,2,cat__RoofMatl_CompShg
All features,XGBoost,2,cat__RoofMatl_Membran
All features,XGBoost,2,cat__RoofMatl_Metal
All features,XGBoost,2,cat__RoofMatl_Roll
All features,XGBoost,2,cat__RoofMatl_Tar&Grv
All features,XGBoost,2,cat__RoofMatl_WdShake
All features,XGBoost,2,cat__RoofMatl_WdShngl
All features,XGBoost,2,cat__Exterior1st_AsbShng
All features,XGBoost,2,cat__Exterior1st_AsphShn
All features,XGBoost,2,cat__Exterior1st_BrkComm
All features,XGBoost,2,cat__Exterior1st_BrkFace
All features,XGBoost,2,cat__Exterior1st_CBlock
All features,XGBoost,2,cat__Exterior1st_CemntBd
All features,XGBoost,2,cat__Exterior1st_HdBoard
All features,XGBoost,2,cat__Exterior1st_MetalSd
All features,XGBoost,2,cat__Exterior1st_Plywood
All features,XGBoost,2,cat__Exterior1st_Stone
All features,XGBoost,2,cat__Exterior1st_Stucco
All features,XGBoost,2,cat__Exterior1st_VinylSd
All features,XGBoost,2,cat__Exterior1st_Wd Sdng
All features,XGBoost,2,cat__Exterior1st_WdShing
All features,XGBoost,2,cat__Exterior2nd_AsbShng
All features,XGBoost,2,cat__Exterior2nd_AsphShn
All features,XGBoost,2,cat__Exterior2nd_Brk Cmn
All features,XGBoost,2,cat__Exterior2nd_BrkFace
All features,XGBoost,2,cat__Exterior2nd_CBlock
All features,XGBoost,2,cat__Exterior2nd_CmentBd
All features,XGBoost,2,cat__Exterior2nd_HdBoard
All features,XGBoost,2,cat__Exterior2nd_ImStucc
All features,XGBoost,2,cat__Exterior2nd_MetalSd
All features,XGBoost,2,cat__Exterior2nd_Other
All features,XGBoost,2,cat__Exterior2nd_Plywood
All features,XGBoost,2,cat__Exterior2nd_Stone
All features,XGBoost,2,cat__Exterior2nd_Stucco
All features,XGBoost,2,cat__Exterior2nd_VinylSd
All features,XGBoost,2,cat__Exterior2nd_Wd Sdng
All features,XGBoost,2,cat__Exterior2nd_Wd Shng
All features,XGBoost,2,cat__MasVnrType_BrkCmn
All features,XGBoost,2,cat__MasVnrType_BrkFace
All features,XGBoost,2,cat__MasVnrType_None
All features,XGBoost,2,cat__MasVnrType_Stone
All features,XGBoost,2,cat__ExterQual_Ex
All features,XGBoost,2,cat__ExterQual_Fa
All features,XGBoost,2,cat__ExterQual_Gd
All features,XGBoost,2,cat__ExterQual_TA
All features,XGBoost,2,cat__ExterCond_Ex
All features,XGBoost,2,cat__ExterCond_Fa
All features,XGBoost,2,cat__ExterCond_Gd
All features,XGBoost,2,cat__ExterCond_Po
All features,XGBoost,2,cat__ExterCond_TA
All features,XGBoost,2,cat__Foundation_BrkTil
All features,XGBoost,2,cat__Foundation_CBlock
All features,XGBoost,2,cat__Foundation_PConc
All features,XGBoost,2,cat__Foundation_Slab
All features,XGBoost,2,cat__Foundation_Stone
All features,XGBoost,2,cat__Foundation_Wood
All features,XGBoost,2,cat__BsmtQual_Ex
All features,XGBoost,2,cat__BsmtQual_Fa
All features,XGBoost,2,cat__BsmtQual_Gd
All features,XGBoost,2,cat__BsmtQual_None
All features,XGBoost,2,cat__BsmtQual_TA
All features,XGBoost,2,cat__BsmtCond_Fa
All features,XGBoost,2,cat__BsmtCond_Gd
All features,XGBoost,2,cat__BsmtCond_None
All features,XGBoost,2,cat__BsmtCond_Po
All features,XGBoost,2,cat__BsmtCond_TA
All features,XGBoost,2,cat__BsmtExposure_Av
All features,XGBoost,2,cat__BsmtExposure_Gd
All features,XGBoost,2,cat__BsmtExposure_Mn
All features,XGBoost,2,cat__BsmtExposure_No
All features,XGBoost,2,cat__BsmtExposure_None
All features,XGBoost,2,cat__BsmtFinType1_ALQ
All features,XGBoost,2,cat__BsmtFinType1_BLQ
All features,XGBoost,2,cat__BsmtFinType1_GLQ
All features,XGBoost,2,cat__BsmtFinType1_LwQ
All features,XGBoost,2,cat__BsmtFinType1_None
All features,XGBoost,2,cat__BsmtFinType1_Rec
All features,XGBoost,2,cat__BsmtFinType1_Unf
All features,XGBoost,2,cat__BsmtFinType2_ALQ
All features,XGBoost,2,cat__BsmtFinType2_BLQ
All features,XGBoost,2,cat__BsmtFinType2_GLQ
All features,XGBoost,2,cat__BsmtFinType2_LwQ
All features,XGBoost,2,cat__BsmtFinType2_None
All features,XGBoost,2,cat__BsmtFinType2_Rec
All features,XGBoost,2,cat__BsmtFinType2_Unf
All features,XGBoost,2,cat__Heating_Floor
All features,XGBoost,2,cat__Heating_GasA
All features,XGBoost,2,cat__Heating_GasW
All features,XGBoost,2,cat__Heating_Grav
All features,XGBoost,2,cat__Heating_OthW
All features,XGBoost,2,cat__Heating_Wall
All features,XGBoost,2,cat__HeatingQC_Ex
All features,XGBoost,2,cat__HeatingQC_Fa
All features,XGBoost,2,cat__HeatingQC_Gd
All features,XGBoost,2,cat__HeatingQC_TA
All features,XGBoost,2,cat__CentralAir_N
All features,XGBoost,2,cat__CentralAir_Y
All features,XGBoost,2,cat__Electrical_FuseA
All features,XGBoost,2,cat__Electrical_FuseF
All features,XGBoost,2,cat__Electrical_FuseP
All features,XGBoost,2,cat__Electrical_Mix
All features,XGBoost,2,cat__Electrical_SBrkr
All features,XGBoost,2,cat__KitchenQual_Ex
All features,XGBoost,2,cat__KitchenQual_Fa
All features,XGBoost,2,cat__KitchenQual_Gd
All features,XGBoost,2,cat__KitchenQual_TA
All features,XGBoost,2,cat__Functional_Maj1
All features,XGBoost,2,cat__Functional_Maj2
All features,XGBoost,2,cat__Functional_Min1
All features,XGBoost,2,cat__Functional_Min2
All features,XGBoost,2,cat__Functional_Mod
All features,XGBoost,2,cat__Functional_Sev
All features,XGBoost,2,cat__Functional_Typ
All features,XGBoost,2,cat__FireplaceQu_Ex
All features,XGBoost,2,cat__FireplaceQu_Fa
All features,XGBoost,2,cat__FireplaceQu_Gd
All features,XGBoost,2,cat__FireplaceQu_None
All features,XGBoost,2,cat__FireplaceQu_Po
All features,XGBoost,2,cat__FireplaceQu_TA
All features,XGBoost,2,cat__GarageType_2Types
All features,XGBoost,2,cat__GarageType_Attchd
All features,XGBoost,2,cat__GarageType_Basment
All features,XGBoost,2,cat__GarageType_BuiltIn
All features,XGBoost,2,cat__GarageType_CarPort
All features,XGBoost,2,cat__GarageType_Detchd
All features,XGBoost,2,cat__GarageType_None
All features,XGBoost,2,cat__GarageFinish_Fin
All features,XGBoost,2,cat__GarageFinish_None
All features,XGBoost,2,cat__GarageFinish_RFn
All features,XGBoost,2,cat__GarageFinish_Unf
All features,XGBoost,2,cat__GarageQual_Ex
All features,XGBoost,2,cat__GarageQual_Fa
All features,XGBoost,2,cat__GarageQual_Gd
All features,XGBoost,2,cat__GarageQual_None
All features,XGBoost,2,cat__GarageQual_Po
All features,XGBoost,2,cat__GarageQual_TA
All features,XGBoost,2,cat__GarageCond_Ex
All features,XGBoost,2,cat__GarageCond_Fa
All features,XGBoost,2,cat__GarageCond_Gd
All features,XGBoost,2,cat__GarageCond_None
All features,XGBoost,2,cat__GarageCond_Po
All features,XGBoost,2,cat__GarageCond_TA
All features,XGBoost,2,cat__PavedDrive_N
All features,XGBoost,2,cat__PavedDrive_P
All features,XGBoost,2,cat__PavedDrive_Y
All features,XGBoost,2,cat__Fence_GdPrv
All features,XGBoost,2,cat__Fence_GdWo
All features,XGBoost,2,cat__Fence_MnPrv
All features,XGBoost,2,cat__Fence_MnWw
All features,XGBoost,2,cat__Fence_None
All features,XGBoost,2,cat__MiscFeature_Gar2
All features,XGBoost,2,cat__MiscFeature_None
All features,XGBoost,2,cat__MiscFeature_Shed
All features,XGBoost,2,cat__MiscFeature_TenC
All features,XGBoost,2,cat__MoSold_1
All features,XGBoost,2,cat__MoSold_10
All features,XGBoost,2,cat__MoSold_11
All features,XGBoost,2,cat__MoSold_12
All features,XGBoost,2,cat__MoSold_2
All features,XGBoost,2,cat__MoSold_3
All features,XGBoost,2,cat__MoSold_4
All features,XGBoost,2,cat__MoSold_5
All features,XGBoost,2,cat__MoSold_6
All features,XGBoost,2,cat__MoSold_7
All features,XGBoost,2,cat__MoSold_8
All features,XGBoost,2,cat__MoSold_9
All features,XGBoost,2,cat__YrSold_2006
All features,XGBoost,2,cat__YrSold_2007
All features,XGBoost,2,cat__YrSold_2008
All features,XGBoost,2,cat__YrSold_2009
All features,XGBoost,2,cat__YrSold_2010
All features,XGBoost,2,cat__SaleType_COD
All features,XGBoost,2,cat__SaleType_CWD
All features,XGBoost,2,cat__SaleType_Con
All features,XGBoost,2,cat__SaleType_ConLD
All features,XGBoost,2,cat__SaleType_ConLI
All features,XGBoost,2,cat__SaleType_ConLw
All features,XGBoost,2,cat__SaleType_New
All features,XGBoost,2,cat__SaleType_Oth
All features,XGBoost,2,cat__SaleType_WD
All features,XGBoost,2,cat__SaleCondition_Abnorml
All features,XGBoost,2,cat__SaleCondition_AdjLand
All features,XGBoost,2,cat__SaleCondition_Alloca
All features,XGBoost,2,cat__SaleCondition_Family
All features,XGBoost,2,cat__SaleCondition_Normal
All features,XGBoost,2,cat__SaleCondition_Partial
All features,XGBoost,3,num__LotFrontage
All features,XGBoost,3,num__LotArea
All features,XGBoost,3,num__OverallQual
All features,XGBoost,3,num__OverallCond
All features,XGBoost,3,num__YearBuilt
All features,XGBoost,3,num__YearRemodAdd
All features,XGBoost,3,num__MasVnrArea
All features,XGBoost,3,num__BsmtFinSF1
All features,XGBoost,3,num__BsmtFinSF2
All features,XGBoost,3,num__BsmtUnfSF
All features,XGBoost,3,num__TotalBsmtSF
All features,XGBoost,3,num__1stFlrSF
All features,XGBoost,3,num__2ndFlrSF
All features,XGBoost,3,num__LowQualFinSF
All features,XGBoost,3,num__GrLivArea
All features,XGBoost,3,num__BsmtFullBath
All features,XGBoost,3,num__BsmtHalfBath
All features,XGBoost,3,num__FullBath
All features,XGBoost,3,num__HalfBath
All features,XGBoost,3,num__BedroomAbvGr
All features,XGBoost,3,num__KitchenAbvGr
All features,XGBoost,3,num__TotRmsAbvGrd
All features,XGBoost,3,num__Fireplaces
All features,XGBoost,3,num__GarageYrBlt
All features,XGBoost,3,num__GarageCars
All features,XGBoost,3,num__GarageArea
All features,XGBoost,3,num__WoodDeckSF
All features,XGBoost,3,num__OpenPorchSF
All features,XGBoost,3,num__EnclosedPorch
All features,XGBoost,3,num__3SsnPorch
All features,XGBoost,3,num__ScreenPorch
All features,XGBoost,3,num__MiscVal
All features,XGBoost,3,cat__MSSubClass_120
All features,XGBoost,3,cat__MSSubClass_160
All features,XGBoost,3,cat__MSSubClass_180
All features,XGBoost,3,cat__MSSubClass_190
All features,XGBoost,3,cat__MSSubClass_20
All features,XGBoost,3,cat__MSSubClass_30
All features,XGBoost,3,cat__MSSubClass_40
All features,XGBoost,3,cat__MSSubClass_45
All features,XGBoost,3,cat__MSSubClass_50
All features,XGBoost,3,cat__MSSubClass_60
All features,XGBoost,3,cat__MSSubClass_70
All features,XGBoost,3,cat__MSSubClass_75
All features,XGBoost,3,cat__MSSubClass_80
All features,XGBoost,3,cat__MSSubClass_85
All features,XGBoost,3,cat__MSSubClass_90
All features,XGBoost,3,cat__MSZoning_C (all)
All features,XGBoost,3,cat__MSZoning_FV
All features,XGBoost,3,cat__MSZoning_RH
All features,XGBoost,3,cat__MSZoning_RL
All features,XGBoost,3,cat__MSZoning_RM
All features,XGBoost,3,cat__Alley_Grvl
All features,XGBoost,3,cat__Alley_None
All features,XGBoost,3,cat__Alley_Pave
All features,XGBoost,3,cat__LotShape_IR1
All features,XGBoost,3,cat__LotShape_IR2
All features,XGBoost,3,cat__LotShape_IR3
All features,XGBoost,3,cat__LotShape_Reg
All features,XGBoost,3,cat__LandContour_Bnk
All features,XGBoost,3,cat__LandContour_HLS
All features,XGBoost,3,cat__LandContour_Low
All features,XGBoost,3,cat__LandContour_Lvl
All features,XGBoost,3,cat__LotConfig_Corner
All features,XGBoost,3,cat__LotConfig_CulDSac
All features,XGBoost,3,cat__LotConfig_FR2
All features,XGBoost,3,cat__LotConfig_FR3
All features,XGBoost,3,cat__LotConfig_Inside
All features,XGBoost,3,cat__LandSlope_Gtl
All features,XGBoost,3,cat__LandSlope_Mod
All features,XGBoost,3,cat__LandSlope_Sev
All features,XGBoost,3,cat__Neighborhood_Blmngtn
All features,XGBoost,3,cat__Neighborhood_Blueste
All features,XGBoost,3,cat__Neighborhood_BrDale
All features,XGBoost,3,cat__Neighborhood_BrkSide
All features,XGBoost,3,cat__Neighborhood_ClearCr
All features,XGBoost,3,cat__Neighborhood_CollgCr
All features,XGBoost,3,cat__Neighborhood_Crawfor
All features,XGBoost,3,cat__Neighborhood_Edwards
All features,XGBoost,3,cat__Neighborhood_Gilbert
All features,XGBoost,3,cat__Neighborhood_IDOTRR
All features,XGBoost,3,cat__Neighborhood_MeadowV
All features,XGBoost,3,cat__Neighborhood_Mitchel
All features,XGBoost,3,cat__Neighborhood_NAmes
All features,XGBoost,3,cat__Neighborhood_NPkVill
All features,XGBoost,3,cat__Neighborhood_NWAmes
All features,XGBoost,3,cat__Neighborhood_NoRidge
All features,XGBoost,3,cat__Neighborhood_NridgHt
All features,XGBoost,3,cat__Neighborhood_OldTown
All features,XGBoost,3,cat__Neighborhood_SWISU
All features,XGBoost,3,cat__Neighborhood_Sawyer
All features,XGBoost,3,cat__Neighborhood_SawyerW
All features,XGBoost,3,cat__Neighborhood_Somerst
All features,XGBoost,3,cat__Neighborhood_StoneBr
All features,XGBoost,3,cat__Neighborhood_Timber
All features,XGBoost,3,cat__Neighborhood_Veenker
All features,XGBoost,3,cat__Condition1_Artery
All features,XGBoost,3,cat__Condition1_Feedr
All features,XGBoost,3,cat__Condition1_Norm
All features,XGBoost,3,cat__Condition1_PosA
All features,XGBoost,3,cat__Condition1_PosN
All features,XGBoost,3,cat__Condition1_RRAe
All features,XGBoost,3,cat__Condition1_RRAn
All features,XGBoost,3,cat__Condition1_RRNe
All features,XGBoost,3,cat__Condition1_RRNn
All features,XGBoost,3,cat__BldgType_1Fam
All features,XGBoost,3,cat__BldgType_2fmCon
All features,XGBoost,3,cat__BldgType_Duplex
All features,XGBoost,3,cat__BldgType_Twnhs
All features,XGBoost,3,cat__BldgType_TwnhsE
All features,XGBoost,3,cat__HouseStyle_1.5Fin
All features,XGBoost,3,cat__HouseStyle_1.5Unf
All features,XGBoost,3,cat__HouseStyle_1Story
All features,XGBoost,3,cat__HouseStyle_2.5Fin
All features,XGBoost,3,cat__HouseStyle_2.5Unf
All features,XGBoost,3,cat__HouseStyle_2Story
All features,XGBoost,3,cat__HouseStyle_SFoyer
All features,XGBoost,3,cat__HouseStyle_SLvl
All features,XGBoost,3,cat__RoofStyle_Flat
All features,XGBoost,3,cat__RoofStyle_Gable
All features,XGBoost,3,cat__RoofStyle_Gambrel
All features,XGBoost,3,cat__RoofStyle_Hip
All features,XGBoost,3,cat__RoofStyle_Mansard
All features,XGBoost,3,cat__RoofMatl_CompShg
All features,XGBoost,3,cat__RoofMatl_Membran
All features,XGBoost,3,cat__RoofMatl_Roll
All features,XGBoost,3,cat__RoofMatl_Tar&Grv
All features,XGBoost,3,cat__RoofMatl_WdShake
All features,XGBoost,3,cat__RoofMatl_WdShngl
All features,XGBoost,3,cat__Exterior1st_AsbShng
All features,XGBoost,3,cat__Exterior1st_AsphShn
All features,XGBoost,3,cat__Exterior1st_BrkComm
All features,XGBoost,3,cat__Exterior1st_BrkFace
All features,XGBoost,3,cat__Exterior1st_CBlock
All features,XGBoost,3,cat__Exterior1st_CemntBd
All features,XGBoost,3,cat__Exterior1st_HdBoard
All features,XGBoost,3,cat__Exterior1st_ImStucc
All features,XGBoost,3,cat__Exterior1st_MetalSd
All features,XGBoost,3,cat__Exterior1st_Plywood
All features,XGBoost,3,cat__Exterior1st_Stone
All features,XGBoost,3,cat__Exterior1st_Stucco
All features,XGBoost,3,cat__Exterior1st_VinylSd
All features,XGBoost,3,cat__Exterior1st_Wd Sdng
All features,XGBoost,3,cat__Exterior1st_WdShing
All features,XGBoost,3,cat__Exterior2nd_AsbShng
All features,XGBoost,3,cat__Exterior2nd_AsphShn
All features,XGBoost,3,cat__Exterior2nd_Brk Cmn
All features,XGBoost,3,cat__Exterior2nd_BrkFace
All features,XGBoost,3,cat__Exterior2nd_CBlock
All features,XGBoost,3,cat__Exterior2nd_CmentBd
All features,XGBoost,3,cat__Exterior2nd_HdBoard
All features,XGBoost,3,cat__Exterior2nd_ImStucc
All features,XGBoost,3,cat__Exterior2nd_MetalSd
All features,XGBoost,3,cat__Exterior2nd_Other
All features,XGBoost,3,cat__Exterior2nd_Plywood
All features,XGBoost,3,cat__Exterior2nd_Stone
All features,XGBoost,3,cat__Exterior2nd_Stucco
All features,XGBoost,3,cat__Exterior2nd_VinylSd
All features,XGBoost,3,cat__Exterior2nd_Wd Sdng
All features,XGBoost,3,cat__Exterior2nd_Wd Shng
All features,XGBoost,3,cat__MasVnrType_BrkCmn
All features,XGBoost,3,cat__MasVnrType_BrkFace
All features,XGBoost,3,cat__MasVnrType_None
All features,XGBoost,3,cat__MasVnrType_Stone
All features,XGBoost,3,cat__ExterQual_Ex
All features,XGBoost,3,cat__ExterQual_Fa
All features,XGBoost,3,cat__ExterQual_Gd
All features,XGBoost,3,cat__ExterQual_TA
All features,XGBoost,3,cat__ExterCond_Ex
All features,XGBoost,3,cat__ExterCond_Fa
All features,XGBoost,3,cat__ExterCond_Gd
All features,XGBoost,3,cat__ExterCond_TA
All features,XGBoost,3,cat__Foundation_BrkTil
All features,XGBoost,3,cat__Foundation_CBlock
All features,XGBoost,3,cat__Foundation_PConc
All features,XGBoost,3,cat__Foundation_Slab
All features,XGBoost,3,cat__Foundation_Stone
All features,XGBoost,3,cat__Foundation_Wood
All features,XGBoost,3,cat__BsmtQual_Ex
All features,XGBoost,3,cat__BsmtQual_Fa
All features,XGBoost,3,cat__BsmtQual_Gd
All features,XGBoost,3,cat__BsmtQual_None
All features,XGBoost,3,cat__BsmtQual_TA
All features,XGBoost,3,cat__BsmtCond_Fa
All features,XGBoost,3,cat__BsmtCond_Gd
All features,XGBoost,3,cat__BsmtCond_None
All features,XGBoost,3,cat__BsmtCond_Po
All features,XGBoost,3,cat__BsmtCond_TA
All features,XGBoost,3,cat__BsmtExposure_Av
All features,XGBoost,3,cat__BsmtExposure_Gd
All features,XGBoost,3,cat__BsmtExposure_Mn
All features,XGBoost,3,cat__BsmtExposure_No
All features,XGBoost,3,cat__BsmtExposure_None
All features,XGBoost,3,cat__BsmtFinType1_ALQ
All features,XGBoost,3,cat__BsmtFinType1_BLQ
All features,XGBoost,3,cat__BsmtFinType1_GLQ
All features,XGBoost,3,cat__BsmtFinType1_LwQ
All features,XGBoost,3,cat__BsmtFinType1_None
All features,XGBoost,3,cat__BsmtFinType1_Rec
All features,XGBoost,3,cat__BsmtFinType1_Unf
All features,XGBoost,3,cat__BsmtFinType2_ALQ
All features,XGBoost,3,cat__BsmtFinType2_BLQ
All features,XGBoost,3,cat__BsmtFinType2_GLQ
All features,XGBoost,3,cat__BsmtFinType2_LwQ
All features,XGBoost,3,cat__BsmtFinType2_None
All features,XGBoost,3,cat__BsmtFinType2_Rec
All features,XGBoost,3,cat__BsmtFinType2_Unf
All features,XGBoost,3,cat__Heating_Floor
All features,XGBoost,3,cat__Heating_GasA
All features,XGBoost,3,cat__Heating_GasW
All features,XGBoost,3,cat__Heating_Grav
All features,XGBoost,3,cat__Heating_OthW
All features,XGBoost,3,cat__Heating_Wall
All features,XGBoost,3,cat__HeatingQC_Ex
All features,XGBoost,3,cat__HeatingQC_Fa
All features,XGBoost,3,cat__HeatingQC_Gd
All features,XGBoost,3,cat__HeatingQC_Po
All features,XGBoost,3,cat__HeatingQC_TA
All features,XGBoost,3,cat__CentralAir_N
All features,XGBoost,3,cat__CentralAir_Y
All features,XGBoost,3,cat__Electrical_FuseA
All features,XGBoost,3,cat__Electrical_FuseF
All features,XGBoost,3,cat__Electrical_FuseP
All features,XGBoost,3,cat__Electrical_Mix
All features,XGBoost,3,cat__Electrical_SBrkr
All features,XGBoost,3,cat__KitchenQual_Ex
All features,XGBoost,3,cat__KitchenQual_Fa
All features,XGBoost,3,cat__KitchenQual_Gd
All features,XGBoost,3,cat__KitchenQual_TA
All features,XGBoost,3,cat__Functional_Maj1
All features,XGBoost,3,cat__Functional_Maj2
All features,XGBoost,3,cat__Functional_Min1
All features,XGBoost,3,cat__Functional_Min2
All features,XGBoost,3,cat__Functional_Mod
All features,XGBoost,3,cat__Functional_Typ
All features,XGBoost,3,cat__FireplaceQu_Ex
All features,XGBoost,3,cat__FireplaceQu_Fa
All features,XGBoost,3,cat__FireplaceQu_Gd
All features,XGBoost,3,cat__FireplaceQu_None
All features,XGBoost,3,cat__FireplaceQu_Po
All features,XGBoost,3,cat__FireplaceQu_TA
All features,XGBoost,3,cat__GarageType_2Types
All features,XGBoost,3,cat__GarageType_Attchd
All features,XGBoost,3,cat__GarageType_Basment
All features,XGBoost,3,cat__GarageType_BuiltIn
All features,XGBoost,3,cat__GarageType_CarPort
All features,XGBoost,3,cat__GarageType_Detchd
All features,XGBoost,3,cat__GarageType_None
All features,XGBoost,3,cat__GarageFinish_Fin
All features,XGBoost,3,cat__GarageFinish_None
All features,XGBoost,3,cat__GarageFinish_RFn
All features,XGBoost,3,cat__GarageFinish_Unf
All features,XGBoost,3,cat__GarageQual_Ex
All features,XGBoost,3,cat__GarageQual_Fa
All features,XGBoost,3,cat__GarageQual_Gd
All features,XGBoost,3,cat__GarageQual_None
All features,XGBoost,3,cat__GarageQual_Po
All features,XGBoost,3,cat__GarageQual_TA
All features,XGBoost,3,cat__GarageCond_Ex
All features,XGBoost,3,cat__GarageCond_Fa
All features,XGBoost,3,cat__GarageCond_Gd
All features,XGBoost,3,cat__GarageCond_None
All features,XGBoost,3,cat__GarageCond_Po
All features,XGBoost,3,cat__GarageCond_TA
All features,XGBoost,3,cat__PavedDrive_N
All features,XGBoost,3,cat__PavedDrive_P
All features,XGBoost,3,cat__PavedDrive_Y
All features,XGBoost,3,cat__Fence_GdPrv
All features,XGBoost,3,cat__Fence_GdWo
All features,XGBoost,3,cat__Fence_MnPrv
All features,XGBoost,3,cat__Fence_MnWw
All features,XGBoost,3,cat__Fence_None
All features,XGBoost,3,cat__MiscFeature_Gar2
All features,XGBoost,3,cat__MiscFeature_None
All features,XGBoost,3,cat__MiscFeature_Othr
All features,XGBoost,3,cat__MiscFeature_Shed
All features,XGBoost,3,cat__MiscFeature_TenC
All features,XGBoost,3,cat__MoSold_1
All features,XGBoost,3,cat__MoSold_10
All features,XGBoost,3,cat__MoSold_11
All features,XGBoost,3,cat__MoSold_12
All features,XGBoost,3,cat__MoSold_2
All features,XGBoost,3,cat__MoSold_3
All features,XGBoost,3,cat__MoSold_4
All features,XGBoost,3,cat__MoSold_5
All features,XGBoost,3,cat__MoSold_6
All features,XGBoost,3,cat__MoSold_7
All features,XGBoost,3,cat__MoSold_8
All features,XGBoost,3,cat__MoSold_9
All features,XGBoost,3,cat__YrSold_2006
All features,XGBoost,3,cat__YrSold_2007
All features,XGBoost,3,cat__YrSold_2008
All features,XGBoost,3,cat__YrSold_2009
All features,XGBoost,3,cat__YrSold_2010
All features,XGBoost,3,cat__SaleType_COD
All features,XGBoost,3,cat__SaleType_CWD
All features,XGBoost,3,cat__SaleType_Con
All features,XGBoost,3,cat__SaleType_ConLD
All features,XGBoost,3,cat__SaleType_ConLI
All features,XGBoost,3,cat__SaleType_ConLw
All features,XGBoost,3,cat__SaleType_New
All features,XGBoost,3,cat__SaleType_Oth
All features,XGBoost,3,cat__SaleType_WD
All features,XGBoost,3,cat__SaleCondition_Abnorml
All features,XGBoost,3,cat__SaleCondition_AdjLand
All features,XGBoost,3,cat__SaleCondition_Alloca
All features,XGBoost,3,cat__SaleCondition_Family
All features,XGBoost,3,cat__SaleCondition_Normal
All features,XGBoost,3,cat__SaleCondition_Partial
All features,XGBoost,4,num__LotFrontage
All features,XGBoost,4,num__LotArea
All features,XGBoost,4,num__OverallQual
All features,XGBoost,4,num__OverallCond
All features,XGBoost,4,num__YearBuilt
All features,XGBoost,4,num__YearRemodAdd
All features,XGBoost,4,num__MasVnrArea
All features,XGBoost,4,num__BsmtFinSF1
All features,XGBoost,4,num__BsmtFinSF2
All features,XGBoost,4,num__BsmtUnfSF
All features,XGBoost,4,num__TotalBsmtSF
All features,XGBoost,4,num__1stFlrSF
All features,XGBoost,4,num__2ndFlrSF
All features,XGBoost,4,num__LowQualFinSF
All features,XGBoost,4,num__GrLivArea
All features,XGBoost,4,num__BsmtFullBath
All features,XGBoost,4,num__BsmtHalfBath
All features,XGBoost,4,num__FullBath
All features,XGBoost,4,num__HalfBath
All features,XGBoost,4,num__BedroomAbvGr
All features,XGBoost,4,num__KitchenAbvGr
All features,XGBoost,4,num__TotRmsAbvGrd
All features,XGBoost,4,num__Fireplaces
All features,XGBoost,4,num__GarageYrBlt
All features,XGBoost,4,num__GarageCars
All features,XGBoost,4,num__GarageArea
All features,XGBoost,4,num__WoodDeckSF
All features,XGBoost,4,num__OpenPorchSF
All features,XGBoost,4,num__EnclosedPorch
All features,XGBoost,4,num__3SsnPorch
All features,XGBoost,4,num__ScreenPorch
All features,XGBoost,4,num__MiscVal
All features,XGBoost,4,cat__MSSubClass_120
All features,XGBoost,4,cat__MSSubClass_160
All features,XGBoost,4,cat__MSSubClass_180
All features,XGBoost,4,cat__MSSubClass_190
All features,XGBoost,4,cat__MSSubClass_20
All features,XGBoost,4,cat__MSSubClass_30
All features,XGBoost,4,cat__MSSubClass_40
All features,XGBoost,4,cat__MSSubClass_45
All features,XGBoost,4,cat__MSSubClass_50
All features,XGBoost,4,cat__MSSubClass_60
All features,XGBoost,4,cat__MSSubClass_70
All features,XGBoost,4,cat__MSSubClass_75
All features,XGBoost,4,cat__MSSubClass_80
All features,XGBoost,4,cat__MSSubClass_85
All features,XGBoost,4,cat__MSSubClass_90
All features,XGBoost,4,cat__MSZoning_C (all)
All features,XGBoost,4,cat__MSZoning_FV
All features,XGBoost,4,cat__MSZoning_RH
All features,XGBoost,4,cat__MSZoning_RL
All features,XGBoost,4,cat__MSZoning_RM
All features,XGBoost,4,cat__Alley_Grvl
All features,XGBoost,4,cat__Alley_None
All features,XGBoost,4,cat__Alley_Pave
All features,XGBoost,4,cat__LotShape_IR1
All features,XGBoost,4,cat__LotShape_IR2
All features,XGBoost,4,cat__LotShape_IR3
All features,XGBoost,4,cat__LotShape_Reg
All features,XGBoost,4,cat__LandContour_Bnk
All features,XGBoost,4,cat__LandContour_HLS
All features,XGBoost,4,cat__LandContour_Low
All features,XGBoost,4,cat__LandContour_Lvl
All features,XGBoost,4,cat__LotConfig_Corner
All features,XGBoost,4,cat__LotConfig_CulDSac
All features,XGBoost,4,cat__LotConfig_FR2
All features,XGBoost,4,cat__LotConfig_FR3
All features,XGBoost,4,cat__LotConfig_Inside
All features,XGBoost,4,cat__LandSlope_Gtl
All features,XGBoost,4,cat__LandSlope_Mod
All features,XGBoost,4,cat__LandSlope_Sev
All features,XGBoost,4,cat__Neighborhood_Blmngtn
All features,XGBoost,4,cat__Neighborhood_Blueste
All features,XGBoost,4,cat__Neighborhood_BrDale
All features,XGBoost,4,cat__Neighborhood_BrkSide
All features,XGBoost,4,cat__Neighborhood_ClearCr
All features,XGBoost,4,cat__Neighborhood_CollgCr
All features,XGBoost,4,cat__Neighborhood_Crawfor
All features,XGBoost,4,cat__Neighborhood_Edwards
All features,XGBoost,4,cat__Neighborhood_Gilbert
All features,XGBoost,4,cat__Neighborhood_IDOTRR
All features,XGBoost,4,cat__Neighborhood_MeadowV
All features,XGBoost,4,cat__Neighborhood_Mitchel
All features,XGBoost,4,cat__Neighborhood_NAmes
All features,XGBoost,4,cat__Neighborhood_NPkVill
All features,XGBoost,4,cat__Neighborhood_NWAmes
All features,XGBoost,4,cat__Neighborhood_NoRidge
All features,XGBoost,4,cat__Neighborhood_NridgHt
All features,XGBoost,4,cat__Neighborhood_OldTown
All features,XGBoost,4,cat__Neighborhood_SWISU
All features,XGBoost,4,cat__Neighborhood_Sawyer
All features,XGBoost,4,cat__Neighborhood_SawyerW
All features,XGBoost,4,cat__Neighborhood_Somerst
All features,XGBoost,4,cat__Neighborhood_StoneBr
All features,XGBoost,4,cat__Neighborhood_Timber
All features,XGBoost,4,cat__Neighborhood_Veenker
All features,XGBoost,4,cat__Condition1_Artery
All features,XGBoost,4,cat__Condition1_Feedr
All features,XGBoost,4,cat__Condition1_Norm
All features,XGBoost,4,cat__Condition1_PosA
All features,XGBoost,4,cat__Condition1_PosN
All features,XGBoost,4,cat__Condition1_RRAe
All features,XGBoost,4,cat__Condition1_RRAn
All features,XGBoost,4,cat__Condition1_RRNe
All features,XGBoost,4,cat__Condition1_RRNn
All features,XGBoost,4,cat__Condition2_Artery
All features,XGBoost,4,cat__Condition2_Feedr
All features,XGBoost,4,cat__Condition2_Norm
All features,XGBoost,4,cat__Condition2_PosA
All features,XGBoost,4,cat__Condition2_RRAe
All features,XGBoost,4,cat__Condition2_RRNn
All features,XGBoost,4,cat__BldgType_1Fam
All features,XGBoost,4,cat__BldgType_2fmCon
All features,XGBoost,4,cat__BldgType_Duplex
All features,XGBoost,4,cat__BldgType_Twnhs
All features,XGBoost,4,cat__BldgType_TwnhsE
All features,XGBoost,4,cat__HouseStyle_1.5Fin
All features,XGBoost,4,cat__HouseStyle_1.5Unf
All features,XGBoost,4,cat__HouseStyle_1Story
All features,XGBoost,4,cat__HouseStyle_2.5Fin
All features,XGBoost,4,cat__HouseStyle_2.5Unf
All features,XGBoost,4,cat__HouseStyle_2Story
All features,XGBoost,4,cat__HouseStyle_SFoyer
All features,XGBoost,4,cat__HouseStyle_SLvl
All features,XGBoost,4,cat__RoofStyle_Flat
All features,XGBoost,4,cat__RoofStyle_Gable
All features,XGBoost,4,cat__RoofStyle_Gambrel
All features,XGBoost,4,cat__RoofStyle_Hip
All features,XGBoost,4,cat__RoofStyle_Mansard
All features,XGBoost,4,cat__RoofStyle_Shed
All features,XGBoost,4,cat__RoofMatl_CompShg
All features,XGBoost,4,cat__RoofMatl_Membran
All features,XGBoost,4,cat__RoofMatl_Metal
All features,XGBoost,4,cat__RoofMatl_Roll
All features,XGBoost,4,cat__RoofMatl_Tar&Grv
All features,XGBoost,4,cat__RoofMatl_WdShake
All features,XGBoost,4,cat__RoofMatl_WdShngl
All features,XGBoost,4,cat__Exterior1st_AsbShng
All features,XGBoost,4,cat__Exterior1st_BrkComm
All features,XGBoost,4,cat__Exterior1st_BrkFace
All features,XGBoost,4,cat__Exterior1st_CemntBd
All features,XGBoost,4,cat__Exterior1st_HdBoard
All features,XGBoost,4,cat__Exterior1st_ImStucc
All features,XGBoost,4,cat__Exterior1st_MetalSd
All features,XGBoost,4,cat__Exterior1st_Plywood
All features,XGBoost,4,cat__Exterior1st_Stone
All features,XGBoost,4,cat__Exterior1st_Stucco
All features,XGBoost,4,cat__Exterior1st_VinylSd
All features,XGBoost,4,cat__Exterior1st_Wd Sdng
All features,XGBoost,4,cat__Exterior1st_WdShing
All features,XGBoost,4,cat__Exterior2nd_AsbShng
All features,XGBoost,4,cat__Exterior2nd_AsphShn
All features,XGBoost,4,cat__Exterior2nd_Brk Cmn
All features,XGBoost,4,cat__Exterior2nd_BrkFace
All features,XGBoost,4,cat__Exterior2nd_CmentBd
All features,XGBoost,4,cat__Exterior2nd_HdBoard
All features,XGBoost,4,cat__Exterior2nd_ImStucc
All features,XGBoost,4,cat__Exterior2nd_MetalSd
All features,XGBoost,4,cat__Exterior2nd_Plywood
All features,XGBoost,4,cat__Exterior2nd_Stone
All features,XGBoost,4,cat__Exterior2nd_Stucco
All features,XGBoost,4,cat__Exterior2nd_VinylSd
All features,XGBoost,4,cat__Exterior2nd_Wd Sdng
All features,XGBoost,4,cat__Exterior2nd_Wd Shng
All features,XGBoost,4,cat__MasVnrType_BrkCmn
All features,XGBoost,4,cat__MasVnrType_BrkFace
All features,XGBoost,4,cat__MasVnrType_None
All features,XGBoost,4,cat__MasVnrType_Stone
All features,XGBoost,4,cat__ExterQual_Ex
All features,XGBoost,4,cat__ExterQual_Fa
All features,XGBoost,4,cat__ExterQual_Gd
All features,XGBoost,4,cat__ExterQual_TA
All features,XGBoost,4,cat__ExterCond_Ex
All features,XGBoost,4,cat__ExterCond_Fa
All features,XGBoost,4,cat__ExterCond_Gd
All features,XGBoost,4,cat__ExterCond_Po
All features,XGBoost,4,cat__ExterCond_TA
All features,XGBoost,4,cat__Foundation_BrkTil
All features,XGBoost,4,cat__Foundation_CBlock
All features,XGBoost,4,cat__Foundation_PConc
All features,XGBoost,4,cat__Foundation_Slab
All features,XGBoost,4,cat__Foundation_Stone
All features,XGBoost,4,cat__Foundation_Wood
All features,XGBoost,4,cat__BsmtQual_Ex
All features,XGBoost,4,cat__BsmtQual_Fa
All features,XGBoost,4,cat__BsmtQual_Gd
All features,XGBoost,4,cat__BsmtQual_None
All features,XGBoost,4,cat__BsmtQual_TA
All features,XGBoost,4,cat__BsmtCond_Fa
All features,XGBoost,4,cat__BsmtCond_Gd
All features,XGBoost,4,cat__BsmtCond_None
All features,XGBoost,4,cat__BsmtCond_Po
All features,XGBoost,4,cat__BsmtCond_TA
All features,XGBoost,4,cat__BsmtExposure_Av
All features,XGBoost,4,cat__BsmtExposure_Gd
All features,XGBoost,4,cat__BsmtExposure_Mn
All features,XGBoost,4,cat__BsmtExposure_No
All features,XGBoost,4,cat__BsmtExposure_None
All features,XGBoost,4,cat__BsmtFinType1_ALQ
All features,XGBoost,4,cat__BsmtFinType1_BLQ
All features,XGBoost,4,cat__BsmtFinType1_GLQ
All features,XGBoost,4,cat__BsmtFinType1_LwQ
All features,XGBoost,4,cat__BsmtFinType1_None
All features,XGBoost,4,cat__BsmtFinType1_Rec
All features,XGBoost,4,cat__BsmtFinType1_Unf
All features,XGBoost,4,cat__BsmtFinType2_ALQ
All features,XGBoost,4,cat__BsmtFinType2_BLQ
All features,XGBoost,4,cat__BsmtFinType2_GLQ
All features,XGBoost,4,cat__BsmtFinType2_LwQ
All features,XGBoost,4,cat__BsmtFinType2_None
All features,XGBoost,4,cat__BsmtFinType2_Rec
All features,XGBoost,4,cat__BsmtFinType2_Unf
All features,XGBoost,4,cat__Heating_Floor
All features,XGBoost,4,cat__Heating_GasA
All features,XGBoost,4,cat__Heating_GasW
All features,XGBoost,4,cat__Heating_Grav
All features,XGBoost,4,cat__Heating_OthW
All features,XGBoost,4,cat__Heating_Wall
All features,XGBoost,4,cat__HeatingQC_Ex
All features,XGBoost,4,cat__HeatingQC_Fa
All features,XGBoost,4,cat__HeatingQC_Gd
All features,XGBoost,4,cat__HeatingQC_Po
All features,XGBoost,4,cat__HeatingQC_TA
All features,XGBoost,4,cat__CentralAir_N
All features,XGBoost,4,cat__CentralAir_Y
All features,XGBoost,4,cat__Electrical_FuseA
All features,XGBoost,4,cat__Electrical_FuseF
All features,XGBoost,4,cat__Electrical_FuseP
All features,XGBoost,4,cat__Electrical_Mix
All features,XGBoost,4,cat__Electrical_SBrkr
All features,XGBoost,4,cat__KitchenQual_Ex
All features,XGBoost,4,cat__KitchenQual_Fa
All features,XGBoost,4,cat__KitchenQual_Gd
All features,XGBoost,4,cat__KitchenQual_TA
All features,XGBoost,4,cat__Functional_Maj1
All features,XGBoost,4,cat__Functional_Maj2
All features,XGBoost,4,cat__Functional_Min1
All features,XGBoost,4,cat__Functional_Min2
All features,XGBoost,4,cat__Functional_Mod
All features,XGBoost,4,cat__Functional_Sev
All features,XGBoost,4,cat__Functional_Typ
All features,XGBoost,4,cat__FireplaceQu_Ex
All features,XGBoost,4,cat__FireplaceQu_Fa
All features,XGBoost,4,cat__FireplaceQu_Gd
All features,XGBoost,4,cat__FireplaceQu_None
All features,XGBoost,4,cat__FireplaceQu_Po
All features,XGBoost,4,cat__FireplaceQu_TA
All features,XGBoost,4,cat__GarageType_2Types
All features,XGBoost,4,cat__GarageType_Attchd
All features,XGBoost,4,cat__GarageType_Basment
All features,XGBoost,4,cat__GarageType_BuiltIn
All features,XGBoost,4,cat__GarageType_CarPort
All features,XGBoost,4,cat__GarageType_Detchd
All features,XGBoost,4,cat__GarageType_None
All features,XGBoost,4,cat__GarageFinish_Fin
All features,XGBoost,4,cat__GarageFinish_None
All features,XGBoost,4,cat__GarageFinish_RFn
All features,XGBoost,4,cat__GarageFinish_Unf
All features,XGBoost,4,cat__GarageQual_Fa
All features,XGBoost,4,cat__GarageQual_Gd
All features,XGBoost,4,cat__GarageQual_None
All features,XGBoost,4,cat__GarageQual_Po
All features,XGBoost,4,cat__GarageQual_TA
All features,XGBoost,4,cat__GarageCond_Fa
All features,XGBoost,4,cat__GarageCond_Gd
All features,XGBoost,4,cat__GarageCond_None
All features,XGBoost,4,cat__GarageCond_Po
All features,XGBoost,4,cat__GarageCond_TA
All features,XGBoost,4,cat__PavedDrive_N
All features,XGBoost,4,cat__PavedDrive_P
All features,XGBoost,4,cat__PavedDrive_Y
All features,XGBoost,4,cat__Fence_GdPrv
All features,XGBoost,4,cat__Fence_GdWo
All features,XGBoost,4,cat__Fence_MnPrv
All features,XGBoost,4,cat__Fence_MnWw
All features,XGBoost,4,cat__Fence_None
All features,XGBoost,4,cat__MiscFeature_Gar2
All features,XGBoost,4,cat__MiscFeature_None
All features,XGBoost,4,cat__MiscFeature_Othr
All features,XGBoost,4,cat__MiscFeature_Shed
All features,XGBoost,4,cat__MiscFeature_TenC
All features,XGBoost,4,cat__MoSold_1
All features,XGBoost,4,cat__MoSold_10
All features,XGBoost,4,cat__MoSold_11
All features,XGBoost,4,cat__MoSold_12
All features,XGBoost,4,cat__MoSold_2
All features,XGBoost,4,cat__MoSold_3
All features,XGBoost,4,cat__MoSold_4
All features,XGBoost,4,cat__MoSold_5
All features,XGBoost,4,cat__MoSold_6
All features,XGBoost,4,cat__MoSold_7
All features,XGBoost,4,cat__MoSold_8
All features,XGBoost,4,cat__MoSold_9
All features,XGBoost,4,cat__YrSold_2006
All features,XGBoost,4,cat__YrSold_2007
All features,XGBoost,4,cat__YrSold_2008
All features,XGBoost,4,cat__YrSold_2009
All features,XGBoost,4,cat__YrSold_2010
All features,XGBoost,4,cat__SaleType_COD
All features,XGBoost,4,cat__SaleType_CWD
All features,XGBoost,4,cat__SaleType_Con
All features,XGBoost,4,cat__SaleType_ConLD
All features,XGBoost,4,cat__SaleType_ConLI
All features,XGBoost,4,cat__SaleType_ConLw
All features,XGBoost,4,cat__SaleType_New
All features,XGBoost,4,cat__SaleType_Oth
All features,XGBoost,4,cat__SaleType_WD
All features,XGBoost,4,cat__SaleCondition_Abnorml
All features,XGBoost,4,cat__SaleCondition_AdjLand
All features,XGBoost,4,cat__SaleCondition_Alloca
All features,XGBoost,4,cat__SaleCondition_Family
All features,XGBoost,4,cat__SaleCondition_Normal
All features,XGBoost,4,cat__SaleCondition_Partial
All features,XGBoost,5,num__LotFrontage
All features,XGBoost,5,num__LotArea
All features,XGBoost,5,num__OverallQual
All features,XGBoost,5,num__OverallCond
All features,XGBoost,5,num__YearBuilt
All features,XGBoost,5,num__YearRemodAdd
All features,XGBoost,5,num__MasVnrArea
All features,XGBoost,5,num__BsmtFinSF1
All features,XGBoost,5,num__BsmtFinSF2
All features,XGBoost,5,num__BsmtUnfSF
All features,XGBoost,5,num__TotalBsmtSF
All features,XGBoost,5,num__1stFlrSF
All features,XGBoost,5,num__2ndFlrSF
All features,XGBoost,5,num__LowQualFinSF
All features,XGBoost,5,num__GrLivArea
All features,XGBoost,5,num__BsmtFullBath
All features,XGBoost,5,num__BsmtHalfBath
All features,XGBoost,5,num__FullBath
All features,XGBoost,5,num__HalfBath
All features,XGBoost,5,num__BedroomAbvGr
All features,XGBoost,5,num__KitchenAbvGr
All features,XGBoost,5,num__TotRmsAbvGrd
All features,XGBoost,5,num__Fireplaces
All features,XGBoost,5,num__GarageYrBlt
All features,XGBoost,5,num__GarageCars
All features,XGBoost,5,num__GarageArea
All features,XGBoost,5,num__WoodDeckSF
All features,XGBoost,5,num__OpenPorchSF
All features,XGBoost,5,num__EnclosedPorch
All features,XGBoost,5,num__3SsnPorch
All features,XGBoost,5,num__ScreenPorch
All features,XGBoost,5,num__MiscVal
All features,XGBoost,5,cat__MSSubClass_120
All features,XGBoost,5,cat__MSSubClass_160
All features,XGBoost,5,cat__MSSubClass_180
All features,XGBoost,5,cat__MSSubClass_190
All features,XGBoost,5,cat__MSSubClass_20
All features,XGBoost,5,cat__MSSubClass_30
All features,XGBoost,5,cat__MSSubClass_40
All features,XGBoost,5,cat__MSSubClass_45
All features,XGBoost,5,cat__MSSubClass_50
All features,XGBoost,5,cat__MSSubClass_60
All features,XGBoost,5,cat__MSSubClass_70
All features,XGBoost,5,cat__MSSubClass_75
All features,XGBoost,5,cat__MSSubClass_80
All features,XGBoost,5,cat__MSSubClass_85
All features,XGBoost,5,cat__MSSubClass_90
All features,XGBoost,5,cat__MSZoning_C (all)
All features,XGBoost,5,cat__MSZoning_FV
All features,XGBoost,5,cat__MSZoning_RH
All features,XGBoost,5,cat__MSZoning_RL
All features,XGBoost,5,cat__MSZoning_RM
All features,XGBoost,5,cat__Alley_Grvl
All features,XGBoost,5,cat__Alley_None
All features,XGBoost,5,cat__Alley_Pave
All features,XGBoost,5,cat__LotShape_IR1
All features,XGBoost,5,cat__LotShape_IR2
All features,XGBoost,5,cat__LotShape_IR3
All features,XGBoost,5,cat__LotShape_Reg
All features,XGBoost,5,cat__LandContour_Bnk
All features,XGBoost,5,cat__LandContour_HLS
All features,XGBoost,5,cat__LandContour_Low
All features,XGBoost,5,cat__LandContour_Lvl
All features,XGBoost,5,cat__LotConfig_Corner
All features,XGBoost,5,cat__LotConfig_CulDSac
All features,XGBoost,5,cat__LotConfig_FR2
All features,XGBoost,5,cat__LotConfig_FR3
All features,XGBoost,5,cat__LotConfig_Inside
All features,XGBoost,5,cat__LandSlope_Gtl
All features,XGBoost,5,cat__LandSlope_Mod
All features,XGBoost,5,cat__LandSlope_Sev
All features,XGBoost,5,cat__Neighborhood_Blmngtn
All features,XGBoost,5,cat__Neighborhood_Blueste
All features,XGBoost,5,cat__Neighborhood_BrDale
All features,XGBoost,5,cat__Neighborhood_BrkSide
All features,XGBoost,5,cat__Neighborhood_ClearCr
All features,XGBoost,5,cat__Neighborhood_CollgCr
All features,XGBoost,5,cat__Neighborhood_Crawfor
All features,XGBoost,5,cat__Neighborhood_Edwards
All features,XGBoost,5,cat__Neighborhood_Gilbert
All features,XGBoost,5,cat__Neighborhood_IDOTRR
All features,XGBoost,5,cat__Neighborhood_MeadowV
All features,XGBoost,5,cat__Neighborhood_Mitchel
All features,XGBoost,5,cat__Neighborhood_NAmes
All features,XGBoost,5,cat__Neighborhood_NPkVill
All features,XGBoost,5,cat__Neighborhood_NWAmes
All features,XGBoost,5,cat__Neighborhood_NoRidge
All features,XGBoost,5,cat__Neighborhood_NridgHt
All features,XGBoost,5,cat__Neighborhood_OldTown
All features,XGBoost,5,cat__Neighborhood_SWISU
All features,XGBoost,5,cat__Neighborhood_Sawyer
All features,XGBoost,5,cat__Neighborhood_SawyerW
All features,XGBoost,5,cat__Neighborhood_Somerst
All features,XGBoost,5,cat__Neighborhood_StoneBr
All features,XGBoost,5,cat__Neighborhood_Timber
All features,XGBoost,5,cat__Neighborhood_Veenker
All features,XGBoost,5,cat__Condition1_Artery
All features,XGBoost,5,cat__Condition1_Feedr
All features,XGBoost,5,cat__Condition1_Norm
All features,XGBoost,5,cat__Condition1_PosA
All features,XGBoost,5,cat__Condition1_PosN
All features,XGBoost,5,cat__Condition1_RRAe
All features,XGBoost,5,cat__Condition1_RRAn
All features,XGBoost,5,cat__Condition1_RRNe
All features,XGBoost,5,cat__Condition1_RRNn
All features,XGBoost,5,cat__Condition2_Artery
All features,XGBoost,5,cat__Condition2_Feedr
All features,XGBoost,5,cat__Condition2_Norm
All features,XGBoost,5,cat__Condition2_PosA
All features,XGBoost,5,cat__Condition2_PosN
All features,XGBoost,5,cat__Condition2_RRAe
All features,XGBoost,5,cat__Condition2_RRAn
All features,XGBoost,5,cat__Condition2_RRNn
All features,XGBoost,5,cat__BldgType_1Fam
All features,XGBoost,5,cat__BldgType_2fmCon
All features,XGBoost,5,cat__BldgType_Duplex
All features,XGBoost,5,cat__BldgType_Twnhs
All features,XGBoost,5,cat__BldgType_TwnhsE
All features,XGBoost,5,cat__HouseStyle_1.5Fin
All features,XGBoost,5,cat__HouseStyle_1.5Unf
All features,XGBoost,5,cat__HouseStyle_1Story
All features,XGBoost,5,cat__HouseStyle_2.5Fin
All features,XGBoost,5,cat__HouseStyle_2.5Unf
All features,XGBoost,5,cat__HouseStyle_2Story
All features,XGBoost,5,cat__HouseStyle_SFoyer
All features,XGBoost,5,cat__HouseStyle_SLvl
All features,XGBoost,5,cat__RoofStyle_Flat
All features,XGBoost,5,cat__RoofStyle_Gable
All features,XGBoost,5,cat__RoofStyle_Gambrel
All features,XGBoost,5,cat__RoofStyle_Hip
All features,XGBoost,5,cat__RoofStyle_Mansard
All features,XGBoost,5,cat__RoofStyle_Shed
All features,XGBoost,5,cat__RoofMatl_CompShg
All features,XGBoost,5,cat__RoofMatl_Membran
All features,XGBoost,5,cat__RoofMatl_Metal
All features,XGBoost,5,cat__RoofMatl_Tar&Grv
All features,XGBoost,5,cat__RoofMatl_WdShake
All features,XGBoost,5,cat__RoofMatl_WdShngl
All features,XGBoost,5,cat__Exterior1st_AsbShng
All features,XGBoost,5,cat__Exterior1st_AsphShn
All features,XGBoost,5,cat__Exterior1st_BrkComm
All features,XGBoost,5,cat__Exterior1st_BrkFace
All features,XGBoost,5,cat__Exterior1st_CBlock
All features,XGBoost,5,cat__Exterior1st_CemntBd
All features,XGBoost,5,cat__Exterior1st_HdBoard
All features,XGBoost,5,cat__Exterior1st_ImStucc
All features,XGBoost,5,cat__Exterior1st_MetalSd
All features,XGBoost,5,cat__Exterior1st_Plywood
All features,XGBoost,5,cat__Exterior1st_Stone
All features,XGBoost,5,cat__Exterior1st_Stucco
All features,XGBoost,5,cat__Exterior1st_VinylSd
All features,XGBoost,5,cat__Exterior1st_Wd Sdng
All features,XGBoost,5,cat__Exterior1st_WdShing
All features,XGBoost,5,cat__Exterior2nd_AsbShng
All features,XGBoost,5,cat__Exterior2nd_AsphShn
All features,XGBoost,5,cat__Exterior2nd_Brk Cmn
All features,XGBoost,5,cat__Exterior2nd_BrkFace
All features,XGBoost,5,cat__Exterior2nd_CBlock
All features,XGBoost,5,cat__Exterior2nd_CmentBd
All features,XGBoost,5,cat__Exterior2nd_HdBoard
All features,XGBoost,5,cat__Exterior2nd_ImStucc
All features,XGBoost,5,cat__Exterior2nd_MetalSd
All features,XGBoost,5,cat__Exterior2nd_Other
All features,XGBoost,5,cat__Exterior2nd_Plywood
All features,XGBoost,5,cat__Exterior2nd_Stone
All features,XGBoost,5,cat__Exterior2nd_Stucco
All features,XGBoost,5,cat__Exterior2nd_VinylSd
All features,XGBoost,5,cat__Exterior2nd_Wd Sdng
All features,XGBoost,5,cat__Exterior2nd_Wd Shng
All features,XGBoost,5,cat__MasVnrType_BrkCmn
All features,XGBoost,5,cat__MasVnrType_BrkFace
All features,XGBoost,5,cat__MasVnrType_None
All features,XGBoost,5,cat__MasVnrType_Stone
All features,XGBoost,5,cat__ExterQual_Ex
All features,XGBoost,5,cat__ExterQual_Fa
All features,XGBoost,5,cat__ExterQual_Gd
All features,XGBoost,5,cat__ExterQual_TA
All features,XGBoost,5,cat__ExterCond_Ex
All features,XGBoost,5,cat__ExterCond_Fa
All features,XGBoost,5,cat__ExterCond_Gd
All features,XGBoost,5,cat__ExterCond_Po
All features,XGBoost,5,cat__ExterCond_TA
All features,XGBoost,5,cat__Foundation_BrkTil
All features,XGBoost,5,cat__Foundation_CBlock
All features,XGBoost,5,cat__Foundation_PConc
All features,XGBoost,5,cat__Foundation_Slab
All features,XGBoost,5,cat__Foundation_Stone
All features,XGBoost,5,cat__Foundation_Wood
All features,XGBoost,5,cat__BsmtQual_Ex
All features,XGBoost,5,cat__BsmtQual_Fa
All features,XGBoost,5,cat__BsmtQual_Gd
All features,XGBoost,5,cat__BsmtQual_None
All features,XGBoost,5,cat__BsmtQual_TA
All features,XGBoost,5,cat__BsmtCond_Fa
All features,XGBoost,5,cat__BsmtCond_Gd
All features,XGBoost,5,cat__BsmtCond_None
All features,XGBoost,5,cat__BsmtCond_Po
All features,XGBoost,5,cat__BsmtCond_TA
All features,XGBoost,5,cat__BsmtExposure_Av
All features,XGBoost,5,cat__BsmtExposure_Gd
All features,XGBoost,5,cat__BsmtExposure_Mn
All features,XGBoost,5,cat__BsmtExposure_No
All features,XGBoost,5,cat__BsmtExposure_None
All features,XGBoost,5,cat__BsmtFinType1_ALQ
All features,XGBoost,5,cat__BsmtFinType1_BLQ
All features,XGBoost,5,cat__BsmtFinType1_GLQ
All features,XGBoost,5,cat__BsmtFinType1_LwQ
All features,XGBoost,5,cat__BsmtFinType1_None
All features,XGBoost,5,cat__BsmtFinType1_Rec
All features,XGBoost,5,cat__BsmtFinType1_Unf
All features,XGBoost,5,cat__BsmtFinType2_ALQ
All features,XGBoost,5,cat__BsmtFinType2_BLQ
All features,XGBoost,5,cat__BsmtFinType2_GLQ
All features,XGBoost,5,cat__BsmtFinType2_LwQ
All features,XGBoost,5,cat__BsmtFinType2_None
All features,XGBoost,5,cat__BsmtFinType2_Rec
All features,XGBoost,5,cat__BsmtFinType2_Unf
All features,XGBoost,5,cat__Heating_GasA
All features,XGBoost,5,cat__Heating_GasW
All features,XGBoost,5,cat__Heating_Grav
All features,XGBoost,5,cat__Heating_OthW
All features,XGBoost,5,cat__Heating_Wall
All features,XGBoost,5,cat__HeatingQC_Ex
All features,XGBoost,5,cat__HeatingQC_Fa
All features,XGBoost,5,cat__HeatingQC_Gd
All features,XGBoost,5,cat__HeatingQC_Po
All features,XGBoost,5,cat__HeatingQC_TA
All features,XGBoost,5,cat__CentralAir_N
All features,XGBoost,5,cat__CentralAir_Y
All features,XGBoost,5,cat__Electrical_FuseA
All features,XGBoost,5,cat__Electrical_FuseF
All features,XGBoost,5,cat__Electrical_FuseP
All features,XGBoost,5,cat__Electrical_Mix
All features,XGBoost,5,cat__Electrical_SBrkr
All features,XGBoost,5,cat__KitchenQual_Ex
All features,XGBoost,5,cat__KitchenQual_Fa
All features,XGBoost,5,cat__KitchenQual_Gd
All features,XGBoost,5,cat__KitchenQual_TA
All features,XGBoost,5,cat__Functional_Maj1
All features,XGBoost,5,cat__Functional_Maj2
All features,XGBoost,5,cat__Functional_Min1
All features,XGBoost,5,cat__Functional_Min2
All features,XGBoost,5,cat__Functional_Mod
All features,XGBoost,5,cat__Functional_Sev
All features,XGBoost,5,cat__Functional_Typ
All features,XGBoost,5,cat__FireplaceQu_Ex
All features,XGBoost,5,cat__FireplaceQu_Fa
All features,XGBoost,5,cat__FireplaceQu_Gd
All features,XGBoost,5,cat__FireplaceQu_None
All features,XGBoost,5,cat__FireplaceQu_Po
All features,XGBoost,5,cat__FireplaceQu_TA
All features,XGBoost,5,cat__GarageType_2Types
All features,XGBoost,5,cat__GarageType_Attchd
All features,XGBoost,5,cat__GarageType_Basment
All features,XGBoost,5,cat__GarageType_BuiltIn
All features,XGBoost,5,cat__GarageType_CarPort
All features,XGBoost,5,cat__GarageType_Detchd
All features,XGBoost,5,cat__GarageType_None
All features,XGBoost,5,cat__GarageFinish_Fin
All features,XGBoost,5,cat__GarageFinish_None
All features,XGBoost,5,cat__GarageFinish_RFn
All features,XGBoost,5,cat__GarageFinish_Unf
All features,XGBoost,5,cat__GarageQual_Ex
All features,XGBoost,5,cat__GarageQual_Fa
All features,XGBoost,5,cat__GarageQual_Gd
All features,XGBoost,5,cat__GarageQual_None
All features,XGBoost,5,cat__GarageQual_Po
All features,XGBoost,5,cat__GarageQual_TA
All features,XGBoost,5,cat__GarageCond_Ex
All features,XGBoost,5,cat__GarageCond_Fa
All features,XGBoost,5,cat__GarageCond_Gd
All features,XGBoost,5,cat__GarageCond_None
All features,XGBoost,5,cat__GarageCond_Po
All features,XGBoost,5,cat__GarageCond_TA
All features,XGBoost,5,cat__PavedDrive_N
All features,XGBoost,5,cat__PavedDrive_P
All features,XGBoost,5,cat__PavedDrive_Y
All features,XGBoost,5,cat__Fence_GdPrv
All features,XGBoost,5,cat__Fence_GdWo
All features,XGBoost,5,cat__Fence_MnPrv
All features,XGBoost,5,cat__Fence_MnWw
All features,XGBoost,5,cat__Fence_None
All features,XGBoost,5,cat__MiscFeature_Gar2
All features,XGBoost,5,cat__MiscFeature_None
All features,XGBoost,5,cat__MiscFeature_Othr
All features,XGBoost,5,cat__MiscFeature_Shed
All features,XGBoost,5,cat__MoSold_1
All features,XGBoost,5,cat__MoSold_10
All features,XGBoost,5,cat__MoSold_11
All features,XGBoost,5,cat__MoSold_12
All features,XGBoost,5,cat__MoSold_2
All features,XGBoost,5,cat__MoSold_3
All features,XGBoost,5,cat__MoSold_4
All features,XGBoost,5,cat__MoSold_5
All features,XGBoost,5,cat__MoSold_6
All features,XGBoost,5,cat__MoSold_7
All features,XGBoost,5,cat__MoSold_8
All features,XGBoost,5,cat__MoSold_9
All features,XGBoost,5,cat__YrSold_2006
All features,XGBoost,5,cat__YrSold_2007
All features,XGBoost,5,cat__YrSold_2008
All features,XGBoost,5,cat__YrSold_2009
All features,XGBoost,5,cat__YrSold_2010
All features,XGBoost,5,cat__SaleType_COD
All features,XGBoost,5,cat__SaleType_CWD
All features,XGBoost,5,cat__SaleType_Con
All features,XGBoost,5,cat__SaleType_ConLD
All features,XGBoost,5,cat__SaleType_ConLI
All features,XGBoost,5,cat__SaleType_ConLw
All features,XGBoost,5,cat__SaleType_New
All features,XGBoost,5,cat__SaleType_Oth
All features,XGBoost,5,cat__SaleType_WD
All features,XGBoost,5,cat__SaleCondition_Abnorml
All features,XGBoost,5,cat__SaleCondition_AdjLand
All features,XGBoost,5,cat__SaleCondition_Alloca
All features,XGBoost,5,cat__SaleCondition_Family
All features,XGBoost,5,cat__SaleCondition_Normal
All features,XGBoost,5,cat__SaleCondition_Partial
All features,Random Forest,1,num__LotFrontage
All features,Random Forest,1,num__LotArea
All features,Random Forest,1,num__OverallQual
All features,Random Forest,1,num__OverallCond
All features,Random Forest,1,num__YearBuilt
All features,Random Forest,1,num__YearRemodAdd
All features,Random Forest,1,num__MasVnrArea
All features,Random Forest,1,num__BsmtFinSF1
All features,Random Forest,1,num__BsmtFinSF2
All features,Random Forest,1,num__BsmtUnfSF
All features,Random Forest,1,num__TotalBsmtSF
All features,Random Forest,1,num__1stFlrSF
All features,Random Forest,1,num__2ndFlrSF
All features,Random Forest,1,num__LowQualFinSF
All features,Random Forest,1,num__GrLivArea
All features,Random Forest,1,num__BsmtFullBath
All features,Random Forest,1,num__BsmtHalfBath
All features,Random Forest,1,num__FullBath
All features,Random Forest,1,num__HalfBath
All features,Random Forest,1,num__BedroomAbvGr
All features,Random Forest,1,num__KitchenAbvGr
All features,Random Forest,1,num__TotRmsAbvGrd
All features,Random Forest,1,num__Fireplaces
All features,Random Forest,1,num__GarageYrBlt
All features,Random Forest,1,num__GarageCars
All features,Random Forest,1,num__GarageArea
All features,Random Forest,1,num__WoodDeckSF
All features,Random Forest,1,num__OpenPorchSF
All features,Random Forest,1,num__EnclosedPorch
All features,Random Forest,1,num__3SsnPorch
All features,Random Forest,1,num__ScreenPorch
All features,Random Forest,1,num__MiscVal
All features,Random Forest,1,cat__MSSubClass_120
All features,Random Forest,1,cat__MSSubClass_160
All features,Random Forest,1,cat__MSSubClass_180
All features,Random Forest,1,cat__MSSubClass_190
All features,Random Forest,1,cat__MSSubClass_20
All features,Random Forest,1,cat__MSSubClass_30
All features,Random Forest,1,cat__MSSubClass_40
All features,Random Forest,1,cat__MSSubClass_45
All features,Random Forest,1,cat__MSSubClass_50
All features,Random Forest,1,cat__MSSubClass_60
All features,Random Forest,1,cat__MSSubClass_70
All features,Random Forest,1,cat__MSSubClass_75
All features,Random Forest,1,cat__MSSubClass_80
All features,Random Forest,1,cat__MSSubClass_85
All features,Random Forest,1,cat__MSSubClass_90
All features,Random Forest,1,cat__MSZoning_C (all)
All features,Random Forest,1,cat__MSZoning_FV
All features,Random Forest,1,cat__MSZoning_RH
All features,Random Forest,1,cat__MSZoning_RL
All features,Random Forest,1,cat__MSZoning_RM
All features,Random Forest,1,cat__Alley_Grvl
All features,Random Forest,1,cat__Alley_None
All features,Random Forest,1,cat__Alley_Pave
All features,Random Forest,1,cat__LotShape_IR1
All features,Random Forest,1,cat__LotShape_IR2
All features,Random Forest,1,cat__LotShape_IR3
All features,Random Forest,1,cat__LotShape_Reg
All features,Random Forest,1,cat__LandContour_Bnk
All features,Random Forest,1,cat__LandContour_HLS
All features,Random Forest,1,cat__LandContour_Low
All features,Random Forest,1,cat__LandContour_Lvl
All features,Random Forest,1,cat__LotConfig_Corner
All features,Random Forest,1,cat__LotConfig_CulDSac
All features,Random Forest,1,cat__LotConfig_FR2
All features,Random Forest,1,cat__LotConfig_FR3
All features,Random Forest,1,cat__LotConfig_Inside
All features,Random Forest,1,cat__LandSlope_Gtl
All features,Random Forest,1,cat__LandSlope_Mod
All features,Random Forest,1,cat__LandSlope_Sev
All features,Random Forest,1,cat__Neighborhood_Blmngtn
All features,Random Forest,1,cat__Neighborhood_Blueste
All features,Random Forest,1,cat__Neighborhood_BrDale
All features,Random Forest,1,cat__Neighborhood_BrkSide
All features,Random Forest,1,cat__Neighborhood_ClearCr
All features,Random Forest,1,cat__Neighborhood_CollgCr
All features,Random Forest,1,cat__Neighborhood_Crawfor
All features,Random Forest,1,cat__Neighborhood_Edwards
All features,Random Forest,1,cat__Neighborhood_Gilbert
All features,Random Forest,1,cat__Neighborhood_IDOTRR
All features,Random Forest,1,cat__Neighborhood_MeadowV
All features,Random Forest,1,cat__Neighborhood_Mitchel
All features,Random Forest,1,cat__Neighborhood_NAmes
All features,Random Forest,1,cat__Neighborhood_NPkVill
All features,Random Forest,1,cat__Neighborhood_NWAmes
All features,Random Forest,1,cat__Neighborhood_NoRidge
All features,Random Forest,1,cat__Neighborhood_NridgHt
All features,Random Forest,1,cat__Neighborhood_OldTown
All features,Random Forest,1,cat__Neighborhood_SWISU
All features,Random Forest,1,cat__Neighborhood_Sawyer
All features,Random Forest,1,cat__Neighborhood_SawyerW
All features,Random Forest,1,cat__Neighborhood_Somerst
All features,Random Forest,1,cat__Neighborhood_StoneBr
All features,Random Forest,1,cat__Neighborhood_Timber
All features,Random Forest,1,cat__Neighborhood_Veenker
All features,Random Forest,1,cat__Condition1_Artery
All features,Random Forest,1,cat__Condition1_Feedr
All features,Random Forest,1,cat__Condition1_Norm
All features,Random Forest,1,cat__Condition1_PosA
All features,Random Forest,1,cat__Condition1_PosN
All features,Random Forest,1,cat__Condition1_RRAe
All features,Random Forest,1,cat__Condition1_RRAn
All features,Random Forest,1,cat__Condition1_RRNe
All features,Random Forest,1,cat__Condition1_RRNn
All features,Random Forest,1,cat__BldgType_1Fam
All features,Random Forest,1,cat__BldgType_2fmCon
All features,Random Forest,1,cat__BldgType_Duplex
All features,Random Forest,1,cat__BldgType_Twnhs
All features,Random Forest,1,cat__BldgType_TwnhsE
All features,Random Forest,1,cat__HouseStyle_1.5Fin
All features,Random Forest,1,cat__HouseStyle_1.5Unf
All features,Random Forest,1,cat__HouseStyle_1Story
All features,Random Forest,1,cat__HouseStyle_2.5Fin
All features,Random Forest,1,cat__HouseStyle_2.5Unf
All features,Random Forest,1,cat__HouseStyle_2Story
All features,Random Forest,1,cat__HouseStyle_SFoyer
All features,Random Forest,1,cat__HouseStyle_SLvl
All features,Random Forest,1,cat__RoofStyle_Flat
All features,Random Forest,1,cat__RoofStyle_Gable
All features,Random Forest,1,cat__RoofStyle_Gambrel
All features,Random Forest,1,cat__RoofStyle_Hip
All features,Random Forest,1,cat__RoofStyle_Mansard
All features,Random Forest,1,cat__RoofStyle_Shed
All features,Random Forest,1,cat__RoofMatl_CompShg
All features,Random Forest,1,cat__RoofMatl_Metal
All features,Random Forest,1,cat__RoofMatl_Roll
All features,Random Forest,1,cat__RoofMatl_Tar&Grv
All features,Random Forest,1,cat__RoofMatl_WdShake
All features,Random Forest,1,cat__RoofMatl_WdShngl
All features,Random Forest,1,cat__Exterior1st_AsbShng
All features,Random Forest,1,cat__Exterior1st_AsphShn
All features,Random Forest,1,cat__Exterior1st_BrkComm
All features,Random Forest,1,cat__Exterior1st_BrkFace
All features,Random Forest,1,cat__Exterior1st_CBlock
All features,Random Forest,1,cat__Exterior1st_CemntBd
All features,Random Forest,1,cat__Exterior1st_HdBoard
All features,Random Forest,1,cat__Exterior1st_ImStucc
All features,Random Forest,1,cat__Exterior1st_MetalSd
All features,Random Forest,1,cat__Exterior1st_Plywood
All features,Random Forest,1,cat__Exterior1st_Stone
All features,Random Forest,1,cat__Exterior1st_Stucco
All features,Random Forest,1,cat__Exterior1st_VinylSd
All features,Random Forest,1,cat__Exterior1st_Wd Sdng
All features,Random Forest,1,cat__Exterior1st_WdShing
All features,Random Forest,1,cat__Exterior2nd_AsbShng
All features,Random Forest,1,cat__Exterior2nd_AsphShn
All features,Random Forest,1,cat__Exterior2nd_Brk Cmn
All features,Random Forest,1,cat__Exterior2nd_BrkFace
All features,Random Forest,1,cat__Exterior2nd_CBlock
All features,Random Forest,1,cat__Exterior2nd_CmentBd
All features,Random Forest,1,cat__Exterior2nd_HdBoard
All features,Random Forest,1,cat__Exterior2nd_ImStucc
All features,Random Forest,1,cat__Exterior2nd_MetalSd
All features,Random Forest,1,cat__Exterior2nd_Other
All features,Random Forest,1,cat__Exterior2nd_Plywood
All features,Random Forest,1,cat__Exterior2nd_Stone
All features,Random Forest,1,cat__Exterior2nd_Stucco
All features,Random Forest,1,cat__Exterior2nd_VinylSd
All features,Random Forest,1,cat__Exterior2nd_Wd Sdng
All features,Random Forest,1,cat__Exterior2nd_Wd Shng
All features,Random Forest,1,cat__MasVnrType_BrkCmn
All features,Random Forest,1,cat__MasVnrType_BrkFace
All features,Random Forest,1,cat__MasVnrType_None
All features,Random Forest,1,cat__MasVnrType_Stone
All features,Random Forest,1,cat__ExterQual_Ex
All features,Random Forest,1,cat__ExterQual_Fa
All features,Random Forest,1,cat__ExterQual_Gd
All features,Random Forest,1,cat__ExterQual_TA
All features,Random Forest,1,cat__ExterCond_Ex
All features,Random Forest,1,cat__ExterCond_Fa
All features,Random Forest,1,cat__ExterCond_Gd
All features,Random Forest,1,cat__ExterCond_Po
All features,Random Forest,1,cat__ExterCond_TA
All features,Random Forest,1,cat__Foundation_BrkTil
All features,Random Forest,1,cat__Foundation_CBlock
All features,Random Forest,1,cat__Foundation_PConc
All features,Random Forest,1,cat__Foundation_Slab
All features,Random Forest,1,cat__Foundation_Stone
All features,Random Forest,1,cat__Foundation_Wood
All features,Random Forest,1,cat__BsmtQual_Ex
All features,Random Forest,1,cat__BsmtQual_Fa
All features,Random Forest,1,cat__BsmtQual_Gd
All features,Random Forest,1,cat__BsmtQual_None
All features,Random Forest,1,cat__BsmtQual_TA
All features,Random Forest,1,cat__BsmtCond_Fa
All features,Random Forest,1,cat__BsmtCond_Gd
All features,Random Forest,1,cat__BsmtCond_None
All features,Random Forest,1,cat__BsmtCond_Po
All features,Random Forest,1,cat__BsmtCond_TA
All features,Random Forest,1,cat__BsmtExposure_Av
All features,Random Forest,1,cat__BsmtExposure_Gd
All features,Random Forest,1,cat__BsmtExposure_Mn
All features,Random Forest,1,cat__BsmtExposure_No
All features,Random Forest,1,cat__BsmtExposure_None
All features,Random Forest,1,cat__BsmtFinType1_ALQ
All features,Random Forest,1,cat__BsmtFinType1_BLQ
All features,Random Forest,1,cat__BsmtFinType1_GLQ
All features,Random Forest,1,cat__BsmtFinType1_LwQ
All features,Random Forest,1,cat__BsmtFinType1_None
All features,Random Forest,1,cat__BsmtFinType1_Rec
All features,Random Forest,1,cat__BsmtFinType1_Unf
All features,Random Forest,1,cat__BsmtFinType2_ALQ
All features,Random Forest,1,cat__BsmtFinType2_BLQ
All features,Random Forest,1,cat__BsmtFinType2_GLQ
All features,Random Forest,1,cat__BsmtFinType2_LwQ
All features,Random Forest,1,cat__BsmtFinType2_None
All features,Random Forest,1,cat__BsmtFinType2_Rec
All features,Random Forest,1,cat__BsmtFinType2_Unf
All features,Random Forest,1,cat__Heating_Floor
All features,Random Forest,1,cat__Heating_GasA
All features,Random Forest,1,cat__Heating_GasW
All features,Random Forest,1,cat__Heating_Grav
All features,Random Forest,1,cat__Heating_OthW
All features,Random Forest,1,cat__Heating_Wall
All features,Random Forest,1,cat__HeatingQC_Ex
All features,Random Forest,1,cat__HeatingQC_Fa
All features,Random Forest,1,cat__HeatingQC_Gd
All features,Random Forest,1,cat__HeatingQC_Po
All features,Random Forest,1,cat__HeatingQC_TA
All features,Random Forest,1,cat__CentralAir_N
All features,Random Forest,1,cat__CentralAir_Y
All features,Random Forest,1,cat__Electrical_FuseA
All features,Random Forest,1,cat__Electrical_FuseF
All features,Random Forest,1,cat__Electrical_FuseP
All features,Random Forest,1,cat__Electrical_SBrkr
All features,Random Forest,1,cat__KitchenQual_Ex
All features,Random Forest,1,cat__KitchenQual_Fa
All features,Random Forest,1,cat__KitchenQual_Gd
All features,Random Forest,1,cat__KitchenQual_TA
All features,Random Forest,1,cat__Functional_Maj1
All features,Random Forest,1,cat__Functional_Maj2
All features,Random Forest,1,cat__Functional_Min1
All features,Random Forest,1,cat__Functional_Min2
All features,Random Forest,1,cat__Functional_Mod
All features,Random Forest,1,cat__Functional_Sev
All features,Random Forest,1,cat__Functional_Typ
All features,Random Forest,1,cat__FireplaceQu_Ex
All features,Random Forest,1,cat__FireplaceQu_Fa
All features,Random Forest,1,cat__FireplaceQu_Gd
All features,Random Forest,1,cat__FireplaceQu_None
All features,Random Forest,1,cat__FireplaceQu_Po
All features,Random Forest,1,cat__FireplaceQu_TA
All features,Random Forest,1,cat__GarageType_2Types
All features,Random Forest,1,cat__GarageType_Attchd
All features,Random Forest,1,cat__GarageType_Basment
All features,Random Forest,1,cat__GarageType_BuiltIn
All features,Random Forest,1,cat__GarageType_CarPort
All features,Random Forest,1,cat__GarageType_Detchd
All features,Random Forest,1,cat__GarageType_None
All features,Random Forest,1,cat__GarageFinish_Fin
All features,Random Forest,1,cat__GarageFinish_None
All features,Random Forest,1,cat__GarageFinish_RFn
All features,Random Forest,1,cat__GarageFinish_Unf
All features,Random Forest,1,cat__GarageQual_Ex
All features,Random Forest,1,cat__GarageQual_Fa
All features,Random Forest,1,cat__GarageQual_Gd
All features,Random Forest,1,cat__GarageQual_None
All features,Random Forest,1,cat__GarageQual_Po
All features,Random Forest,1,cat__GarageQual_TA
All features,Random Forest,1,cat__GarageCond_Ex
All features,Random Forest,1,cat__GarageCond_Fa
All features,Random Forest,1,cat__GarageCond_Gd
All features,Random Forest,1,cat__GarageCond_None
All features,Random Forest,1,cat__GarageCond_Po
All features,Random Forest,1,cat__GarageCond_TA
All features,Random Forest,1,cat__PavedDrive_N
All features,Random Forest,1,cat__PavedDrive_P
All features,Random Forest,1,cat__PavedDrive_Y
All features,Random Forest,1,cat__Fence_GdPrv
All features,Random Forest,1,cat__Fence_GdWo
All features,Random Forest,1,cat__Fence_MnPrv
All features,Random Forest,1,cat__Fence_MnWw
All features,Random Forest,1,cat__Fence_None
All features,Random Forest,1,cat__MiscFeature_Gar2
All features,Random Forest,1,cat__MiscFeature_None
All features,Random Forest,1,cat__MiscFeature_Othr
All features,Random Forest,1,cat__MiscFeature_Shed
All features,Random Forest,1,cat__MiscFeature_TenC
All features,Random Forest,1,cat__MoSold_1
All features,Random Forest,1,cat__MoSold_10
All features,Random Forest,1,cat__MoSold_11
All features,Random Forest,1,cat__MoSold_12
All features,Random Forest,1,cat__MoSold_2
All features,Random Forest,1,cat__MoSold_3
All features,Random Forest,1,cat__MoSold_4
All features,Random Forest,1,cat__MoSold_5
All features,Random Forest,1,cat__MoSold_6
All features,Random Forest,1,cat__MoSold_7
All features,Random Forest,1,cat__MoSold_8
All features,Random Forest,1,cat__MoSold_9
All features,Random Forest,1,cat__YrSold_2006
All features,Random Forest,1,cat__YrSold_2007
All features,Random Forest,1,cat__YrSold_2008
All features,Random Forest,1,cat__YrSold_2009
All features,Random Forest,1,cat__YrSold_2010
All features,Random Forest,1,cat__SaleType_COD
All features,Random Forest,1,cat__SaleType_CWD
All features,Random Forest,1,cat__SaleType_Con
All features,Random Forest,1,cat__SaleType_ConLD
All features,Random Forest,1,cat__SaleType_ConLI
All features,Random Forest,1,cat__SaleType_ConLw
All features,Random Forest,1,cat__SaleType_New
All features,Random Forest,1,cat__SaleType_Oth
All features,Random Forest,1,cat__SaleType_WD
All features,Random Forest,1,cat__SaleCondition_Abnorml
All features,Random Forest,1,cat__SaleCondition_AdjLand
All features,Random Forest,1,cat__SaleCondition_Alloca
All features,Random Forest,1,cat__SaleCondition_Family
All features,Random Forest,1,cat__SaleCondition_Normal
All features,Random Forest,1,cat__SaleCondition_Partial
All features,Random Forest,2,num__LotFrontage
All features,Random Forest,2,num__LotArea
All features,Random Forest,2,num__OverallQual
All features,Random Forest,2,num__OverallCond
All features,Random Forest,2,num__YearBuilt
All features,Random Forest,2,num__YearRemodAdd
All features,Random Forest,2,num__MasVnrArea
All features,Random Forest,2,num__BsmtFinSF1
All features,Random Forest,2,num__BsmtFinSF2
All features,Random Forest,2,num__BsmtUnfSF
All features,Random Forest,2,num__TotalBsmtSF
All features,Random Forest,2,num__1stFlrSF
All features,Random Forest,2,num__2ndFlrSF
All features,Random Forest,2,num__LowQualFinSF
All features,Random Forest,2,num__GrLivArea
All features,Random Forest,2,num__BsmtFullBath
All features,Random Forest,2,num__BsmtHalfBath
All features,Random Forest,2,num__FullBath
All features,Random Forest,2,num__HalfBath
All features,Random Forest,2,num__BedroomAbvGr
All features,Random Forest,2,num__KitchenAbvGr
All features,Random Forest,2,num__TotRmsAbvGrd
All features,Random Forest,2,num__Fireplaces
All features,Random Forest,2,num__GarageYrBlt
All features,Random Forest,2,num__GarageCars
All features,Random Forest,2,num__GarageArea
All features,Random Forest,2,num__WoodDeckSF
All features,Random Forest,2,num__OpenPorchSF
All features,Random Forest,2,num__EnclosedPorch
All features,Random Forest,2,num__3SsnPorch
All features,Random Forest,2,num__ScreenPorch
All features,Random Forest,2,num__MiscVal
All features,Random Forest,2,cat__MSSubClass_120
All features,Random Forest,2,cat__MSSubClass_160
All features,Random Forest,2,cat__MSSubClass_180
All features,Random Forest,2,cat__MSSubClass_190
All features,Random Forest,2,cat__MSSubClass_20
All features,Random Forest,2,cat__MSSubClass_30
All features,Random Forest,2,cat__MSSubClass_40
All features,Random Forest,2,cat__MSSubClass_45
All features,Random Forest,2,cat__MSSubClass_50
All features,Random Forest,2,cat__MSSubClass_60
All features,Random Forest,2,cat__MSSubClass_70
All features,Random Forest,2,cat__MSSubClass_75
All features,Random Forest,2,cat__MSSubClass_80
All features,Random Forest,2,cat__MSSubClass_85
All features,Random Forest,2,cat__MSSubClass_90
All features,Random Forest,2,cat__MSZoning_C (all)
All features,Random Forest,2,cat__MSZoning_FV
All features,Random Forest,2,cat__MSZoning_RH
All features,Random Forest,2,cat__MSZoning_RL
All features,Random Forest,2,cat__MSZoning_RM
All features,Random Forest,2,cat__Alley_Grvl
All features,Random Forest,2,cat__Alley_None
All features,Random Forest,2,cat__Alley_Pave
All features,Random Forest,2,cat__LotShape_IR1
All features,Random Forest,2,cat__LotShape_IR2
All features,Random Forest,2,cat__LotShape_IR3
All features,Random Forest,2,cat__LotShape_Reg
All features,Random Forest,2,cat__LandContour_Bnk
All features,Random Forest,2,cat__LandContour_HLS
All features,Random Forest,2,cat__LandContour_Low
All features,Random Forest,2,cat__LandContour_Lvl
All features,Random Forest,2,cat__LotConfig_Corner
All features,Random Forest,2,cat__LotConfig_CulDSac
All features,Random Forest,2,cat__LotConfig_FR2
All features,Random Forest,2,cat__LotConfig_FR3
All features,Random Forest,2,cat__LotConfig_Inside
All features,Random Forest,2,cat__LandSlope_Gtl
All features,Random Forest,2,cat__LandSlope_Mod
All features,Random Forest,2,cat__LandSlope_Sev
All features,Random Forest,2,cat__Neighborhood_Blmngtn
All features,Random Forest,2,cat__Neighborhood_Blueste
All features,Random Forest,2,cat__Neighborhood_BrDale
All features,Random Forest,2,cat__Neighborhood_BrkSide
All features,Random Forest,2,cat__Neighborhood_ClearCr
All features,Random Forest,2,cat__Neighborhood_CollgCr
All features,Random Forest,2,cat__Neighborhood_Crawfor
All features,Random Forest,2,cat__Neighborhood_Edwards
All features,Random Forest,2,cat__Neighborhood_Gilbert
All features,Random Forest,2,cat__Neighborhood_IDOTRR
All features,Random Forest,2,cat__Neighborhood_MeadowV
All features,Random Forest,2,cat__Neighborhood_Mitchel
All features,Random Forest,2,cat__Neighborhood_NAmes
All features,Random Forest,2,cat__Neighborhood_NPkVill
All features,Random Forest,2,cat__Neighborhood_NWAmes
All features,Random Forest,2,cat__Neighborhood_NoRidge
All features,Random Forest,2,cat__Neighborhood_NridgHt
All features,Random Forest,2,cat__Neighborhood_OldTown
All features,Random Forest,2,cat__Neighborhood_SWISU
All features,Random Forest,2,cat__Neighborhood_Sawyer
All features,Random Forest,2,cat__Neighborhood_SawyerW
All features,Random Forest,2,cat__Neighborhood_Somerst
All features,Random Forest,2,cat__Neighborhood_StoneBr
All features,Random Forest,2,cat__Neighborhood_Timber
All features,Random Forest,2,cat__Neighborhood_Veenker
All features,Random Forest,2,cat__Condition1_Artery
All features,Random Forest,2,cat__Condition1_Feedr
All features,Random Forest,2,cat__Condition1_Norm
All features,Random Forest,2,cat__Condition1_PosA
All features,Random Forest,2,cat__Condition1_PosN
All features,Random Forest,2,cat__Condition1_RRAe
All features,Random Forest,2,cat__Condition1_RRAn
All features,Random Forest,2,cat__Condition1_RRNe
All features,Random Forest,2,cat__Condition1_RRNn
All features,Random Forest,2,cat__BldgType_1Fam
All features,Random Forest,2,cat__BldgType_2fmCon
All features,Random Forest,2,cat__BldgType_Duplex
All features,Random Forest,2,cat__BldgType_Twnhs
All features,Random Forest,2,cat__BldgType_TwnhsE
All features,Random Forest,2,cat__HouseStyle_1.5Fin
All features,Random Forest,2,cat__HouseStyle_1.5Unf
All features,Random Forest,2,cat__HouseStyle_1Story
All features,Random Forest,2,cat__HouseStyle_2.5Fin
All features,Random Forest,2,cat__HouseStyle_2.5Unf
All features,Random Forest,2,cat__HouseStyle_2Story
All features,Random Forest,2,cat__HouseStyle_SFoyer
All features,Random Forest,2,cat__HouseStyle_SLvl
All features,Random Forest,2,cat__RoofStyle_Flat
All features,Random Forest,2,cat__RoofStyle_Gable
All features,Random Forest,2,cat__RoofStyle_Gambrel
All features,Random Forest,2,cat__RoofStyle_Hip
All features,Random Forest,2,cat__RoofStyle_Mansard
All features,Random Forest,2,cat__RoofStyle_Shed
All features,Random Forest,2,cat__RoofMatl_CompShg
All features,Random Forest,2,cat__RoofMatl_Membran
All features,Random Forest,2,cat__RoofMatl_Metal
All features,Random Forest,2,cat__RoofMatl_Roll
All features,Random Forest,2,cat__RoofMatl_Tar&Grv
All features,Random Forest,2,cat__RoofMatl_WdShake
All features,Random Forest,2,cat__RoofMatl_WdShngl
All features,Random Forest,2,cat__Exterior1st_AsbShng
All features,Random Forest,2,cat__Exterior1st_AsphShn
All features,Random Forest,2,cat__Exterior1st_BrkComm
All features,Random Forest,2,cat__Exterior1st_BrkFace
All features,Random Forest,2,cat__Exterior1st_CBlock
All features,Random Forest,2,cat__Exterior1st_CemntBd
All features,Random Forest,2,cat__Exterior1st_HdBoard
All features,Random Forest,2,cat__Exterior1st_MetalSd
All features,Random Forest,2,cat__Exterior1st_Plywood
All features,Random Forest,2,cat__Exterior1st_Stone
All features,Random Forest,2,cat__Exterior1st_Stucco
All features,Random Forest,2,cat__Exterior1st_VinylSd
All features,Random Forest,2,cat__Exterior1st_Wd Sdng
All features,Random Forest,2,cat__Exterior1st_WdShing
All features,Random Forest,2,cat__Exterior2nd_AsbShng
All features,Random Forest,2,cat__Exterior2nd_AsphShn
All features,Random Forest,2,cat__Exterior2nd_Brk Cmn
All features,Random Forest,2,cat__Exterior2nd_BrkFace
All features,Random Forest,2,cat__Exterior2nd_CBlock
All features,Random Forest,2,cat__Exterior2nd_CmentBd
All features,Random Forest,2,cat__Exterior2nd_HdBoard
All features,Random Forest,2,cat__Exterior2nd_ImStucc
All features,Random Forest,2,cat__Exterior2nd_MetalSd
All features,Random Forest,2,cat__Exterior2nd_Other
All features,Random Forest,2,cat__Exterior2nd_Plywood
All features,Random Forest,2,cat__Exterior2nd_Stone
All features,Random Forest,2,cat__Exterior2nd_Stucco
All features,Random Forest,2,cat__Exterior2nd_VinylSd
All features,Random Forest,2,cat__Exterior2nd_Wd Sdng
All features,Random Forest,2,cat__Exterior2nd_Wd Shng
All features,Random Forest,2,cat__MasVnrType_BrkCmn
All features,Random Forest,2,cat__MasVnrType_BrkFace
All features,Random Forest,2,cat__MasVnrType_None
All features,Random Forest,2,cat__MasVnrType_Stone
All features,Random Forest,2,cat__ExterQual_Ex
All features,Random Forest,2,cat__ExterQual_Fa
All features,Random Forest,2,cat__ExterQual_Gd
All features,Random Forest,2,cat__ExterQual_TA
All features,Random Forest,2,cat__ExterCond_Ex
All features,Random Forest,2,cat__ExterCond_Fa
All features,Random Forest,2,cat__ExterCond_Gd
All features,Random Forest,2,cat__ExterCond_Po
All features,Random Forest,2,cat__ExterCond_TA
All features,Random Forest,2,cat__Foundation_BrkTil
All features,Random Forest,2,cat__Foundation_CBlock
All features,Random Forest,2,cat__Foundation_PConc
All features,Random Forest,2,cat__Foundation_Slab
All features,Random Forest,2,cat__Foundation_Stone
All features,Random Forest,2,cat__Foundation_Wood
All features,Random Forest,2,cat__BsmtQual_Ex
All features,Random Forest,2,cat__BsmtQual_Fa
All features,Random Forest,2,cat__BsmtQual_Gd
All features,Random Forest,2,cat__BsmtQual_None
All features,Random Forest,2,cat__BsmtQual_TA
All features,Random Forest,2,cat__BsmtCond_Fa
All features,Random Forest,2,cat__BsmtCond_Gd
All features,Random Forest,2,cat__BsmtCond_None
All features,Random Forest,2,cat__BsmtCond_Po
All features,Random Forest,2,cat__BsmtCond_TA
All features,Random Forest,2,cat__BsmtExposure_Av
All features,Random Forest,2,cat__BsmtExposure_Gd
All features,Random Forest,2,cat__BsmtExposure_Mn
All features,Random Forest,2,cat__BsmtExposure_No
All features,Random Forest,2,cat__BsmtExposure_None
All features,Random Forest,2,cat__BsmtFinType1_ALQ
All features,Random Forest,2,cat__BsmtFinType1_BLQ
All features,Random Forest,2,cat__BsmtFinType1_GLQ
All features,Random Forest,2,cat__BsmtFinType1_LwQ
All features,Random Forest,2,cat__BsmtFinType1_None
All features,Random Forest,2,cat__BsmtFinType1_Rec
All features,Random Forest,2,cat__BsmtFinType1_Unf
All features,Random Forest,2,cat__BsmtFinType2_ALQ
All features,Random Forest,2,cat__BsmtFinType2_BLQ
All features,Random Forest,2,cat__BsmtFinType2_GLQ
All features,Random Forest,2,cat__BsmtFinType2_LwQ
All features,Random Forest,2,cat__BsmtFinType2_None
All features,Random Forest,2,cat__BsmtFinType2_Rec
All features,Random Forest,2,cat__BsmtFinType2_Unf
All features,Random Forest,2,cat__Heating_Floor
All features,Random Forest,2,cat__Heating_GasA
All features,Random Forest,2,cat__Heating_GasW
All features,Random Forest,2,cat__Heating_Grav
All features,Random Forest,2,cat__Heating_OthW
All features,Random Forest,2,cat__Heating_Wall
All features,Random Forest,2,cat__HeatingQC_Ex
All features,Random Forest,2,cat__HeatingQC_Fa
All features,Random Forest,2,cat__HeatingQC_Gd
All features,Random Forest,2,cat__HeatingQC_TA
All features,Random Forest,2,cat__CentralAir_N
All features,Random Forest,2,cat__CentralAir_Y
All features,Random Forest,2,cat__Electrical_FuseA
All features,Random Forest,2,cat__Electrical_FuseF
All features,Random Forest,2,cat__Electrical_FuseP
All features,Random Forest,2,cat__Electrical_Mix
All features,Random Forest,2,cat__Electrical_SBrkr
All features,Random Forest,2,cat__KitchenQual_Ex
All features,Random Forest,2,cat__KitchenQual_Fa
All features,Random Forest,2,cat__KitchenQual_Gd
All features,Random Forest,2,cat__KitchenQual_TA
All features,Random Forest,2,cat__Functional_Maj1
All features,Random Forest,2,cat__Functional_Maj2
All features,Random Forest,2,cat__Functional_Min1
All features,Random Forest,2,cat__Functional_Min2
All features,Random Forest,2,cat__Functional_Mod
All features,Random Forest,2,cat__Functional_Sev
All features,Random Forest,2,cat__Functional_Typ
All features,Random Forest,2,cat__FireplaceQu_Ex
All features,Random Forest,2,cat__FireplaceQu_Fa
All features,Random Forest,2,cat__FireplaceQu_Gd
All features,Random Forest,2,cat__FireplaceQu_None
All features,Random Forest,2,cat__FireplaceQu_Po
All features,Random Forest,2,cat__FireplaceQu_TA
All features,Random Forest,2,cat__GarageType_2Types
All features,Random Forest,2,cat__GarageType_Attchd
All features,Random Forest,2,cat__GarageType_Basment
All features,Random Forest,2,cat__GarageType_BuiltIn
All features,Random Forest,2,cat__GarageType_CarPort
All features,Random Forest,2,cat__GarageType_Detchd
All features,Random Forest,2,cat__GarageType_None
All features,Random Forest,2,cat__GarageFinish_Fin
All features,Random Forest,2,cat__GarageFinish_None
All features,Random Forest,2,cat__GarageFinish_RFn
All features,Random Forest,2,cat__GarageFinish_Unf
All features,Random Forest,2,cat__GarageQual_Ex
All features,Random Forest,2,cat__GarageQual_Fa
All features,Random Forest,2,cat__GarageQual_Gd
All features,Random Forest,2,cat__GarageQual_None
All features,Random Forest,2,cat__GarageQual_Po
All features,Random Forest,2,cat__GarageQual_TA
All features,Random Forest,2,cat__GarageCond_Ex
All features,Random Forest,2,cat__GarageCond_Fa
All features,Random Forest,2,cat__GarageCond_Gd
All features,Random Forest,2,cat__GarageCond_None
All features,Random Forest,2,cat__GarageCond_Po
All features,Random Forest,2,cat__GarageCond_TA
All features,Random Forest,2,cat__PavedDrive_N
All features,Random Forest,2,cat__PavedDrive_P
All features,Random Forest,2,cat__PavedDrive_Y
All features,Random Forest,2,cat__Fence_GdPrv
All features,Random Forest,2,cat__Fence_GdWo
All features,Random Forest,2,cat__Fence_MnPrv
All features,Random Forest,2,cat__Fence_MnWw
All features,Random Forest,2,cat__Fence_None
All features,Random Forest,2,cat__MiscFeature_Gar2
All features,Random Forest,2,cat__MiscFeature_None
All features,Random Forest,2,cat__MiscFeature_Shed
All features,Random Forest,2,cat__MiscFeature_TenC
All features,Random Forest,2,cat__MoSold_1
All features,Random Forest,2,cat__MoSold_10
All features,Random Forest,2,cat__MoSold_11
All features,Random Forest,2,cat__MoSold_12
All features,Random Forest,2,cat__MoSold_2
All features,Random Forest,2,cat__MoSold_3
All features,Random Forest,2,cat__MoSold_4
All features,Random Forest,2,cat__MoSold_5
All features,Random Forest,2,cat__MoSold_6
All features,Random Forest,2,cat__MoSold_7
All features,Random Forest,2,cat__MoSold_8
All features,Random Forest,2,cat__MoSold_9
All features,Random Forest,2,cat__YrSold_2006
All features,Random Forest,2,cat__YrSold_2007
All features,Random Forest,2,cat__YrSold_2008
All features,Random Forest,2,cat__YrSold_2009
All features,Random Forest,2,cat__YrSold_2010
All features,Random Forest,2,cat__SaleType_COD
All features,Random Forest,2,cat__SaleType_CWD
All features,Random Forest,2,cat__SaleType_Con
All features,Random Forest,2,cat__SaleType_ConLD
All features,Random Forest,2,cat__SaleType_ConLI
All features,Random Forest,2,cat__SaleType_ConLw
All features,Random Forest,2,cat__SaleType_New
All features,Random Forest,2,cat__SaleType_Oth
All features,Random Forest,2,cat__SaleType_WD
All features,Random Forest,2,cat__SaleCondition_Abnorml
All features,Random Forest,2,cat__SaleCondition_AdjLand
All features,Random Forest,2,cat__SaleCondition_Alloca
All features,Random Forest,2,cat__SaleCondition_Family
All features,Random Forest,2,cat__SaleCondition_Normal
All features,Random Forest,2,cat__SaleCondition_Partial
All features,Random Forest,3,num__LotFrontage
All features,Random Forest,3,num__LotArea
All features,Random Forest,3,num__OverallQual
All features,Random Forest,3,num__OverallCond
All features,Random Forest,3,num__YearBuilt
All features,Random Forest,3,num__YearRemodAdd
All features,Random Forest,3,num__MasVnrArea
All features,Random Forest,3,num__BsmtFinSF1
All features,Random Forest,3,num__BsmtFinSF2
All features,Random Forest,3,num__BsmtUnfSF
All features,Random Forest,3,num__TotalBsmtSF
All features,Random Forest,3,num__1stFlrSF
All features,Random Forest,3,num__2ndFlrSF
All features,Random Forest,3,num__LowQualFinSF
All features,Random Forest,3,num__GrLivArea
All features,Random Forest,3,num__BsmtFullBath
All features,Random Forest,3,num__BsmtHalfBath
All features,Random Forest,3,num__FullBath
All features,Random Forest,3,num__HalfBath
All features,Random Forest,3,num__BedroomAbvGr
All features,Random Forest,3,num__KitchenAbvGr
All features,Random Forest,3,num__TotRmsAbvGrd
All features,Random Forest,3,num__Fireplaces
All features,Random Forest,3,num__GarageYrBlt
All features,Random Forest,3,num__GarageCars
All features,Random Forest,3,num__GarageArea
All features,Random Forest,3,num__WoodDeckSF
All features,Random Forest,3,num__OpenPorchSF
All features,Random Forest,3,num__EnclosedPorch
All features,Random Forest,3,num__3SsnPorch
All features,Random Forest,3,num__ScreenPorch
All features,Random Forest,3,num__MiscVal
All features,Random Forest,3,cat__MSSubClass_120
All features,Random Forest,3,cat__MSSubClass_160
All features,Random Forest,3,cat__MSSubClass_180
All features,Random Forest,3,cat__MSSubClass_190
All features,Random Forest,3,cat__MSSubClass_20
All features,Random Forest,3,cat__MSSubClass_30
All features,Random Forest,3,cat__MSSubClass_40
All features,Random Forest,3,cat__MSSubClass_45
All features,Random Forest,3,cat__MSSubClass_50
All features,Random Forest,3,cat__MSSubClass_60
All features,Random Forest,3,cat__MSSubClass_70
All features,Random Forest,3,cat__MSSubClass_75
All features,Random Forest,3,cat__MSSubClass_80
All features,Random Forest,3,cat__MSSubClass_85
All features,Random Forest,3,cat__MSSubClass_90
All features,Random Forest,3,cat__MSZoning_C (all)
All features,Random Forest,3,cat__MSZoning_FV
All features,Random Forest,3,cat__MSZoning_RH
All features,Random Forest,3,cat__MSZoning_RL
All features,Random Forest,3,cat__MSZoning_RM
All features,Random Forest,3,cat__Alley_Grvl
All features,Random Forest,3,cat__Alley_None
All features,Random Forest,3,cat__Alley_Pave
All features,Random Forest,3,cat__LotShape_IR1
All features,Random Forest,3,cat__LotShape_IR2
All features,Random Forest,3,cat__LotShape_IR3
All features,Random Forest,3,cat__LotShape_Reg
All features,Random Forest,3,cat__LandContour_Bnk
All features,Random Forest,3,cat__LandContour_HLS
All features,Random Forest,3,cat__LandContour_Low
All features,Random Forest,3,cat__LandContour_Lvl
All features,Random Forest,3,cat__LotConfig_Corner
All features,Random Forest,3,cat__LotConfig_CulDSac
All features,Random Forest,3,cat__LotConfig_FR2
All features,Random Forest,3,cat__LotConfig_FR3
All features,Random Forest,3,cat__LotConfig_Inside
All features,Random Forest,3,cat__LandSlope_Gtl
All features,Random Forest,3,cat__LandSlope_Mod
All features,Random Forest,3,cat__LandSlope_Sev
All features,Random Forest,3,cat__Neighborhood_Blmngtn
All features,Random Forest,3,cat__Neighborhood_Blueste
All features,Random Forest,3,cat__Neighborhood_BrDale
All features,Random Forest,3,cat__Neighborhood_BrkSide
All features,Random Forest,3,cat__Neighborhood_ClearCr
All features,Random Forest,3,cat__Neighborhood_CollgCr
All features,Random Forest,3,cat__Neighborhood_Crawfor
All features,Random Forest,3,cat__Neighborhood_Edwards
All features,Random Forest,3,cat__Neighborhood_Gilbert
All features,Random Forest,3,cat__Neighborhood_IDOTRR
All features,Random Forest,3,cat__Neighborhood_MeadowV
All features,Random Forest,3,cat__Neighborhood_Mitchel
All features,Random Forest,3,cat__Neighborhood_NAmes
All features,Random Forest,3,cat__Neighborhood_NPkVill
All features,Random Forest,3,cat__Neighborhood_NWAmes
All features,Random Forest,3,cat__Neighborhood_NoRidge
All features,Random Forest,3,cat__Neighborhood_NridgHt
All features,Random Forest,3,cat__Neighborhood_OldTown
All features,Random Forest,3,cat__Neighborhood_SWISU
All features,Random Forest,3,cat__Neighborhood_Sawyer
All features,Random Forest,3,cat__Neighborhood_SawyerW
All features,Random Forest,3,cat__Neighborhood_Somerst
All features,Random Forest,3,cat__Neighborhood_StoneBr
All features,Random Forest,3,cat__Neighborhood_Timber
All features,Random Forest,3,cat__Neighborhood_Veenker
All features,Random Forest,3,cat__Condition1_Artery
All features,Random Forest,3,cat__Condition1_Feedr
All features,Random Forest,3,cat__Condition1_Norm
All features,Random Forest,3,cat__Condition1_PosA
All features,Random Forest,3,cat__Condition1_PosN
All features,Random Forest,3,cat__Condition1_RRAe
All features,Random Forest,3,cat__Condition1_RRAn
All features,Random Forest,3,cat__Condition1_RRNe
All features,Random Forest,3,cat__Condition1_RRNn
All features,Random Forest,3,cat__BldgType_1Fam
All features,Random Forest,3,cat__BldgType_2fmCon
All features,Random Forest,3,cat__BldgType_Duplex
All features,Random Forest,3,cat__BldgType_Twnhs
All features,Random Forest,3,cat__BldgType_TwnhsE
All features,Random Forest,3,cat__HouseStyle_1.5Fin
All features,Random Forest,3,cat__HouseStyle_1.5Unf
All features,Random Forest,3,cat__HouseStyle_1Story
All features,Random Forest,3,cat__HouseStyle_2.5Fin
All features,Random Forest,3,cat__HouseStyle_2.5Unf
All features,Random Forest,3,cat__HouseStyle_2Story
All features,Random Forest,3,cat__HouseStyle_SFoyer
All features,Random Forest,3,cat__HouseStyle_SLvl
All features,Random Forest,3,cat__RoofStyle_Flat
All features,Random Forest,3,cat__RoofStyle_Gable
All features,Random Forest,3,cat__RoofStyle_Gambrel
All features,Random Forest,3,cat__RoofStyle_Hip
All features,Random Forest,3,cat__RoofStyle_Mansard
All features,Random Forest,3,cat__RoofMatl_CompShg
All features,Random Forest,3,cat__RoofMatl_Membran
All features,Random Forest,3,cat__RoofMatl_Roll
All features,Random Forest,3,cat__RoofMatl_Tar&Grv
All features,Random Forest,3,cat__RoofMatl_WdShake
All features,Random Forest,3,cat__RoofMatl_WdShngl
All features,Random Forest,3,cat__Exterior1st_AsbShng
All features,Random Forest,3,cat__Exterior1st_AsphShn
All features,Random Forest,3,cat__Exterior1st_BrkComm
All features,Random Forest,3,cat__Exterior1st_BrkFace
All features,Random Forest,3,cat__Exterior1st_CBlock
All features,Random Forest,3,cat__Exterior1st_CemntBd
All features,Random Forest,3,cat__Exterior1st_HdBoard
All features,Random Forest,3,cat__Exterior1st_ImStucc
All features,Random Forest,3,cat__Exterior1st_MetalSd
All features,Random Forest,3,cat__Exterior1st_Plywood
All features,Random Forest,3,cat__Exterior1st_Stone
All features,Random Forest,3,cat__Exterior1st_Stucco
All features,Random Forest,3,cat__Exterior1st_VinylSd
All features,Random Forest,3,cat__Exterior1st_Wd Sdng
All features,Random Forest,3,cat__Exterior1st_WdShing
All features,Random Forest,3,cat__Exterior2nd_AsbShng
All features,Random Forest,3,cat__Exterior2nd_AsphShn
All features,Random Forest,3,cat__Exterior2nd_Brk Cmn
All features,Random Forest,3,cat__Exterior2nd_BrkFace
All features,Random Forest,3,cat__Exterior2nd_CBlock
All features,Random Forest,3,cat__Exterior2nd_CmentBd
All features,Random Forest,3,cat__Exterior2nd_HdBoard
All features,Random Forest,3,cat__Exterior2nd_ImStucc
All features,Random Forest,3,cat__Exterior2nd_MetalSd
All features,Random Forest,3,cat__Exterior2nd_Other
All features,Random Forest,3,cat__Exterior2nd_Plywood
All features,Random Forest,3,cat__Exterior2nd_Stone
All features,Random Forest,3,cat__Exterior2nd_Stucco
All features,Random Forest,3,cat__Exterior2nd_VinylSd
All features,Random Forest,3,cat__Exterior2nd_Wd Sdng
All features,Random Forest,3,cat__Exterior2nd_Wd Shng
All features,Random Forest,3,cat__MasVnrType_BrkCmn
All features,Random Forest,3,cat__MasVnrType_BrkFace
All features,Random Forest,3,cat__MasVnrType_None
All features,Random Forest,3,cat__MasVnrType_Stone
All features,Random Forest,3,cat__ExterQual_Ex
All features,Random Forest,3,cat__ExterQual_Fa
All features,Random Forest,3,cat__ExterQual_Gd
All features,Random Forest,3,cat__ExterQual_TA
All features,Random Forest,3,cat__ExterCond_Ex
All features,Random Forest,3,cat__ExterCond_Fa
All features,Random Forest,3,cat__ExterCond_Gd
All features,Random Forest,3,cat__ExterCond_TA
All features,Random Forest,3,cat__Foundation_BrkTil
All features,Random Forest,3,cat__Foundation_CBlock
All features,Random Forest,3,cat__Foundation_PConc
All features,Random Forest,3,cat__Foundation_Slab
All features,Random Forest,3,cat__Foundation_Stone
All features,Random Forest,3,cat__Foundation_Wood
All features,Random Forest,3,cat__BsmtQual_Ex
All features,Random Forest,3,cat__BsmtQual_Fa
All features,Random Forest,3,cat__BsmtQual_Gd
All features,Random Forest,3,cat__BsmtQual_None
All features,Random Forest,3,cat__BsmtQual_TA
All features,Random Forest,3,cat__BsmtCond_Fa
All features,Random Forest,3,cat__BsmtCond_Gd
All features,Random Forest,3,cat__BsmtCond_None
All features,Random Forest,3,cat__BsmtCond_Po
All features,Random Forest,3,cat__BsmtCond_TA
All features,Random Forest,3,cat__BsmtExposure_Av
All features,Random Forest,3,cat__BsmtExposure_Gd
All features,Random Forest,3,cat__BsmtExposure_Mn
All features,Random Forest,3,cat__BsmtExposure_No
All features,Random Forest,3,cat__BsmtExposure_None
All features,Random Forest,3,cat__BsmtFinType1_ALQ
All features,Random Forest,3,cat__BsmtFinType1_BLQ
All features,Random Forest,3,cat__BsmtFinType1_GLQ
All features,Random Forest,3,cat__BsmtFinType1_LwQ
All features,Random Forest,3,cat__BsmtFinType1_None
All features,Random Forest,3,cat__BsmtFinType1_Rec
All features,Random Forest,3,cat__BsmtFinType1_Unf
All features,Random Forest,3,cat__BsmtFinType2_ALQ
All features,Random Forest,3,cat__BsmtFinType2_BLQ
All features,Random Forest,3,cat__BsmtFinType2_GLQ
All features,Random Forest,3,cat__BsmtFinType2_LwQ
All features,Random Forest,3,cat__BsmtFinType2_None
All features,Random Forest,3,cat__BsmtFinType2_Rec
All features,Random Forest,3,cat__BsmtFinType2_Unf
All features,Random Forest,3,cat__Heating_Floor
All features,Random Forest,3,cat__Heating_GasA
All features,Random Forest,3,cat__Heating_GasW
All features,Random Forest,3,cat__Heating_Grav
All features,Random Forest,3,cat__Heating_OthW
All features,Random Forest,3,cat__Heating_Wall
All features,Random Forest,3,cat__HeatingQC_Ex
All features,Random Forest,3,cat__HeatingQC_Fa
All features,Random Forest,3,cat__HeatingQC_Gd
All features,Random Forest,3,cat__HeatingQC_Po
All features,Random Forest,3,cat__HeatingQC_TA
All features,Random Forest,3,cat__CentralAir_N
All features,Random Forest,3,cat__CentralAir_Y
All features,Random Forest,3,cat__Electrical_FuseA
All features,Random Forest,3,cat__Electrical_FuseF
All features,Random Forest,3,cat__Electrical_FuseP
All features,Random Forest,3,cat__Electrical_Mix
All features,Random Forest,3,cat__Electrical_SBrkr
All features,Random Forest,3,cat__KitchenQual_Ex
All features,Random Forest,3,cat__KitchenQual_Fa
All features,Random Forest,3,cat__KitchenQual_Gd
All features,Random Forest,3,cat__KitchenQual_TA
All features,Random Forest,3,cat__Functional_Maj1
All features,Random Forest,3,cat__Functional_Maj2
All features,Random Forest,3,cat__Functional_Min1
All features,Random Forest,3,cat__Functional_Min2
All features,Random Forest,3,cat__Functional_Mod
All features,Random Forest,3,cat__Functional_Typ
All features,Random Forest,3,cat__FireplaceQu_Ex
All features,Random Forest,3,cat__FireplaceQu_Fa
All features,Random Forest,3,cat__FireplaceQu_Gd
All features,Random Forest,3,cat__FireplaceQu_None
All features,Random Forest,3,cat__FireplaceQu_Po
All features,Random Forest,3,cat__FireplaceQu_TA
All features,Random Forest,3,cat__GarageType_2Types
All features,Random Forest,3,cat__GarageType_Attchd
All features,Random Forest,3,cat__GarageType_Basment
All features,Random Forest,3,cat__GarageType_BuiltIn
All features,Random Forest,3,cat__GarageType_CarPort
All features,Random Forest,3,cat__GarageType_Detchd
All features,Random Forest,3,cat__GarageType_None
All features,Random Forest,3,cat__GarageFinish_Fin
All features,Random Forest,3,cat__GarageFinish_None
All features,Random Forest,3,cat__GarageFinish_RFn
All features,Random Forest,3,cat__GarageFinish_Unf
All features,Random Forest,3,cat__GarageQual_Ex
All features,Random Forest,3,cat__GarageQual_Fa
All features,Random Forest,3,cat__GarageQual_Gd
All features,Random Forest,3,cat__GarageQual_None
All features,Random Forest,3,cat__GarageQual_Po
All features,Random Forest,3,cat__GarageQual_TA
All features,Random Forest,3,cat__GarageCond_Ex
All features,Random Forest,3,cat__GarageCond_Fa
All features,Random Forest,3,cat__GarageCond_Gd
All features,Random Forest,3,cat__GarageCond_None
All features,Random Forest,3,cat__GarageCond_Po
All features,Random Forest,3,cat__GarageCond_TA
All features,Random Forest,3,cat__PavedDrive_N
All features,Random Forest,3,cat__PavedDrive_P
All features,Random Forest,3,cat__PavedDrive_Y
All features,Random Forest,3,cat__Fence_GdPrv
All features,Random Forest,3,cat__Fence_GdWo
All features,Random Forest,3,cat__Fence_MnPrv
All features,Random Forest,3,cat__Fence_MnWw
All features,Random Forest,3,cat__Fence_None
All features,Random Forest,3,cat__MiscFeature_Gar2
All features,Random Forest,3,cat__MiscFeature_None
All features,Random Forest,3,cat__MiscFeature_Othr
All features,Random Forest,3,cat__MiscFeature_Shed
All features,Random Forest,3,cat__MiscFeature_TenC
All features,Random Forest,3,cat__MoSold_1
All features,Random Forest,3,cat__MoSold_10
All features,Random Forest,3,cat__MoSold_11
All features,Random Forest,3,cat__MoSold_12
All features,Random Forest,3,cat__MoSold_2
All features,Random Forest,3,cat__MoSold_3
All features,Random Forest,3,cat__MoSold_4
All features,Random Forest,3,cat__MoSold_5
All features,Random Forest,3,cat__MoSold_6
All features,Random Forest,3,cat__MoSold_7
All features,Random Forest,3,cat__MoSold_8
All features,Random Forest,3,cat__MoSold_9
All features,Random Forest,3,cat__YrSold_2006
All features,Random Forest,3,cat__YrSold_2007
All features,Random Forest,3,cat__YrSold_2008
All features,Random Forest,3,cat__YrSold_2009
All features,Random Forest,3,cat__YrSold_2010
All features,Random Forest,3,cat__SaleType_COD
All features,Random Forest,3,cat__SaleType_CWD
All features,Random Forest,3,cat__SaleType_Con
All features,Random Forest,3,cat__SaleType_ConLD
All features,Random Forest,3,cat__SaleType_ConLI
All features,Random Forest,3,cat__SaleType_ConLw
All features,Random Forest,3,cat__SaleType_New
All features,Random Forest,3,cat__SaleType_Oth
All features,Random Forest,3,cat__SaleType_WD
All features,Random Forest,3,cat__SaleCondition_Abnorml
All features,Random Forest,3,cat__SaleCondition_AdjLand
All features,Random Forest,3,cat__SaleCondition_Alloca
All features,Random Forest,3,cat__SaleCondition_Family
All features,Random Forest,3,cat__SaleCondition_Normal
All features,Random Forest,3,cat__SaleCondition_Partial
All features,Random Forest,4,num__LotFrontage
All features,Random Forest,4,num__LotArea
All features,Random Forest,4,num__OverallQual
All features,Random Forest,4,num__OverallCond
All features,Random Forest,4,num__YearBuilt
All features,Random Forest,4,num__YearRemodAdd
All features,Random Forest,4,num__MasVnrArea
All features,Random Forest,4,num__BsmtFinSF1
All features,Random Forest,4,num__BsmtFinSF2
All features,Random Forest,4,num__BsmtUnfSF
All features,Random Forest,4,num__TotalBsmtSF
All features,Random Forest,4,num__1stFlrSF
All features,Random Forest,4,num__2ndFlrSF
All features,Random Forest,4,num__LowQualFinSF
All features,Random Forest,4,num__GrLivArea
All features,Random Forest,4,num__BsmtFullBath
All features,Random Forest,4,num__BsmtHalfBath
All features,Random Forest,4,num__FullBath
All features,Random Forest,4,num__HalfBath
All features,Random Forest,4,num__BedroomAbvGr
All features,Random Forest,4,num__KitchenAbvGr
All features,Random Forest,4,num__TotRmsAbvGrd
All features,Random Forest,4,num__Fireplaces
All features,Random Forest,4,num__GarageYrBlt
All features,Random Forest,4,num__GarageCars
All features,Random Forest,4,num__GarageArea
All features,Random Forest,4,num__WoodDeckSF
All features,Random Forest,4,num__OpenPorchSF
All features,Random Forest,4,num__EnclosedPorch
All features,Random Forest,4,num__3SsnPorch
All features,Random Forest,4,num__ScreenPorch
All features,Random Forest,4,num__MiscVal
All features,Random Forest,4,cat__MSSubClass_120
All features,Random Forest,4,cat__MSSubClass_160
All features,Random Forest,4,cat__MSSubClass_180
All features,Random Forest,4,cat__MSSubClass_190
All features,Random Forest,4,cat__MSSubClass_20
All features,Random Forest,4,cat__MSSubClass_30
All features,Random Forest,4,cat__MSSubClass_40
All features,Random Forest,4,cat__MSSubClass_45
All features,Random Forest,4,cat__MSSubClass_50
All features,Random Forest,4,cat__MSSubClass_60
All features,Random Forest,4,cat__MSSubClass_70
All features,Random Forest,4,cat__MSSubClass_75
All features,Random Forest,4,cat__MSSubClass_80
All features,Random Forest,4,cat__MSSubClass_85
All features,Random Forest,4,cat__MSSubClass_90
All features,Random Forest,4,cat__MSZoning_C (all)
All features,Random Forest,4,cat__MSZoning_FV
All features,Random Forest,4,cat__MSZoning_RH
All features,Random Forest,4,cat__MSZoning_RL
All features,Random Forest,4,cat__MSZoning_RM
All features,Random Forest,4,cat__Alley_Grvl
All features,Random Forest,4,cat__Alley_None
All features,Random Forest,4,cat__Alley_Pave
All features,Random Forest,4,cat__LotShape_IR1
All features,Random Forest,4,cat__LotShape_IR2
All features,Random Forest,4,cat__LotShape_IR3
All features,Random Forest,4,cat__LotShape_Reg
All features,Random Forest,4,cat__LandContour_Bnk
All features,Random Forest,4,cat__LandContour_HLS
All features,Random Forest,4,cat__LandContour_Low
All features,Random Forest,4,cat__LandContour_Lvl
All features,Random Forest,4,cat__LotConfig_Corner
All features,Random Forest,4,cat__LotConfig_CulDSac
All features,Random Forest,4,cat__LotConfig_FR2
All features,Random Forest,4,cat__LotConfig_FR3
All features,Random Forest,4,cat__LotConfig_Inside
All features,Random Forest,4,cat__LandSlope_Gtl
All features,Random Forest,4,cat__LandSlope_Mod
All features,Random Forest,4,cat__LandSlope_Sev
All features,Random Forest,4,cat__Neighborhood_Blmngtn
All features,Random Forest,4,cat__Neighborhood_Blueste
All features,Random Forest,4,cat__Neighborhood_BrDale
All features,Random Forest,4,cat__Neighborhood_BrkSide
All features,Random Forest,4,cat__Neighborhood_ClearCr
All features,Random Forest,4,cat__Neighborhood_CollgCr
All features,Random Forest,4,cat__Neighborhood_Crawfor
All features,Random Forest,4,cat__Neighborhood_Edwards
All features,Random Forest,4,cat__Neighborhood_Gilbert
All features,Random Forest,4,cat__Neighborhood_IDOTRR
All features,Random Forest,4,cat__Neighborhood_MeadowV
All features,Random Forest,4,cat__Neighborhood_Mitchel
All features,Random Forest,4,cat__Neighborhood_NAmes
All features,Random Forest,4,cat__Neighborhood_NPkVill
All features,Random Forest,4,cat__Neighborhood_NWAmes
All features,Random Forest,4,cat__Neighborhood_NoRidge
All features,Random Forest,4,cat__Neighborhood_NridgHt
All features,Random Forest,4,cat__Neighborhood_OldTown
All features,Random Forest,4,cat__Neighborhood_SWISU
All features,Random Forest,4,cat__Neighborhood_Sawyer
All features,Random Forest,4,cat__Neighborhood_SawyerW
All features,Random Forest,4,cat__Neighborhood_Somerst
All features,Random Forest,4,cat__Neighborhood_StoneBr
All features,Random Forest,4,cat__Neighborhood_Timber
All features,Random Forest,4,cat__Neighborhood_Veenker
All features,Random Forest,4,cat__Condition1_Artery
All features,Random Forest,4,cat__Condition1_Feedr
All features,Random Forest,4,cat__Condition1_Norm
All features,Random Forest,4,cat__Condition1_PosA
All features,Random Forest,4,cat__Condition1_PosN
All features,Random Forest,4,cat__Condition1_RRAe
All features,Random Forest,4,cat__Condition1_RRAn
All features,Random Forest,4,cat__Condition1_RRNe
All features,Random Forest,4,cat__Condition1_RRNn
All features,Random Forest,4,cat__Condition2_Artery
All features,Random Forest,4,cat__Condition2_Feedr
All features,Random Forest,4,cat__Condition2_Norm
All features,Random Forest,4,cat__Condition2_PosA
All features,Random Forest,4,cat__Condition2_RRAe
All features,Random Forest,4,cat__Condition2_RRNn
All features,Random Forest,4,cat__BldgType_1Fam
All features,Random Forest,4,cat__BldgType_2fmCon
All features,Random Forest,4,cat__BldgType_Duplex
All features,Random Forest,4,cat__BldgType_Twnhs
All features,Random Forest,4,cat__BldgType_TwnhsE
All features,Random Forest,4,cat__HouseStyle_1.5Fin
All features,Random Forest,4,cat__HouseStyle_1.5Unf
All features,Random Forest,4,cat__HouseStyle_1Story
All features,Random Forest,4,cat__HouseStyle_2.5Fin
All features,Random Forest,4,cat__HouseStyle_2.5Unf
All features,Random Forest,4,cat__HouseStyle_2Story
All features,Random Forest,4,cat__HouseStyle_SFoyer
All features,Random Forest,4,cat__HouseStyle_SLvl
All features,Random Forest,4,cat__RoofStyle_Flat
All features,Random Forest,4,cat__RoofStyle_Gable
All features,Random Forest,4,cat__RoofStyle_Gambrel
All features,Random Forest,4,cat__RoofStyle_Hip
All features,Random Forest,4,cat__RoofStyle_Mansard
All features,Random Forest,4,cat__RoofStyle_Shed
All features,Random Forest,4,cat__RoofMatl_CompShg
All features,Random Forest,4,cat__RoofMatl_Membran
All features,Random Forest,4,cat__RoofMatl_Metal
All features,Random Forest,4,cat__RoofMatl_Roll
All features,Random Forest,4,cat__RoofMatl_Tar&Grv
All features,Random Forest,4,cat__RoofMatl_WdShake
All features,Random Forest,4,cat__RoofMatl_WdShngl
All features,Random Forest,4,cat__Exterior1st_AsbShng
All features,Random Forest,4,cat__Exterior1st_BrkComm
All features,Random Forest,4,cat__Exterior1st_BrkFace
All features,Random Forest,4,cat__Exterior1st_CemntBd
All features,Random Forest,4,cat__Exterior1st_HdBoard
All features,Random Forest,4,cat__Exterior1st_ImStucc
All features,Random Forest,4,cat__Exterior1st_MetalSd
All features,Random Forest,4,cat__Exterior1st_Plywood
All features,Random Forest,4,cat__Exterior1st_Stone
All features,Random Forest,4,cat__Exterior1st_Stucco
All features,Random Forest,4,cat__Exterior1st_VinylSd
All features,Random Forest,4,cat__Exterior1st_Wd Sdng
All features,Random Forest,4,cat__Exterior1st_WdShing
All features,Random Forest,4,cat__Exterior2nd_AsbShng
All features,Random Forest,4,cat__Exterior2nd_AsphShn
All features,Random Forest,4,cat__Exterior2nd_Brk Cmn
All features,Random Forest,4,cat__Exterior2nd_BrkFace
All features,Random Forest,4,cat__Exterior2nd_CmentBd
All features,Random Forest,4,cat__Exterior2nd_HdBoard
All features,Random Forest,4,cat__Exterior2nd_ImStucc
All features,Random Forest,4,cat__Exterior2nd_MetalSd
All features,Random Forest,4,cat__Exterior2nd_Plywood
All features,Random Forest,4,cat__Exterior2nd_Stone
All features,Random Forest,4,cat__Exterior2nd_Stucco
All features,Random Forest,4,cat__Exterior2nd_VinylSd
All features,Random Forest,4,cat__Exterior2nd_Wd Sdng
All features,Random Forest,4,cat__Exterior2nd_Wd Shng
All features,Random Forest,4,cat__MasVnrType_BrkCmn
All features,Random Forest,4,cat__MasVnrType_BrkFace
All features,Random Forest,4,cat__MasVnrType_None
All features,Random Forest,4,cat__MasVnrType_Stone
All features,Random Forest,4,cat__ExterQual_Ex
All features,Random Forest,4,cat__ExterQual_Fa
All features,Random Forest,4,cat__ExterQual_Gd
All features,Random Forest,4,cat__ExterQual_TA
All features,Random Forest,4,cat__ExterCond_Ex
All features,Random Forest,4,cat__ExterCond_Fa
All features,Random Forest,4,cat__ExterCond_Gd
All features,Random Forest,4,cat__ExterCond_Po
All features,Random Forest,4,cat__ExterCond_TA
All features,Random Forest,4,cat__Foundation_BrkTil
All features,Random Forest,4,cat__Foundation_CBlock
All features,Random Forest,4,cat__Foundation_PConc
All features,Random Forest,4,cat__Foundation_Slab
All features,Random Forest,4,cat__Foundation_Stone
All features,Random Forest,4,cat__Foundation_Wood
All features,Random Forest,4,cat__BsmtQual_Ex
All features,Random Forest,4,cat__BsmtQual_Fa
All features,Random Forest,4,cat__BsmtQual_Gd
All features,Random Forest,4,cat__BsmtQual_None
All features,Random Forest,4,cat__BsmtQual_TA
All features,Random Forest,4,cat__BsmtCond_Fa
All features,Random Forest,4,cat__BsmtCond_Gd
All features,Random Forest,4,cat__BsmtCond_None
All features,Random Forest,4,cat__BsmtCond_Po
All features,Random Forest,4,cat__BsmtCond_TA
All features,Random Forest,4,cat__BsmtExposure_Av
All features,Random Forest,4,cat__BsmtExposure_Gd
All features,Random Forest,4,cat__BsmtExposure_Mn
All features,Random Forest,4,cat__BsmtExposure_No
All features,Random Forest,4,cat__BsmtExposure_None
All features,Random Forest,4,cat__BsmtFinType1_ALQ
All features,Random Forest,4,cat__BsmtFinType1_BLQ
All features,Random Forest,4,cat__BsmtFinType1_GLQ
All features,Random Forest,4,cat__BsmtFinType1_LwQ
All features,Random Forest,4,cat__BsmtFinType1_None
All features,Random Forest,4,cat__BsmtFinType1_Rec
All features,Random Forest,4,cat__BsmtFinType1_Unf
All features,Random Forest,4,cat__BsmtFinType2_ALQ
All features,Random Forest,4,cat__BsmtFinType2_BLQ
All features,Random Forest,4,cat__BsmtFinType2_GLQ
All features,Random Forest,4,cat__BsmtFinType2_LwQ
All features,Random Forest,4,cat__BsmtFinType2_None
All features,Random Forest,4,cat__BsmtFinType2_Rec
All features,Random Forest,4,cat__BsmtFinType2_Unf
All features,Random Forest,4,cat__Heating_Floor
All features,Random Forest,4,cat__Heating_GasA
All features,Random Forest,4,cat__Heating_GasW
All features,Random Forest,4,cat__Heating_Grav
All features,Random Forest,4,cat__Heating_OthW
All features,Random Forest,4,cat__Heating_Wall
All features,Random Forest,4,cat__HeatingQC_Ex
All features,Random Forest,4,cat__HeatingQC_Fa
All features,Random Forest,4,cat__HeatingQC_Gd
All features,Random Forest,4,cat__HeatingQC_Po
All features,Random Forest,4,cat__HeatingQC_TA
All features,Random Forest,4,cat__CentralAir_N
All features,Random Forest,4,cat__CentralAir_Y
All features,Random Forest,4,cat__Electrical_FuseA
All features,Random Forest,4,cat__Electrical_FuseF
All features,Random Forest,4,cat__Electrical_FuseP
All features,Random Forest,4,cat__Electrical_Mix
All features,Random Forest,4,cat__Electrical_SBrkr
All features,Random Forest,4,cat__KitchenQual_Ex
All features,Random Forest,4,cat__KitchenQual_Fa
All features,Random Forest,4,cat__KitchenQual_Gd
All features,Random Forest,4,cat__KitchenQual_TA
All features,Random Forest,4,cat__Functional_Maj1
All features,Random Forest,4,cat__Functional_Maj2
All features,Random Forest,4,cat__Functional_Min1
All features,Random Forest,4,cat__Functional_Min2
All features,Random Forest,4,cat__Functional_Mod
All features,Random Forest,4,cat__Functional_Sev
All features,Random Forest,4,cat__Functional_Typ
All features,Random Forest,4,cat__FireplaceQu_Ex
All features,Random Forest,4,cat__FireplaceQu_Fa
All features,Random Forest,4,cat__FireplaceQu_Gd
All features,Random Forest,4,cat__FireplaceQu_None
All features,Random Forest,4,cat__FireplaceQu_Po
All features,Random Forest,4,cat__FireplaceQu_TA
All features,Random Forest,4,cat__GarageType_2Types
All features,Random Forest,4,cat__GarageType_Attchd
All features,Random Forest,4,cat__GarageType_Basment
All features,Random Forest,4,cat__GarageType_BuiltIn
All features,Random Forest,4,cat__GarageType_CarPort
All features,Random Forest,4,cat__GarageType_Detchd
All features,Random Forest,4,cat__GarageType_None
All features,Random Forest,4,cat__GarageFinish_Fin
All features,Random Forest,4,cat__GarageFinish_None
All features,Random Forest,4,cat__GarageFinish_RFn
All features,Random Forest,4,cat__GarageFinish_Unf
All features,Random Forest,4,cat__GarageQual_Fa
All features,Random Forest,4,cat__GarageQual_Gd
All features,Random Forest,4,cat__GarageQual_None
All features,Random Forest,4,cat__GarageQual_Po
All features,Random Forest,4,cat__GarageQual_TA
All features,Random Forest,4,cat__GarageCond_Fa
All features,Random Forest,4,cat__GarageCond_Gd
All features,Random Forest,4,cat__GarageCond_None
All features,Random Forest,4,cat__GarageCond_Po
All features,Random Forest,4,cat__GarageCond_TA
All features,Random Forest,4,cat__PavedDrive_N
All features,Random Forest,4,cat__PavedDrive_P
All features,Random Forest,4,cat__PavedDrive_Y
All features,Random Forest,4,cat__Fence_GdPrv
All features,Random Forest,4,cat__Fence_GdWo
All features,Random Forest,4,cat__Fence_MnPrv
All features,Random Forest,4,cat__Fence_MnWw
All features,Random Forest,4,cat__Fence_None
All features,Random Forest,4,cat__MiscFeature_Gar2
All features,Random Forest,4,cat__MiscFeature_None
All features,Random Forest,4,cat__MiscFeature_Othr
All features,Random Forest,4,cat__MiscFeature_Shed
All features,Random Forest,4,cat__MiscFeature_TenC
All features,Random Forest,4,cat__MoSold_1
All features,Random Forest,4,cat__MoSold_10
All features,Random Forest,4,cat__MoSold_11
All features,Random Forest,4,cat__MoSold_12
All features,Random Forest,4,cat__MoSold_2
All features,Random Forest,4,cat__MoSold_3
All features,Random Forest,4,cat__MoSold_4
All features,Random Forest,4,cat__MoSold_5
All features,Random Forest,4,cat__MoSold_6
All features,Random Forest,4,cat__MoSold_7
All features,Random Forest,4,cat__MoSold_8
All features,Random Forest,4,cat__MoSold_9
All features,Random Forest,4,cat__YrSold_2006
All features,Random Forest,4,cat__YrSold_2007
All features,Random Forest,4,cat__YrSold_2008
All features,Random Forest,4,cat__YrSold_2009
All features,Random Forest,4,cat__YrSold_2010
All features,Random Forest,4,cat__SaleType_COD
All features,Random Forest,4,cat__SaleType_CWD
All features,Random Forest,4,cat__SaleType_Con
All features,Random Forest,4,cat__SaleType_ConLD
All features,Random Forest,4,cat__SaleType_ConLI
All features,Random Forest,4,cat__SaleType_ConLw
All features,Random Forest,4,cat__SaleType_New
All features,Random Forest,4,cat__SaleType_Oth
All features,Random Forest,4,cat__SaleType_WD
All features,Random Forest,4,cat__SaleCondition_Abnorml
All features,Random Forest,4,cat__SaleCondition_AdjLand
All features,Random Forest,4,cat__SaleCondition_Alloca
All features,Random Forest,4,cat__SaleCondition_Family
All features,Random Forest,4,cat__SaleCondition_Normal
All features,Random Forest,4,cat__SaleCondition_Partial
All features,Random Forest,5,num__LotFrontage
All features,Random Forest,5,num__LotArea
All features,Random Forest,5,num__OverallQual
All features,Random Forest,5,num__OverallCond
All features,Random Forest,5,num__YearBuilt
All features,Random Forest,5,num__YearRemodAdd
All features,Random Forest,5,num__MasVnrArea
All features,Random Forest,5,num__BsmtFinSF1
All features,Random Forest,5,num__BsmtFinSF2
All features,Random Forest,5,num__BsmtUnfSF
All features,Random Forest,5,num__TotalBsmtSF
All features,Random Forest,5,num__1stFlrSF
All features,Random Forest,5,num__2ndFlrSF
All features,Random Forest,5,num__LowQualFinSF
All features,Random Forest,5,num__GrLivArea
All features,Random Forest,5,num__BsmtFullBath
All features,Random Forest,5,num__BsmtHalfBath
All features,Random Forest,5,num__FullBath
All features,Random Forest,5,num__HalfBath
All features,Random Forest,5,num__BedroomAbvGr
All features,Random Forest,5,num__KitchenAbvGr
All features,Random Forest,5,num__TotRmsAbvGrd
All features,Random Forest,5,num__Fireplaces
All features,Random Forest,5,num__GarageYrBlt
All features,Random Forest,5,num__GarageCars
All features,Random Forest,5,num__GarageArea
All features,Random Forest,5,num__WoodDeckSF
All features,Random Forest,5,num__OpenPorchSF
All features,Random Forest,5,num__EnclosedPorch
All features,Random Forest,5,num__3SsnPorch
All features,Random Forest,5,num__ScreenPorch
All features,Random Forest,5,num__MiscVal
All features,Random Forest,5,cat__MSSubClass_120
All features,Random Forest,5,cat__MSSubClass_160
All features,Random Forest,5,cat__MSSubClass_180
All features,Random Forest,5,cat__MSSubClass_190
All features,Random Forest,5,cat__MSSubClass_20
All features,Random Forest,5,cat__MSSubClass_30
All features,Random Forest,5,cat__MSSubClass_40
All features,Random Forest,5,cat__MSSubClass_45
All features,Random Forest,5,cat__MSSubClass_50
All features,Random Forest,5,cat__MSSubClass_60
All features,Random Forest,5,cat__MSSubClass_70
All features,Random Forest,5,cat__MSSubClass_75
All features,Random Forest,5,cat__MSSubClass_80
All features,Random Forest,5,cat__MSSubClass_85
All features,Random Forest,5,cat__MSSubClass_90
All features,Random Forest,5,cat__MSZoning_C (all)
All features,Random Forest,5,cat__MSZoning_FV
All features,Random Forest,5,cat__MSZoning_RH
All features,Random Forest,5,cat__MSZoning_RL
All features,Random Forest,5,cat__MSZoning_RM
All features,Random Forest,5,cat__Alley_Grvl
All features,Random Forest,5,cat__Alley_None
All features,Random Forest,5,cat__Alley_Pave
All features,Random Forest,5,cat__LotShape_IR1
All features,Random Forest,5,cat__LotShape_IR2
All features,Random Forest,5,cat__LotShape_IR3
All features,Random Forest,5,cat__LotShape_Reg
All features,Random Forest,5,cat__LandContour_Bnk
All features,Random Forest,5,cat__LandContour_HLS
All features,Random Forest,5,cat__LandContour_Low
All features,Random Forest,5,cat__LandContour_Lvl
All features,Random Forest,5,cat__LotConfig_Corner
All features,Random Forest,5,cat__LotConfig_CulDSac
All features,Random Forest,5,cat__LotConfig_FR2
All features,Random Forest,5,cat__LotConfig_FR3
All features,Random Forest,5,cat__LotConfig_Inside
All features,Random Forest,5,cat__LandSlope_Gtl
All features,Random Forest,5,cat__LandSlope_Mod
All features,Random Forest,5,cat__LandSlope_Sev
All features,Random Forest,5,cat__Neighborhood_Blmngtn
All features,Random Forest,5,cat__Neighborhood_Blueste
All features,Random Forest,5,cat__Neighborhood_BrDale
All features,Random Forest,5,cat__Neighborhood_BrkSide
All features,Random Forest,5,cat__Neighborhood_ClearCr
All features,Random Forest,5,cat__Neighborhood_CollgCr
All features,Random Forest,5,cat__Neighborhood_Crawfor
All features,Random Forest,5,cat__Neighborhood_Edwards
All features,Random Forest,5,cat__Neighborhood_Gilbert
All features,Random Forest,5,cat__Neighborhood_IDOTRR
All features,Random Forest,5,cat__Neighborhood_MeadowV
All features,Random Forest,5,cat__Neighborhood_Mitchel
All features,Random Forest,5,cat__Neighborhood_NAmes
All features,Random Forest,5,cat__Neighborhood_NPkVill
All features,Random Forest,5,cat__Neighborhood_NWAmes
All features,Random Forest,5,cat__Neighborhood_NoRidge
All features,Random Forest,5,cat__Neighborhood_NridgHt
All features,Random Forest,5,cat__Neighborhood_OldTown
All features,Random Forest,5,cat__Neighborhood_SWISU
All features,Random Forest,5,cat__Neighborhood_Sawyer
All features,Random Forest,5,cat__Neighborhood_SawyerW
All features,Random Forest,5,cat__Neighborhood_Somerst
All features,Random Forest,5,cat__Neighborhood_StoneBr
All features,Random Forest,5,cat__Neighborhood_Timber
All features,Random Forest,5,cat__Neighborhood_Veenker
All features,Random Forest,5,cat__Condition1_Artery
All features,Random Forest,5,cat__Condition1_Feedr
All features,Random Forest,5,cat__Condition1_Norm
All features,Random Forest,5,cat__Condition1_PosA
All features,Random Forest,5,cat__Condition1_PosN
All features,Random Forest,5,cat__Condition1_RRAe
All features,Random Forest,5,cat__Condition1_RRAn
All features,Random Forest,5,cat__Condition1_RRNe
All features,Random Forest,5,cat__Condition1_RRNn
All features,Random Forest,5,cat__Condition2_Artery
All features,Random Forest,5,cat__Condition2_Feedr
All features,Random Forest,5,cat__Condition2_Norm
All features,Random Forest,5,cat__Condition2_PosA
All features,Random Forest,5,cat__Condition2_PosN
All features,Random Forest,5,cat__Condition2_RRAe
All features,Random Forest,5,cat__Condition2_RRAn
All features,Random Forest,5,cat__Condition2_RRNn
All features,Random Forest,5,cat__BldgType_1Fam
All features,Random Forest,5,cat__BldgType_2fmCon
All features,Random Forest,5,cat__BldgType_Duplex
All features,Random Forest,5,cat__BldgType_Twnhs
All features,Random Forest,5,cat__BldgType_TwnhsE
All features,Random Forest,5,cat__HouseStyle_1.5Fin
All features,Random Forest,5,cat__HouseStyle_1.5Unf
All features,Random Forest,5,cat__HouseStyle_1Story
All features,Random Forest,5,cat__HouseStyle_2.5Fin
All features,Random Forest,5,cat__HouseStyle_2.5Unf
All features,Random Forest,5,cat__HouseStyle_2Story
All features,Random Forest,5,cat__HouseStyle_SFoyer
All features,Random Forest,5,cat__HouseStyle_SLvl
All features,Random Forest,5,cat__RoofStyle_Flat
All features,Random Forest,5,cat__RoofStyle_Gable
All features,Random Forest,5,cat__RoofStyle_Gambrel
All features,Random Forest,5,cat__RoofStyle_Hip
All features,Random Forest,5,cat__RoofStyle_Mansard
All features,Random Forest,5,cat__RoofStyle_Shed
All features,Random Forest,5,cat__RoofMatl_CompShg
All features,Random Forest,5,cat__RoofMatl_Membran
All features,Random Forest,5,cat__RoofMatl_Metal
All features,Random Forest,5,cat__RoofMatl_Tar&Grv
All features,Random Forest,5,cat__RoofMatl_WdShake
All features,Random Forest,5,cat__RoofMatl_WdShngl
All features,Random Forest,5,cat__Exterior1st_AsbShng
All features,Random Forest,5,cat__Exterior1st_AsphShn
All features,Random Forest,5,cat__Exterior1st_BrkComm
All features,Random Forest,5,cat__Exterior1st_BrkFace
All features,Random Forest,5,cat__Exterior1st_CBlock
All features,Random Forest,5,cat__Exterior1st_CemntBd
All features,Random Forest,5,cat__Exterior1st_HdBoard
All features,Random Forest,5,cat__Exterior1st_ImStucc
All features,Random Forest,5,cat__Exterior1st_MetalSd
All features,Random Forest,5,cat__Exterior1st_Plywood
All features,Random Forest,5,cat__Exterior1st_Stone
All features,Random Forest,5,cat__Exterior1st_Stucco
All features,Random Forest,5,cat__Exterior1st_VinylSd
All features,Random Forest,5,cat__Exterior1st_Wd Sdng
All features,Random Forest,5,cat__Exterior1st_WdShing
All features,Random Forest,5,cat__Exterior2nd_AsbShng
All features,Random Forest,5,cat__Exterior2nd_AsphShn
All features,Random Forest,5,cat__Exterior2nd_Brk Cmn
All features,Random Forest,5,cat__Exterior2nd_BrkFace
All features,Random Forest,5,cat__Exterior2nd_CBlock
All features,Random Forest,5,cat__Exterior2nd_CmentBd
All features,Random Forest,5,cat__Exterior2nd_HdBoard
All features,Random Forest,5,cat__Exterior2nd_ImStucc
All features,Random Forest,5,cat__Exterior2nd_MetalSd
All features,Random Forest,5,cat__Exterior2nd_Other
All features,Random Forest,5,cat__Exterior2nd_Plywood
All features,Random Forest,5,cat__Exterior2nd_Stone
All features,Random Forest,5,cat__Exterior2nd_Stucco
All features,Random Forest,5,cat__Exterior2nd_VinylSd
All features,Random Forest,5,cat__Exterior2nd_Wd Sdng
All features,Random Forest,5,cat__Exterior2nd_Wd Shng
All features,Random Forest,5,cat__MasVnrType_BrkCmn
All features,Random Forest,5,cat__MasVnrType_BrkFace
All features,Random Forest,5,cat__MasVnrType_None
All features,Random Forest,5,cat__MasVnrType_Stone
All features,Random Forest,5,cat__ExterQual_Ex
All features,Random Forest,5,cat__ExterQual_Fa
All features,Random Forest,5,cat__ExterQual_Gd
All features,Random Forest,5,cat__ExterQual_TA
All features,Random Forest,5,cat__ExterCond_Ex
All features,Random Forest,5,cat__ExterCond_Fa
All features,Random Forest,5,cat__ExterCond_Gd
All features,Random Forest,5,cat__ExterCond_Po
All features,Random Forest,5,cat__ExterCond_TA
All features,Random Forest,5,cat__Foundation_BrkTil
All features,Random Forest,5,cat__Foundation_CBlock
All features,Random Forest,5,cat__Foundation_PConc
All features,Random Forest,5,cat__Foundation_Slab
All features,Random Forest,5,cat__Foundation_Stone
All features,Random Forest,5,cat__Foundation_Wood
All features,Random Forest,5,cat__BsmtQual_Ex
All features,Random Forest,5,cat__BsmtQual_Fa
All features,Random Forest,5,cat__BsmtQual_Gd
All features,Random Forest,5,cat__BsmtQual_None
All features,Random Forest,5,cat__BsmtQual_TA
All features,Random Forest,5,cat__BsmtCond_Fa
All features,Random Forest,5,cat__BsmtCond_Gd
All features,Random Forest,5,cat__BsmtCond_None
All features,Random Forest,5,cat__BsmtCond_Po
All features,Random Forest,5,cat__BsmtCond_TA
All features,Random Forest,5,cat__BsmtExposure_Av
All features,Random Forest,5,cat__BsmtExposure_Gd
All features,Random Forest,5,cat__BsmtExposure_Mn
All features,Random Forest,5,cat__BsmtExposure_No
All features,Random Forest,5,cat__BsmtExposure_None
All features,Random Forest,5,cat__BsmtFinType1_ALQ
All features,Random Forest,5,cat__BsmtFinType1_BLQ
All features,Random Forest,5,cat__BsmtFinType1_GLQ
All features,Random Forest,5,cat__BsmtFinType1_LwQ
All features,Random Forest,5,cat__BsmtFinType1_None
All features,Random Forest,5,cat__BsmtFinType1_Rec
All features,Random Forest,5,cat__BsmtFinType1_Unf
All features,Random Forest,5,cat__BsmtFinType2_ALQ
All features,Random Forest,5,cat__BsmtFinType2_BLQ
All features,Random Forest,5,cat__BsmtFinType2_GLQ
All features,Random Forest,5,cat__BsmtFinType2_LwQ
All features,Random Forest,5,cat__BsmtFinType2_None
All features,Random Forest,5,cat__BsmtFinType2_Rec
All features,Random Forest,5,cat__BsmtFinType2_Unf
All features,Random Forest,5,cat__Heating_GasA
All features,Random Forest,5,cat__Heating_GasW
All features,Random Forest,5,cat__Heating_Grav
All features,Random Forest,5,cat__Heating_OthW
All features,Random Forest,5,cat__Heating_Wall
All features,Random Forest,5,cat__HeatingQC_Ex
All features,Random Forest,5,cat__HeatingQC_Fa
All features,Random Forest,5,cat__HeatingQC_Gd
All features,Random Forest,5,cat__HeatingQC_Po
All features,Random Forest,5,cat__HeatingQC_TA
All features,Random Forest,5,cat__CentralAir_N
All features,Random Forest,5,cat__CentralAir_Y
All features,Random Forest,5,cat__Electrical_FuseA
All features,Random Forest,5,cat__Electrical_FuseF
All features,Random Forest,5,cat__Electrical_FuseP
All features,Random Forest,5,cat__Electrical_Mix
All features,Random Forest,5,cat__Electrical_SBrkr
All features,Random Forest,5,cat__KitchenQual_Ex
All features,Random Forest,5,cat__KitchenQual_Fa
All features,Random Forest,5,cat__KitchenQual_Gd
All features,Random Forest,5,cat__KitchenQual_TA
All features,Random Forest,5,cat__Functional_Maj1
All features,Random Forest,5,cat__Functional_Maj2
All features,Random Forest,5,cat__Functional_Min1
All features,Random Forest,5,cat__Functional_Min2
All features,Random Forest,5,cat__Functional_Mod
All features,Random Forest,5,cat__Functional_Sev
All features,Random Forest,5,cat__Functional_Typ
All features,Random Forest,5,cat__FireplaceQu_Ex
All features,Random Forest,5,cat__FireplaceQu_Fa
All features,Random Forest,5,cat__FireplaceQu_Gd
All features,Random Forest,5,cat__FireplaceQu_None
All features,Random Forest,5,cat__FireplaceQu_Po
All features,Random Forest,5,cat__FireplaceQu_TA
All features,Random Forest,5,cat__GarageType_2Types
All features,Random Forest,5,cat__GarageType_Attchd
All features,Random Forest,5,cat__GarageType_Basment
All features,Random Forest,5,cat__GarageType_BuiltIn
All features,Random Forest,5,cat__GarageType_CarPort
All features,Random Forest,5,cat__GarageType_Detchd
All features,Random Forest,5,cat__GarageType_None
All features,Random Forest,5,cat__GarageFinish_Fin
All features,Random Forest,5,cat__GarageFinish_None
All features,Random Forest,5,cat__GarageFinish_RFn
All features,Random Forest,5,cat__GarageFinish_Unf
All features,Random Forest,5,cat__GarageQual_Ex
All features,Random Forest,5,cat__GarageQual_Fa
All features,Random Forest,5,cat__GarageQual_Gd
All features,Random Forest,5,cat__GarageQual_None
All features,Random Forest,5,cat__GarageQual_Po
All features,Random Forest,5,cat__GarageQual_TA
All features,Random Forest,5,cat__GarageCond_Ex
All features,Random Forest,5,cat__GarageCond_Fa
All features,Random Forest,5,cat__GarageCond_Gd
All features,Random Forest,5,cat__GarageCond_None
All features,Random Forest,5,cat__GarageCond_Po
All features,Random Forest,5,cat__GarageCond_TA
All features,Random Forest,5,cat__PavedDrive_N
All features,Random Forest,5,cat__PavedDrive_P
All features,Random Forest,5,cat__PavedDrive_Y
All features,Random Forest,5,cat__Fence_GdPrv
All features,Random Forest,5,cat__Fence_GdWo
All features,Random Forest,5,cat__Fence_MnPrv
All features,Random Forest,5,cat__Fence_MnWw
All features,Random Forest,5,cat__Fence_None
All features,Random Forest,5,cat__MiscFeature_Gar2
All features,Random Forest,5,cat__MiscFeature_None
All features,Random Forest,5,cat__MiscFeature_Othr
All features,Random Forest,5,cat__MiscFeature_Shed
All features,Random Forest,5,cat__MoSold_1
All features,Random Forest,5,cat__MoSold_10
All features,Random Forest,5,cat__MoSold_11
All features,Random Forest,5,cat__MoSold_12
All features,Random Forest,5,cat__MoSold_2
All features,Random Forest,5,cat__MoSold_3
All features,Random Forest,5,cat__MoSold_4
All features,Random Forest,5,cat__MoSold_5
All features,Random Forest,5,cat__MoSold_6
All features,Random Forest,5,cat__MoSold_7
All features,Random Forest,5,cat__MoSold_8
All features,Random Forest,5,cat__MoSold_9
All features,Random Forest,5,cat__YrSold_2006
All features,Random Forest,5,cat__YrSold_2007
All features,Random Forest,5,cat__YrSold_2008
All features,Random Forest,5,cat__YrSold_2009
All features,Random Forest,5,cat__YrSold_2010
All features,Random Forest,5,cat__SaleType_COD
All features,Random Forest,5,cat__SaleType_CWD
All features,Random Forest,5,cat__SaleType_Con
All features,Random Forest,5,cat__SaleType_ConLD
All features,Random Forest,5,cat__SaleType_ConLI
All features,Random Forest,5,cat__SaleType_ConLw
All features,Random Forest,5,cat__SaleType_New
All features,Random Forest,5,cat__SaleType_Oth
All features,Random Forest,5,cat__SaleType_WD
All features,Random Forest,5,cat__SaleCondition_Abnorml
All features,Random Forest,5,cat__SaleCondition_AdjLand
All features,Random Forest,5,cat__SaleCondition_Alloca
All features,Random Forest,5,cat__SaleCondition_Family
All features,Random Forest,5,cat__SaleCondition_Normal
All features,Random Forest,5,cat__SaleCondition_Partial
F-regression,SVR,1,num__OverallQual
F-regression,SVR,1,num__YearBuilt
F-regression,SVR,1,num__YearRemodAdd
F-regression,SVR,1,num__MasVnrArea
F-regression,SVR,1,num__TotalBsmtSF
F-regression,SVR,1,num__1stFlrSF
F-regression,SVR,1,num__GrLivArea
F-regression,SVR,1,num__FullBath
F-regression,SVR,1,num__TotRmsAbvGrd
F-regression,SVR,1,num__Fireplaces
F-regression,SVR,1,num__GarageCars
F-regression,SVR,1,num__GarageArea
F-regression,SVR,1,cat__MSSubClass_60
F-regression,SVR,1,cat__MasVnrType_None
F-regression,SVR,1,cat__ExterQual_Gd
F-regression,SVR,1,cat__ExterQual_TA
F-regression,SVR,1,cat__Foundation_PConc
F-regression,SVR,1,cat__BsmtQual_Ex
F-regression,SVR,1,cat__BsmtQual_TA
F-regression,SVR,1,cat__BsmtFinType1_GLQ
F-regression,SVR,1,cat__HeatingQC_Ex
F-regression,SVR,1,cat__KitchenQual_Ex
F-regression,SVR,1,cat__KitchenQual_Gd
F-regression,SVR,1,cat__KitchenQual_TA
F-regression,SVR,1,cat__FireplaceQu_None
F-regression,SVR,1,cat__GarageType_Attchd
F-regression,SVR,1,cat__GarageType_Detchd
F-regression,SVR,1,cat__GarageFinish_Fin
F-regression,SVR,1,cat__GarageFinish_Unf
F-regression,SVR,1,cat__GarageCond_TA
F-regression,SVR,2,num__OverallQual
F-regression,SVR,2,num__YearBuilt
F-regression,SVR,2,num__YearRemodAdd
F-regression,SVR,2,num__MasVnrArea
F-regression,SVR,2,num__BsmtFinSF1
F-regression,SVR,2,num__TotalBsmtSF
F-regression,SVR,2,num__1stFlrSF
F-regression,SVR,2,num__GrLivArea
F-regression,SVR,2,num__FullBath
F-regression,SVR,2,num__TotRmsAbvGrd
F-regression,SVR,2,num__Fireplaces
F-regression,SVR,2,num__GarageCars
F-regression,SVR,2,num__GarageArea
F-regression,SVR,2,cat__MSSubClass_60
F-regression,SVR,2,cat__MasVnrType_None
F-regression,SVR,2,cat__ExterQual_Gd
F-regression,SVR,2,cat__ExterQual_TA
F-regression,SVR,2,cat__Foundation_PConc
F-regression,SVR,2,cat__BsmtQual_Ex
F-regression,SVR,2,cat__BsmtQual_TA
F-regression,SVR,2,cat__BsmtFinType1_GLQ
F-regression,SVR,2,cat__HeatingQC_Ex
F-regression,SVR,2,cat__KitchenQual_Ex
F-regression,SVR,2,cat__KitchenQual_Gd
F-regression,SVR,2,cat__KitchenQual_TA
F-regression,SVR,2,cat__FireplaceQu_None
F-regression,SVR,2,cat__GarageType_Attchd
F-regression,SVR,2,cat__GarageType_Detchd
F-regression,SVR,2,cat__GarageFinish_Fin
F-regression,SVR,2,cat__GarageFinish_Unf
F-regression,SVR,3,num__OverallQual
F-regression,SVR,3,num__YearBuilt
F-regression,SVR,3,num__YearRemodAdd
F-regression,SVR,3,num__MasVnrArea
F-regression,SVR,3,num__BsmtFinSF1
F-regression,SVR,3,num__TotalBsmtSF
F-regression,SVR,3,num__1stFlrSF
F-regression,SVR,3,num__GrLivArea
F-regression,SVR,3,num__FullBath
F-regression,SVR,3,num__TotRmsAbvGrd
F-regression,SVR,3,num__Fireplaces
F-regression,SVR,3,num__GarageCars
F-regression,SVR,3,num__GarageArea
F-regression,SVR,3,cat__MSSubClass_60
F-regression,SVR,3,cat__MasVnrType_None
F-regression,SVR,3,cat__ExterQual_Gd
F-regression,SVR,3,cat__ExterQual_TA
F-regression,SVR,3,cat__Foundation_PConc
F-regression,SVR,3,cat__BsmtQual_Ex
F-regression,SVR,3,cat__BsmtQual_TA
F-regression,SVR,3,cat__BsmtFinType1_GLQ
F-regression,SVR,3,cat__HeatingQC_Ex
F-regression,SVR,3,cat__KitchenQual_Ex
F-regression,SVR,3,cat__KitchenQual_Gd
F-regression,SVR,3,cat__KitchenQual_TA
F-regression,SVR,3,cat__FireplaceQu_None
F-regression,SVR,3,cat__GarageType_Attchd
F-regression,SVR,3,cat__GarageType_Detchd
F-regression,SVR,3,cat__GarageFinish_Fin
F-regression,SVR,3,cat__GarageFinish_Unf
F-regression,SVR,4,num__OverallQual
F-regression,SVR,4,num__YearBuilt
F-regression,SVR,4,num__YearRemodAdd
F-regression,SVR,4,num__MasVnrArea
F-regression,SVR,4,num__BsmtFinSF1
F-regression,SVR,4,num__TotalBsmtSF
F-regression,SVR,4,num__1stFlrSF
F-regression,SVR,4,num__GrLivArea
F-regression,SVR,4,num__FullBath
F-regression,SVR,4,num__TotRmsAbvGrd
F-regression,SVR,4,num__Fireplaces
F-regression,SVR,4,num__GarageCars
F-regression,SVR,4,num__GarageArea
F-regression,SVR,4,cat__MSSubClass_60
F-regression,SVR,4,cat__MasVnrType_None
F-regression,SVR,4,cat__ExterQual_Gd
F-regression,SVR,4,cat__ExterQual_TA
F-regression,SVR,4,cat__Foundation_PConc
F-regression,SVR,4,cat__BsmtQual_Ex
F-regression,SVR,4,cat__BsmtQual_TA
F-regression,SVR,4,cat__BsmtFinType1_GLQ
F-regression,SVR,4,cat__HeatingQC_Ex
F-regression,SVR,4,cat__KitchenQual_Ex
F-regression,SVR,4,cat__KitchenQual_Gd
F-regression,SVR,4,cat__KitchenQual_TA
F-regression,SVR,4,cat__FireplaceQu_None
F-regression,SVR,4,cat__GarageType_Attchd
F-regression,SVR,4,cat__GarageType_Detchd
F-regression,SVR,4,cat__GarageFinish_Fin
F-regression,SVR,4,cat__GarageFinish_Unf
F-regression,SVR,5,num__LotFrontage
F-regression,SVR,5,num__OverallQual
F-regression,SVR,5,num__YearBuilt
F-regression,SVR,5,num__YearRemodAdd
F-regression,SVR,5,num__MasVnrArea
F-regression,SVR,5,num__BsmtFinSF1
F-regression,SVR,5,num__TotalBsmtSF
F-regression,SVR,5,num__1stFlrSF
F-regression,SVR,5,num__GrLivArea
F-regression,SVR,5,num__FullBath
F-regression,SVR,5,num__TotRmsAbvGrd
F-regression,SVR,5,num__Fireplaces
F-regression,SVR,5,num__GarageCars
F-regression,SVR,5,num__GarageArea
F-regression,SVR,5,cat__MSSubClass_60
F-regression,SVR,5,cat__MasVnrType_None
F-regression,SVR,5,cat__ExterQual_Gd
F-regression,SVR,5,cat__ExterQual_TA
F-regression,SVR,5,cat__Foundation_PConc
F-regression,SVR,5,cat__BsmtQual_Ex
F-regression,SVR,5,cat__BsmtQual_TA
F-regression,SVR,5,cat__BsmtFinType1_GLQ
F-regression,SVR,5,cat__HeatingQC_Ex
F-regression,SVR,5,cat__KitchenQual_Ex
F-regression,SVR,5,cat__KitchenQual_Gd
F-regression,SVR,5,cat__KitchenQual_TA
F-regression,SVR,5,cat__FireplaceQu_None
F-regression,SVR,5,cat__GarageType_Attchd
F-regression,SVR,5,cat__GarageFinish_Fin
F-regression,SVR,5,cat__GarageFinish_Unf
F-regression,XGBoost,1,num__OverallQual
F-regression,XGBoost,1,num__YearBuilt
F-regression,XGBoost,1,num__YearRemodAdd
F-regression,XGBoost,1,num__MasVnrArea
F-regression,XGBoost,1,num__TotalBsmtSF
F-regression,XGBoost,1,num__1stFlrSF
F-regression,XGBoost,1,num__GrLivArea
F-regression,XGBoost,1,num__FullBath
F-regression,XGBoost,1,num__TotRmsAbvGrd
F-regression,XGBoost,1,num__Fireplaces
F-regression,XGBoost,1,num__GarageCars
F-regression,XGBoost,1,num__GarageArea
F-regression,XGBoost,1,cat__MSSubClass_60
F-regression,XGBoost,1,cat__MasVnrType_None
F-regression,XGBoost,1,cat__ExterQual_Gd
F-regression,XGBoost,1,cat__ExterQual_TA
F-regression,XGBoost,1,cat__Foundation_PConc
F-regression,XGBoost,1,cat__BsmtQual_Ex
F-regression,XGBoost,1,cat__BsmtQual_TA
F-regression,XGBoost,1,cat__BsmtFinType1_GLQ
F-regression,XGBoost,1,cat__HeatingQC_Ex
F-regression,XGBoost,1,cat__KitchenQual_Ex
F-regression,XGBoost,1,cat__KitchenQual_Gd
F-regression,XGBoost,1,cat__KitchenQual_TA
F-regression,XGBoost,1,cat__FireplaceQu_None
F-regression,XGBoost,1,cat__GarageType_Attchd
F-regression,XGBoost,1,cat__GarageType_Detchd
F-regression,XGBoost,1,cat__GarageFinish_Fin
F-regression,XGBoost,1,cat__GarageFinish_Unf
F-regression,XGBoost,1,cat__GarageCond_TA
F-regression,XGBoost,2,num__OverallQual
F-regression,XGBoost,2,num__YearBuilt
F-regression,XGBoost,2,num__YearRemodAdd
F-regression,XGBoost,2,num__MasVnrArea
F-regression,XGBoost,2,num__BsmtFinSF1
F-regression,XGBoost,2,num__TotalBsmtSF
F-regression,XGBoost,2,num__1stFlrSF
F-regression,XGBoost,2,num__GrLivArea
F-regression,XGBoost,2,num__FullBath
F-regression,XGBoost,2,num__TotRmsAbvGrd
F-regression,XGBoost,2,num__Fireplaces
F-regression,XGBoost,2,num__GarageCars
F-regression,XGBoost,2,num__GarageArea
F-regression,XGBoost,2,cat__MSSubClass_60
F-regression,XGBoost,2,cat__MasVnrType_None
F-regression,XGBoost,2,cat__ExterQual_Gd
F-regression,XGBoost,2,cat__ExterQual_TA
F-regression,XGBoost,2,cat__Foundation_PConc
F-regression,XGBoost,2,cat__BsmtQual_Ex
F-regression,XGBoost,2,cat__BsmtQual_TA
F-regression,XGBoost,2,cat__BsmtFinType1_GLQ
F-regression,XGBoost,2,cat__HeatingQC_Ex
F-regression,XGBoost,2,cat__KitchenQual_Ex
F-regression,XGBoost,2,cat__KitchenQual_Gd
F-regression,XGBoost,2,cat__KitchenQual_TA
F-regression,XGBoost,2,cat__FireplaceQu_None
F-regression,XGBoost,2,cat__GarageType_Attchd
F-regression,XGBoost,2,cat__GarageType_Detchd
F-regression,XGBoost,2,cat__GarageFinish_Fin
F-regression,XGBoost,2,cat__GarageFinish_Unf
F-regression,XGBoost,3,num__OverallQual
F-regression,XGBoost,3,num__YearBuilt
F-regression,XGBoost,3,num__YearRemodAdd
F-regression,XGBoost,3,num__MasVnrArea
F-regression,XGBoost,3,num__BsmtFinSF1
F-regression,XGBoost,3,num__TotalBsmtSF
F-regression,XGBoost,3,num__1stFlrSF
F-regression,XGBoost,3,num__GrLivArea
F-regression,XGBoost,3,num__FullBath
F-regression,XGBoost,3,num__TotRmsAbvGrd
F-regression,XGBoost,3,num__Fireplaces
F-regression,XGBoost,3,num__GarageCars
F-regression,XGBoost,3,num__GarageArea
F-regression,XGBoost,3,cat__MSSubClass_60
F-regression,XGBoost,3,cat__MasVnrType_None
F-regression,XGBoost,3,cat__ExterQual_Gd
F-regression,XGBoost,3,cat__ExterQual_TA
F-regression,XGBoost,3,cat__Foundation_PConc
F-regression,XGBoost,3,cat__BsmtQual_Ex
F-regression,XGBoost,3,cat__BsmtQual_TA
F-regression,XGBoost,3,cat__BsmtFinType1_GLQ
F-regression,XGBoost,3,cat__HeatingQC_Ex
F-regression,XGBoost,3,cat__KitchenQual_Ex
F-regression,XGBoost,3,cat__KitchenQual_Gd
F-regression,XGBoost,3,cat__KitchenQual_TA
F-regression,XGBoost,3,cat__FireplaceQu_None
F-regression,XGBoost,3,cat__GarageType_Attchd
F-regression,XGBoost,3,cat__GarageType_Detchd
F-regression,XGBoost,3,cat__GarageFinish_Fin
F-regression,XGBoost,3,cat__GarageFinish_Unf
F-regression,XGBoost,4,num__OverallQual
F-regression,XGBoost,4,num__YearBuilt
F-regression,XGBoost,4,num__YearRemodAdd
F-regression,XGBoost,4,num__MasVnrArea
F-regression,XGBoost,4,num__BsmtFinSF1
F-regression,XGBoost,4,num__TotalBsmtSF
F-regression,XGBoost,4,num__1stFlrSF
F-regression,XGBoost,4,num__GrLivArea
F-regression,XGBoost,4,num__FullBath
F-regression,XGBoost,4,num__TotRmsAbvGrd
F-regression,XGBoost,4,num__Fireplaces
F-regression,XGBoost,4,num__GarageCars
F-regression,XGBoost,4,num__GarageArea
F-regression,XGBoost,4,cat__MSSubClass_60
F-regression,XGBoost,4,cat__MasVnrType_None
F-regression,XGBoost,4,cat__ExterQual_Gd
F-regression,XGBoost,4,cat__ExterQual_TA
F-regression,XGBoost,4,cat__Foundation_PConc
F-regression,XGBoost,4,cat__BsmtQual_Ex
F-regression,XGBoost,4,cat__BsmtQual_TA
F-regression,XGBoost,4,cat__BsmtFinType1_GLQ
F-regression,XGBoost,4,cat__HeatingQC_Ex
F-regression,XGBoost,4,cat__KitchenQual_Ex
F-regression,XGBoost,4,cat__KitchenQual_Gd
F-regression,XGBoost,4,cat__KitchenQual_TA
F-regression,XGBoost,4,cat__FireplaceQu_None
F-regression,XGBoost,4,cat__GarageType_Attchd
F-regression,XGBoost,4,cat__GarageType_Detchd
F-regression,XGBoost,4,cat__GarageFinish_Fin
F-regression,XGBoost,4,cat__GarageFinish_Unf
F-regression,XGBoost,5,num__LotFrontage
F-regression,XGBoost,5,num__OverallQual
F-regression,XGBoost,5,num__YearBuilt
F-regression,XGBoost,5,num__YearRemodAdd
F-regression,XGBoost,5,num__MasVnrArea
F-regression,XGBoost,5,num__BsmtFinSF1
F-regression,XGBoost,5,num__TotalBsmtSF
F-regression,XGBoost,5,num__1stFlrSF
F-regression,XGBoost,5,num__GrLivArea
F-regression,XGBoost,5,num__FullBath
F-regression,XGBoost,5,num__TotRmsAbvGrd
F-regression,XGBoost,5,num__Fireplaces
F-regression,XGBoost,5,num__GarageCars
F-regression,XGBoost,5,num__GarageArea
F-regression,XGBoost,5,cat__MSSubClass_60
F-regression,XGBoost,5,cat__MasVnrType_None
F-regression,XGBoost,5,cat__ExterQual_Gd
F-regression,XGBoost,5,cat__ExterQual_TA
F-regression,XGBoost,5,cat__Foundation_PConc
F-regression,XGBoost,5,cat__BsmtQual_Ex
F-regression,XGBoost,5,cat__BsmtQual_TA
F-regression,XGBoost,5,cat__BsmtFinType1_GLQ
F-regression,XGBoost,5,cat__HeatingQC_Ex
F-regression,XGBoost,5,cat__KitchenQual_Ex
F-regression,XGBoost,5,cat__KitchenQual_Gd
F-regression,XGBoost,5,cat__KitchenQual_TA
F-regression,XGBoost,5,cat__FireplaceQu_None
F-regression,XGBoost,5,cat__GarageType_Attchd
F-regression,XGBoost,5,cat__GarageFinish_Fin
F-regression,XGBoost,5,cat__GarageFinish_Unf
F-regression,Random Forest,1,num__OverallQual
F-regression,Random Forest,1,num__YearBuilt
F-regression,Random Forest,1,num__YearRemodAdd
F-regression,Random Forest,1,num__MasVnrArea
F-regression,Random Forest,1,num__TotalBsmtSF
F-regression,Random Forest,1,num__1stFlrSF
F-regression,Random Forest,1,num__GrLivArea
F-regression,Random Forest,1,num__FullBath
F-regression,Random Forest,1,num__TotRmsAbvGrd
F-regression,Random Forest,1,num__Fireplaces
F-regression,Random Forest,1,num__GarageCars
F-regression,Random Forest,1,num__GarageArea
F-regression,Random Forest,1,cat__MSSubClass_60
F-regression,Random Forest,1,cat__MasVnrType_None
F-regression,Random Forest,1,cat__ExterQual_Gd
F-regression,Random Forest,1,cat__ExterQual_TA
F-regression,Random Forest,1,cat__Foundation_PConc
F-regression,Random Forest,1,cat__BsmtQual_Ex
F-regression,Random Forest,1,cat__BsmtQual_TA
F-regression,Random Forest,1,cat__BsmtFinType1_GLQ
F-regression,Random Forest,1,cat__HeatingQC_Ex
F-regression,Random Forest,1,cat__KitchenQual_Ex
F-regression,Random Forest,1,cat__KitchenQual_Gd
F-regression,Random Forest,1,cat__KitchenQual_TA
F-regression,Random Forest,1,cat__FireplaceQu_None
F-regression,Random Forest,1,cat__GarageType_Attchd
F-regression,Random Forest,1,cat__GarageType_Detchd
F-regression,Random Forest,1,cat__GarageFinish_Fin
F-regression,Random Forest,1,cat__GarageFinish_Unf
F-regression,Random Forest,1,cat__GarageCond_TA
F-regression,Random Forest,2,num__OverallQual
F-regression,Random Forest,2,num__YearBuilt
F-regression,Random Forest,2,num__YearRemodAdd
F-regression,Random Forest,2,num__MasVnrArea
F-regression,Random Forest,2,num__BsmtFinSF1
F-regression,Random Forest,2,num__TotalBsmtSF
F-regression,Random Forest,2,num__1stFlrSF
F-regression,Random Forest,2,num__GrLivArea
F-regression,Random Forest,2,num__FullBath
F-regression,Random Forest,2,num__TotRmsAbvGrd
F-regression,Random Forest,2,num__Fireplaces
F-regression,Random Forest,2,num__GarageCars
F-regression,Random Forest,2,num__GarageArea
F-regression,Random Forest,2,cat__MSSubClass_60
F-regression,Random Forest,2,cat__MasVnrType_None
F-regression,Random Forest,2,cat__ExterQual_Gd
F-regression,Random Forest,2,cat__ExterQual_TA
F-regression,Random Forest,2,cat__Foundation_PConc
F-regression,Random Forest,2,cat__BsmtQual_Ex
F-regression,Random Forest,2,cat__BsmtQual_TA
F-regression,Random Forest,2,cat__BsmtFinType1_GLQ
F-regression,Random Forest,2,cat__HeatingQC_Ex
F-regression,Random Forest,2,cat__KitchenQual_Ex
F-regression,Random Forest,2,cat__KitchenQual_Gd
F-regression,Random Forest,2,cat__KitchenQual_TA
F-regression,Random Forest,2,cat__FireplaceQu_None
F-regression,Random Forest,2,cat__GarageType_Attchd
F-regression,Random Forest,2,cat__GarageType_Detchd
F-regression,Random Forest,2,cat__GarageFinish_Fin
F-regression,Random Forest,2,cat__GarageFinish_Unf
F-regression,Random Forest,3,num__OverallQual
F-regression,Random Forest,3,num__YearBuilt
F-regression,Random Forest,3,num__YearRemodAdd
F-regression,Random Forest,3,num__MasVnrArea
F-regression,Random Forest,3,num__BsmtFinSF1
F-regression,Random Forest,3,num__TotalBsmtSF
F-regression,Random Forest,3,num__1stFlrSF
F-regression,Random Forest,3,num__GrLivArea
F-regression,Random Forest,3,num__FullBath
F-regression,Random Forest,3,num__TotRmsAbvGrd
F-regression,Random Forest,3,num__Fireplaces
F-regression,Random Forest,3,num__GarageCars
F-regression,Random Forest,3,num__GarageArea
F-regression,Random Forest,3,cat__MSSubClass_60
F-regression,Random Forest,3,cat__MasVnrType_None
F-regression,Random Forest,3,cat__ExterQual_Gd
F-regression,Random Forest,3,cat__ExterQual_TA
F-regression,Random Forest,3,cat__Foundation_PConc
F-regression,Random Forest,3,cat__BsmtQual_Ex
F-regression,Random Forest,3,cat__BsmtQual_TA
F-regression,Random Forest,3,cat__BsmtFinType1_GLQ
F-regression,Random Forest,3,cat__HeatingQC_Ex
F-regression,Random Forest,3,cat__KitchenQual_Ex
F-regression,Random Forest,3,cat__KitchenQual_Gd
F-regression,Random Forest,3,cat__KitchenQual_TA
F-regression,Random Forest,3,cat__FireplaceQu_None
F-regression,Random Forest,3,cat__GarageType_Attchd
F-regression,Random Forest,3,cat__GarageType_Detchd
F-regression,Random Forest,3,cat__GarageFinish_Fin
F-regression,Random Forest,3,cat__GarageFinish_Unf
F-regression,Random Forest,4,num__OverallQual
F-regression,Random Forest,4,num__YearBuilt
F-regression,Random Forest,4,num__YearRemodAdd
F-regression,Random Forest,4,num__MasVnrArea
F-regression,Random Forest,4,num__BsmtFinSF1
F-regression,Random Forest,4,num__TotalBsmtSF
F-regression,Random Forest,4,num__1stFlrSF
F-regression,Random Forest,4,num__GrLivArea
F-regression,Random Forest,4,num__FullBath
F-regression,Random Forest,4,num__TotRmsAbvGrd
F-regression,Random Forest,4,num__Fireplaces
F-regression,Random Forest,4,num__GarageCars
F-regression,Random Forest,4,num__GarageArea
F-regression,Random Forest,4,cat__MSSubClass_60
F-regression,Random Forest,4,cat__MasVnrType_None
F-regression,Random Forest,4,cat__ExterQual_Gd
F-regression,Random Forest,4,cat__ExterQual_TA
F-regression,Random Forest,4,cat__Foundation_PConc
F-regression,Random Forest,4,cat__BsmtQual_Ex
F-regression,Random Forest,4,cat__BsmtQual_TA
F-regression,Random Forest,4,cat__BsmtFinType1_GLQ
F-regression,Random Forest,4,cat__HeatingQC_Ex
F-regression,Random Forest,4,cat__KitchenQual_Ex
F-regression,Random Forest,4,cat__KitchenQual_Gd
F-regression,Random Forest,4,cat__KitchenQual_TA
F-regression,Random Forest,4,cat__FireplaceQu_None
F-regression,Random Forest,4,cat__GarageType_Attchd
F-regression,Random Forest,4,cat__GarageType_Detchd
F-regression,Random Forest,4,cat__GarageFinish_Fin
F-regression,Random Forest,4,cat__GarageFinish_Unf
F-regression,Random Forest,5,num__LotFrontage
F-regression,Random Forest,5,num__OverallQual
F-regression,Random Forest,5,num__YearBuilt
F-regression,Random Forest,5,num__YearRemodAdd
F-regression,Random Forest,5,num__MasVnrArea
F-regression,Random Forest,5,num__BsmtFinSF1
F-regression,Random Forest,5,num__TotalBsmtSF
F-regression,Random Forest,5,num__1stFlrSF
F-regression,Random Forest,5,num__GrLivArea
F-regression,Random Forest,5,num__FullBath
F-regression,Random Forest,5,num__TotRmsAbvGrd
F-regression,Random Forest,5,num__Fireplaces
F-regression,Random Forest,5,num__GarageCars
F-regression,Random Forest,5,num__GarageArea
F-regression,Random Forest,5,cat__MSSubClass_60
F-regression,Random Forest,5,cat__MasVnrType_None
F-regression,Random Forest,5,cat__ExterQual_Gd
F-regression,Random Forest,5,cat__ExterQual_TA
F-regression,Random Forest,5,cat__Foundation_PConc
F-regression,Random Forest,5,cat__BsmtQual_Ex
F-regression,Random Forest,5,cat__BsmtQual_TA
F-regression,Random Forest,5,cat__BsmtFinType1_GLQ
F-regression,Random Forest,5,cat__HeatingQC_Ex
F-regression,Random Forest,5,cat__KitchenQual_Ex
F-regression,Random Forest,5,cat__KitchenQual_Gd
F-regression,Random Forest,5,cat__KitchenQual_TA
F-regression,Random Forest,5,cat__FireplaceQu_None
F-regression,Random Forest,5,cat__GarageType_Attchd
F-regression,Random Forest,5,cat__GarageFinish_Fin
F-regression,Random Forest,5,cat__GarageFinish_Unf
Mutual Information,SVR,1,num__LotFrontage
Mutual Information,SVR,1,num__LotArea
Mutual Information,SVR,1,num__OverallQual
Mutual Information,SVR,1,num__YearBuilt
Mutual Information,SVR,1,num__YearRemodAdd
Mutual Information,SVR,1,num__BsmtFinSF1
Mutual Information,SVR,1,num__BsmtUnfSF
Mutual Information,SVR,1,num__TotalBsmtSF
Mutual Information,SVR,1,num__1stFlrSF
Mutual Information,SVR,1,num__2ndFlrSF
Mutual Information,SVR,1,num__GrLivArea
Mutual Information,SVR,1,num__FullBath
Mutual Information,SVR,1,num__TotRmsAbvGrd
Mutual Information,SVR,1,num__Fireplaces
Mutual Information,SVR,1,num__GarageYrBlt
Mutual Information,SVR,1,num__GarageCars
Mutual Information,SVR,1,num__GarageArea
Mutual Information,SVR,1,num__OpenPorchSF
Mutual Information,SVR,1,cat__MSSubClass_60
Mutual Information,SVR,1,cat__ExterQual_Gd
Mutual Information,SVR,1,cat__ExterQual_TA
Mutual Information,SVR,1,cat__Foundation_PConc
Mutual Information,SVR,1,cat__BsmtQual_Ex
Mutual Information,SVR,1,cat__BsmtQual_Gd
Mutual Information,SVR,1,cat__BsmtQual_TA
Mutual Information,SVR,1,cat__HeatingQC_Ex
Mutual Information,SVR,1,cat__KitchenQual_Gd
Mutual Information,SVR,1,cat__KitchenQual_TA
Mutual Information,SVR,1,cat__FireplaceQu_None
Mutual Information,SVR,1,cat__GarageFinish_Unf
Mutual Information,SVR,2,num__LotFrontage
Mutual Information,SVR,2,num__LotArea
Mutual Information,SVR,2,num__OverallQual
Mutual Information,SVR,2,num__OverallCond
Mutual Information,SVR,2,num__YearBuilt
Mutual Information,SVR,2,num__YearRemodAdd
Mutual Information,SVR,2,num__BsmtFinSF1
Mutual Information,SVR,2,num__TotalBsmtSF
Mutual Information,SVR,2,num__1stFlrSF
Mutual Information,SVR,2,num__2ndFlrSF
Mutual Information,SVR,2,num__GrLivArea
Mutual Information,SVR,2,num__FullBath
Mutual Information,SVR,2,num__TotRmsAbvGrd
Mutual Information,SVR,2,num__Fireplaces
Mutual Information,SVR,2,num__GarageYrBlt
Mutual Information,SVR,2,num__GarageCars
Mutual Information,SVR,2,num__GarageArea
Mutual Information,SVR,2,num__OpenPorchSF
Mutual Information,SVR,2,cat__MSSubClass_60
Mutual Information,SVR,2,cat__ExterQual_Gd
Mutual Information,SVR,2,cat__ExterQual_TA
Mutual Information,SVR,2,cat__Foundation_PConc
Mutual Information,SVR,2,cat__BsmtQual_Gd
Mutual Information,SVR,2,cat__BsmtQual_TA
Mutual Information,SVR,2,cat__HeatingQC_Ex
Mutual Information,SVR,2,cat__KitchenQual_Gd
Mutual Information,SVR,2,cat__KitchenQual_TA
Mutual Information,SVR,2,cat__FireplaceQu_None
Mutual Information,SVR,2,cat__GarageType_Attchd
Mutual Information,SVR,2,cat__GarageFinish_Unf
Mutual Information,SVR,3,num__LotFrontage
Mutual Information,SVR,3,num__LotArea
Mutual Information,SVR,3,num__OverallQual
Mutual Information,SVR,3,num__YearBuilt
Mutual Information,SVR,3,num__YearRemodAdd
Mutual Information,SVR,3,num__BsmtFinSF1
Mutual Information,SVR,3,num__BsmtUnfSF
Mutual Information,SVR,3,num__TotalBsmtSF
Mutual Information,SVR,3,num__1stFlrSF
Mutual Information,SVR,3,num__2ndFlrSF
Mutual Information,SVR,3,num__GrLivArea
Mutual Information,SVR,3,num__FullBath
Mutual Information,SVR,3,num__TotRmsAbvGrd
Mutual Information,SVR,3,num__Fireplaces
Mutual Information,SVR,3,num__GarageYrBlt
Mutual Information,SVR,3,num__GarageCars
Mutual Information,SVR,3,num__GarageArea
Mutual Information,SVR,3,num__OpenPorchSF
Mutual Information,SVR,3,cat__MSSubClass_60
Mutual Information,SVR,3,cat__ExterQual_Gd
Mutual Information,SVR,3,cat__ExterQual_TA
Mutual Information,SVR,3,cat__Foundation_PConc
Mutual Information,SVR,3,cat__BsmtQual_Ex
Mutual Information,SVR,3,cat__BsmtQual_Gd
Mutual Information,SVR,3,cat__BsmtQual_TA
Mutual Information,SVR,3,cat__HeatingQC_Ex
Mutual Information,SVR,3,cat__KitchenQual_Gd
Mutual Information,SVR,3,cat__KitchenQual_TA
Mutual Information,SVR,3,cat__FireplaceQu_None
Mutual Information,SVR,3,cat__GarageFinish_Unf
Mutual Information,SVR,4,num__LotFrontage
Mutual Information,SVR,4,num__LotArea
Mutual Information,SVR,4,num__OverallQual
Mutual Information,SVR,4,num__YearBuilt
Mutual Information,SVR,4,num__YearRemodAdd
Mutual Information,SVR,4,num__BsmtFinSF1
Mutual Information,SVR,4,num__BsmtUnfSF
Mutual Information,SVR,4,num__TotalBsmtSF
Mutual Information,SVR,4,num__1stFlrSF
Mutual Information,SVR,4,num__2ndFlrSF
Mutual Information,SVR,4,num__GrLivArea
Mutual Information,SVR,4,num__FullBath
Mutual Information,SVR,4,num__TotRmsAbvGrd
Mutual Information,SVR,4,num__Fireplaces
Mutual Information,SVR,4,num__GarageYrBlt
Mutual Information,SVR,4,num__GarageCars
Mutual Information,SVR,4,num__GarageArea
Mutual Information,SVR,4,num__OpenPorchSF
Mutual Information,SVR,4,cat__MSSubClass_60
Mutual Information,SVR,4,cat__ExterQual_Gd
Mutual Information,SVR,4,cat__ExterQual_TA
Mutual Information,SVR,4,cat__Foundation_PConc
Mutual Information,SVR,4,cat__BsmtQual_Ex
Mutual Information,SVR,4,cat__BsmtQual_Gd
Mutual Information,SVR,4,cat__BsmtQual_TA
Mutual Information,SVR,4,cat__KitchenQual_Gd
Mutual Information,SVR,4,cat__KitchenQual_TA
Mutual Information,SVR,4,cat__FireplaceQu_None
Mutual Information,SVR,4,cat__GarageFinish_Fin
Mutual Information,SVR,4,cat__GarageFinish_Unf
Mutual Information,SVR,5,num__LotFrontage
Mutual Information,SVR,5,num__LotArea
Mutual Information,SVR,5,num__OverallQual
Mutual Information,SVR,5,num__OverallCond
Mutual Information,SVR,5,num__YearBuilt
Mutual Information,SVR,5,num__YearRemodAdd
Mutual Information,SVR,5,num__BsmtFinSF1
Mutual Information,SVR,5,num__BsmtUnfSF
Mutual Information,SVR,5,num__TotalBsmtSF
Mutual Information,SVR,5,num__1stFlrSF
Mutual Information,SVR,5,num__2ndFlrSF
Mutual Information,SVR,5,num__GrLivArea
Mutual Information,SVR,5,num__FullBath
Mutual Information,SVR,5,num__TotRmsAbvGrd
Mutual Information,SVR,5,num__Fireplaces
Mutual Information,SVR,5,num__GarageYrBlt
Mutual Information,SVR,5,num__GarageCars
Mutual Information,SVR,5,num__GarageArea
Mutual Information,SVR,5,num__OpenPorchSF
Mutual Information,SVR,5,cat__MSSubClass_60
Mutual Information,SVR,5,cat__ExterQual_Gd
Mutual Information,SVR,5,cat__ExterQual_TA
Mutual Information,SVR,5,cat__Foundation_PConc
Mutual Information,SVR,5,cat__BsmtQual_Gd
Mutual Information,SVR,5,cat__BsmtQual_TA
Mutual Information,SVR,5,cat__HeatingQC_Ex
Mutual Information,SVR,5,cat__KitchenQual_Gd
Mutual Information,SVR,5,cat__KitchenQual_TA
Mutual Information,SVR,5,cat__FireplaceQu_None
Mutual Information,SVR,5,cat__GarageFinish_Unf
Mutual Information,XGBoost,1,num__LotFrontage
Mutual Information,XGBoost,1,num__LotArea
Mutual Information,XGBoost,1,num__OverallQual
Mutual Information,XGBoost,1,num__YearBuilt
Mutual Information,XGBoost,1,num__YearRemodAdd
Mutual Information,XGBoost,1,num__BsmtFinSF1
Mutual Information,XGBoost,1,num__BsmtUnfSF
Mutual Information,XGBoost,1,num__TotalBsmtSF
Mutual Information,XGBoost,1,num__1stFlrSF
Mutual Information,XGBoost,1,num__2ndFlrSF
Mutual Information,XGBoost,1,num__GrLivArea
Mutual Information,XGBoost,1,num__FullBath
Mutual Information,XGBoost,1,num__TotRmsAbvGrd
Mutual Information,XGBoost,1,num__Fireplaces
Mutual Information,XGBoost,1,num__GarageYrBlt
Mutual Information,XGBoost,1,num__GarageCars
Mutual Information,XGBoost,1,num__GarageArea
Mutual Information,XGBoost,1,num__OpenPorchSF
Mutual Information,XGBoost,1,cat__MSSubClass_60
Mutual Information,XGBoost,1,cat__ExterQual_Gd
Mutual Information,XGBoost,1,cat__ExterQual_TA
Mutual Information,XGBoost,1,cat__Foundation_PConc
Mutual Information,XGBoost,1,cat__BsmtQual_Ex
Mutual Information,XGBoost,1,cat__BsmtQual_Gd
Mutual Information,XGBoost,1,cat__BsmtQual_TA
Mutual Information,XGBoost,1,cat__HeatingQC_Ex
Mutual Information,XGBoost,1,cat__KitchenQual_Gd
Mutual Information,XGBoost,1,cat__KitchenQual_TA
Mutual Information,XGBoost,1,cat__FireplaceQu_None
Mutual Information,XGBoost,1,cat__GarageFinish_Unf
Mutual Information,XGBoost,2,num__LotFrontage
Mutual Information,XGBoost,2,num__LotArea
Mutual Information,XGBoost,2,num__OverallQual
Mutual Information,XGBoost,2,num__OverallCond
Mutual Information,XGBoost,2,num__YearBuilt
Mutual Information,XGBoost,2,num__YearRemodAdd
Mutual Information,XGBoost,2,num__BsmtFinSF1
Mutual Information,XGBoost,2,num__TotalBsmtSF
Mutual Information,XGBoost,2,num__1stFlrSF
Mutual Information,XGBoost,2,num__2ndFlrSF
Mutual Information,XGBoost,2,num__GrLivArea
Mutual Information,XGBoost,2,num__FullBath
Mutual Information,XGBoost,2,num__TotRmsAbvGrd
Mutual Information,XGBoost,2,num__Fireplaces
Mutual Information,XGBoost,2,num__GarageYrBlt
Mutual Information,XGBoost,2,num__GarageCars
Mutual Information,XGBoost,2,num__GarageArea
Mutual Information,XGBoost,2,num__OpenPorchSF
Mutual Information,XGBoost,2,cat__MSSubClass_60
Mutual Information,XGBoost,2,cat__ExterQual_Gd
Mutual Information,XGBoost,2,cat__ExterQual_TA
Mutual Information,XGBoost,2,cat__Foundation_PConc
Mutual Information,XGBoost,2,cat__BsmtQual_Gd
Mutual Information,XGBoost,2,cat__BsmtQual_TA
Mutual Information,XGBoost,2,cat__HeatingQC_Ex
Mutual Information,XGBoost,2,cat__KitchenQual_Gd
Mutual Information,XGBoost,2,cat__KitchenQual_TA
Mutual Information,XGBoost,2,cat__FireplaceQu_None
Mutual Information,XGBoost,2,cat__GarageType_Attchd
Mutual Information,XGBoost,2,cat__GarageFinish_Unf
Mutual Information,XGBoost,3,num__LotFrontage
Mutual Information,XGBoost,3,num__LotArea
Mutual Information,XGBoost,3,num__OverallQual
Mutual Information,XGBoost,3,num__YearBuilt
Mutual Information,XGBoost,3,num__YearRemodAdd
Mutual Information,XGBoost,3,num__BsmtFinSF1
Mutual Information,XGBoost,3,num__BsmtUnfSF
Mutual Information,XGBoost,3,num__TotalBsmtSF
Mutual Information,XGBoost,3,num__1stFlrSF
Mutual Information,XGBoost,3,num__2ndFlrSF
Mutual Information,XGBoost,3,num__GrLivArea
Mutual Information,XGBoost,3,num__FullBath
Mutual Information,XGBoost,3,num__TotRmsAbvGrd
Mutual Information,XGBoost,3,num__Fireplaces
Mutual Information,XGBoost,3,num__GarageYrBlt
Mutual Information,XGBoost,3,num__GarageCars
Mutual Information,XGBoost,3,num__GarageArea
Mutual Information,XGBoost,3,num__OpenPorchSF
Mutual Information,XGBoost,3,cat__MSSubClass_60
Mutual Information,XGBoost,3,cat__ExterQual_Gd
Mutual Information,XGBoost,3,cat__ExterQual_TA
Mutual Information,XGBoost,3,cat__Foundation_PConc
Mutual Information,XGBoost,3,cat__BsmtQual_Ex
Mutual Information,XGBoost,3,cat__BsmtQual_Gd
Mutual Information,XGBoost,3,cat__BsmtQual_TA
Mutual Information,XGBoost,3,cat__HeatingQC_Ex
Mutual Information,XGBoost,3,cat__KitchenQual_Gd
Mutual Information,XGBoost,3,cat__KitchenQual_TA
Mutual Information,XGBoost,3,cat__FireplaceQu_None
Mutual Information,XGBoost,3,cat__GarageFinish_Unf
Mutual Information,XGBoost,4,num__LotFrontage
Mutual Information,XGBoost,4,num__LotArea
Mutual Information,XGBoost,4,num__OverallQual
Mutual Information,XGBoost,4,num__YearBuilt
Mutual Information,XGBoost,4,num__YearRemodAdd
Mutual Information,XGBoost,4,num__BsmtFinSF1
Mutual Information,XGBoost,4,num__BsmtUnfSF
Mutual Information,XGBoost,4,num__TotalBsmtSF
Mutual Information,XGBoost,4,num__1stFlrSF
Mutual Information,XGBoost,4,num__2ndFlrSF
Mutual Information,XGBoost,4,num__GrLivArea
Mutual Information,XGBoost,4,num__FullBath
Mutual Information,XGBoost,4,num__TotRmsAbvGrd
Mutual Information,XGBoost,4,num__Fireplaces
Mutual Information,XGBoost,4,num__GarageYrBlt
Mutual Information,XGBoost,4,num__GarageCars
Mutual Information,XGBoost,4,num__GarageArea
Mutual Information,XGBoost,4,num__OpenPorchSF
Mutual Information,XGBoost,4,cat__MSSubClass_60
Mutual Information,XGBoost,4,cat__ExterQual_Gd
Mutual Information,XGBoost,4,cat__ExterQual_TA
Mutual Information,XGBoost,4,cat__Foundation_PConc
Mutual Information,XGBoost,4,cat__BsmtQual_Ex
Mutual Information,XGBoost,4,cat__BsmtQual_Gd
Mutual Information,XGBoost,4,cat__BsmtQual_TA
Mutual Information,XGBoost,4,cat__KitchenQual_Gd
Mutual Information,XGBoost,4,cat__KitchenQual_TA
Mutual Information,XGBoost,4,cat__FireplaceQu_None
Mutual Information,XGBoost,4,cat__GarageFinish_Fin
Mutual Information,XGBoost,4,cat__GarageFinish_Unf
Mutual Information,XGBoost,5,num__LotFrontage
Mutual Information,XGBoost,5,num__LotArea
Mutual Information,XGBoost,5,num__OverallQual
Mutual Information,XGBoost,5,num__OverallCond
Mutual Information,XGBoost,5,num__YearBuilt
Mutual Information,XGBoost,5,num__YearRemodAdd
Mutual Information,XGBoost,5,num__BsmtFinSF1
Mutual Information,XGBoost,5,num__BsmtUnfSF
Mutual Information,XGBoost,5,num__TotalBsmtSF
Mutual Information,XGBoost,5,num__1stFlrSF
Mutual Information,XGBoost,5,num__2ndFlrSF
Mutual Information,XGBoost,5,num__GrLivArea
Mutual Information,XGBoost,5,num__FullBath
Mutual Information,XGBoost,5,num__TotRmsAbvGrd
Mutual Information,XGBoost,5,num__Fireplaces
Mutual Information,XGBoost,5,num__GarageYrBlt
Mutual Information,XGBoost,5,num__GarageCars
Mutual Information,XGBoost,5,num__GarageArea
Mutual Information,XGBoost,5,num__OpenPorchSF
Mutual Information,XGBoost,5,cat__MSSubClass_60
Mutual Information,XGBoost,5,cat__ExterQual_Gd
Mutual Information,XGBoost,5,cat__ExterQual_TA
Mutual Information,XGBoost,5,cat__Foundation_PConc
Mutual Information,XGBoost,5,cat__BsmtQual_Gd
Mutual Information,XGBoost,5,cat__BsmtQual_TA
Mutual Information,XGBoost,5,cat__HeatingQC_Ex
Mutual Information,XGBoost,5,cat__KitchenQual_Gd
Mutual Information,XGBoost,5,cat__KitchenQual_TA
Mutual Information,XGBoost,5,cat__FireplaceQu_None
Mutual Information,XGBoost,5,cat__GarageFinish_Unf
Mutual Information,Random Forest,1,num__LotFrontage
Mutual Information,Random Forest,1,num__LotArea
Mutual Information,Random Forest,1,num__OverallQual
Mutual Information,Random Forest,1,num__YearBuilt
Mutual Information,Random Forest,1,num__YearRemodAdd
Mutual Information,Random Forest,1,num__BsmtFinSF1
Mutual Information,Random Forest,1,num__BsmtUnfSF
Mutual Information,Random Forest,1,num__TotalBsmtSF
Mutual Information,Random Forest,1,num__1stFlrSF
Mutual Information,Random Forest,1,num__2ndFlrSF
Mutual Information,Random Forest,1,num__GrLivArea
Mutual Information,Random Forest,1,num__FullBath
Mutual Information,Random Forest,1,num__TotRmsAbvGrd
Mutual Information,Random Forest,1,num__Fireplaces
Mutual Information,Random Forest,1,num__GarageYrBlt
Mutual Information,Random Forest,1,num__GarageCars
Mutual Information,Random Forest,1,num__GarageArea
Mutual Information,Random Forest,1,num__OpenPorchSF
Mutual Information,Random Forest,1,cat__MSSubClass_60
Mutual Information,Random Forest,1,cat__ExterQual_Gd
Mutual Information,Random Forest,1,cat__ExterQual_TA
Mutual Information,Random Forest,1,cat__Foundation_PConc
Mutual Information,Random Forest,1,cat__BsmtQual_Ex
Mutual Information,Random Forest,1,cat__BsmtQual_Gd
Mutual Information,Random Forest,1,cat__BsmtQual_TA
Mutual Information,Random Forest,1,cat__HeatingQC_Ex
Mutual Information,Random Forest,1,cat__KitchenQual_Gd
Mutual Information,Random Forest,1,cat__KitchenQual_TA
Mutual Information,Random Forest,1,cat__FireplaceQu_None
Mutual Information,Random Forest,1,cat__GarageFinish_Unf
Mutual Information,Random Forest,2,num__LotFrontage
Mutual Information,Random Forest,2,num__LotArea
Mutual Information,Random Forest,2,num__OverallQual
Mutual Information,Random Forest,2,num__OverallCond
Mutual Information,Random Forest,2,num__YearBuilt
Mutual Information,Random Forest,2,num__YearRemodAdd
Mutual Information,Random Forest,2,num__BsmtFinSF1
Mutual Information,Random Forest,2,num__TotalBsmtSF
Mutual Information,Random Forest,2,num__1stFlrSF
Mutual Information,Random Forest,2,num__2ndFlrSF
Mutual Information,Random Forest,2,num__GrLivArea
Mutual Information,Random Forest,2,num__FullBath
Mutual Information,Random Forest,2,num__TotRmsAbvGrd
Mutual Information,Random Forest,2,num__Fireplaces
Mutual Information,Random Forest,2,num__GarageYrBlt
Mutual Information,Random Forest,2,num__GarageCars
Mutual Information,Random Forest,2,num__GarageArea
Mutual Information,Random Forest,2,num__OpenPorchSF
Mutual Information,Random Forest,2,cat__MSSubClass_60
Mutual Information,Random Forest,2,cat__ExterQual_Gd
Mutual Information,Random Forest,2,cat__ExterQual_TA
Mutual Information,Random Forest,2,cat__Foundation_PConc
Mutual Information,Random Forest,2,cat__BsmtQual_Gd
Mutual Information,Random Forest,2,cat__BsmtQual_TA
Mutual Information,Random Forest,2,cat__HeatingQC_Ex
Mutual Information,Random Forest,2,cat__KitchenQual_Gd
Mutual Information,Random Forest,2,cat__KitchenQual_TA
Mutual Information,Random Forest,2,cat__FireplaceQu_None
Mutual Information,Random Forest,2,cat__GarageType_Attchd
Mutual Information,Random Forest,2,cat__GarageFinish_Unf
Mutual Information,Random Forest,3,num__LotFrontage
Mutual Information,Random Forest,3,num__LotArea
Mutual Information,Random Forest,3,num__OverallQual
Mutual Information,Random Forest,3,num__YearBuilt
Mutual Information,Random Forest,3,num__YearRemodAdd
Mutual Information,Random Forest,3,num__BsmtFinSF1
Mutual Information,Random Forest,3,num__BsmtUnfSF
Mutual Information,Random Forest,3,num__TotalBsmtSF
Mutual Information,Random Forest,3,num__1stFlrSF
Mutual Information,Random Forest,3,num__2ndFlrSF
Mutual Information,Random Forest,3,num__GrLivArea
Mutual Information,Random Forest,3,num__FullBath
Mutual Information,Random Forest,3,num__TotRmsAbvGrd
Mutual Information,Random Forest,3,num__Fireplaces
Mutual Information,Random Forest,3,num__GarageYrBlt
Mutual Information,Random Forest,3,num__GarageCars
Mutual Information,Random Forest,3,num__GarageArea
Mutual Information,Random Forest,3,num__OpenPorchSF
Mutual Information,Random Forest,3,cat__MSSubClass_60
Mutual Information,Random Forest,3,cat__ExterQual_Gd
Mutual Information,Random Forest,3,cat__ExterQual_TA
Mutual Information,Random Forest,3,cat__Foundation_PConc
Mutual Information,Random Forest,3,cat__BsmtQual_Ex
Mutual Information,Random Forest,3,cat__BsmtQual_Gd
Mutual Information,Random Forest,3,cat__BsmtQual_TA
Mutual Information,Random Forest,3,cat__HeatingQC_Ex
Mutual Information,Random Forest,3,cat__KitchenQual_Gd
Mutual Information,Random Forest,3,cat__KitchenQual_TA
Mutual Information,Random Forest,3,cat__FireplaceQu_None
Mutual Information,Random Forest,3,cat__GarageFinish_Unf
Mutual Information,Random Forest,4,num__LotFrontage
Mutual Information,Random Forest,4,num__LotArea
Mutual Information,Random Forest,4,num__OverallQual
Mutual Information,Random Forest,4,num__YearBuilt
Mutual Information,Random Forest,4,num__YearRemodAdd
Mutual Information,Random Forest,4,num__BsmtFinSF1
Mutual Information,Random Forest,4,num__BsmtUnfSF
Mutual Information,Random Forest,4,num__TotalBsmtSF
Mutual Information,Random Forest,4,num__1stFlrSF
Mutual Information,Random Forest,4,num__2ndFlrSF
Mutual Information,Random Forest,4,num__GrLivArea
Mutual Information,Random Forest,4,num__FullBath
Mutual Information,Random Forest,4,num__TotRmsAbvGrd
Mutual Information,Random Forest,4,num__Fireplaces
Mutual Information,Random Forest,4,num__GarageYrBlt
Mutual Information,Random Forest,4,num__GarageCars
Mutual Information,Random Forest,4,num__GarageArea
Mutual Information,Random Forest,4,num__OpenPorchSF
Mutual Information,Random Forest,4,cat__MSSubClass_60
Mutual Information,Random Forest,4,cat__ExterQual_Gd
Mutual Information,Random Forest,4,cat__ExterQual_TA
Mutual Information,Random Forest,4,cat__Foundation_PConc
Mutual Information,Random Forest,4,cat__BsmtQual_Ex
Mutual Information,Random Forest,4,cat__BsmtQual_Gd
Mutual Information,Random Forest,4,cat__BsmtQual_TA
Mutual Information,Random Forest,4,cat__KitchenQual_Gd
Mutual Information,Random Forest,4,cat__KitchenQual_TA
Mutual Information,Random Forest,4,cat__FireplaceQu_None
Mutual Information,Random Forest,4,cat__GarageFinish_Fin
Mutual Information,Random Forest,4,cat__GarageFinish_Unf
Mutual Information,Random Forest,5,num__LotFrontage
Mutual Information,Random Forest,5,num__LotArea
Mutual Information,Random Forest,5,num__OverallQual
Mutual Information,Random Forest,5,num__OverallCond
Mutual Information,Random Forest,5,num__YearBuilt
Mutual Information,Random Forest,5,num__YearRemodAdd
Mutual Information,Random Forest,5,num__BsmtFinSF1
Mutual Information,Random Forest,5,num__BsmtUnfSF
Mutual Information,Random Forest,5,num__TotalBsmtSF
Mutual Information,Random Forest,5,num__1stFlrSF
Mutual Information,Random Forest,5,num__2ndFlrSF
Mutual Information,Random Forest,5,num__GrLivArea
Mutual Information,Random Forest,5,num__FullBath
Mutual Information,Random Forest,5,num__TotRmsAbvGrd
Mutual Information,Random Forest,5,num__Fireplaces
Mutual Information,Random Forest,5,num__GarageYrBlt
Mutual Information,Random Forest,5,num__GarageCars
Mutual Information,Random Forest,5,num__GarageArea
Mutual Information,Random Forest,5,num__OpenPorchSF
Mutual Information,Random Forest,5,cat__MSSubClass_60
Mutual Information,Random Forest,5,cat__ExterQual_Gd
Mutual Information,Random Forest,5,cat__ExterQual_TA
Mutual Information,Random Forest,5,cat__Foundation_PConc
Mutual Information,Random Forest,5,cat__BsmtQual_Gd
Mutual Information,Random Forest,5,cat__BsmtQual_TA
Mutual Information,Random Forest,5,cat__HeatingQC_Ex
Mutual Information,Random Forest,5,cat__KitchenQual_Gd
Mutual Information,Random Forest,5,cat__KitchenQual_TA
Mutual Information,Random Forest,5,cat__FireplaceQu_None
Mutual Information,Random Forest,5,cat__GarageFinish_Unf
RFE (Ridge),SVR,1,num__LotArea
RFE (Ridge),SVR,1,num__OverallQual
RFE (Ridge),SVR,1,num__OverallCond
RFE (Ridge),SVR,1,num__YearBuilt
RFE (Ridge),SVR,1,num__YearRemodAdd
RFE (Ridge),SVR,1,num__BsmtFinSF1
RFE (Ridge),SVR,1,num__TotalBsmtSF
RFE (Ridge),SVR,1,num__1stFlrSF
RFE (Ridge),SVR,1,num__2ndFlrSF
RFE (Ridge),SVR,1,num__GrLivArea
RFE (Ridge),SVR,1,num__HalfBath
RFE (Ridge),SVR,1,num__KitchenAbvGr
RFE (Ridge),SVR,1,num__Fireplaces
RFE (Ridge),SVR,1,num__GarageCars
RFE (Ridge),SVR,1,num__GarageArea
RFE (Ridge),SVR,1,cat__MSSubClass_160
RFE (Ridge),SVR,1,cat__MSSubClass_20
RFE (Ridge),SVR,1,cat__MSZoning_C (all)
RFE (Ridge),SVR,1,cat__MSZoning_RM
RFE (Ridge),SVR,1,cat__Neighborhood_Crawfor
RFE (Ridge),SVR,1,cat__Neighborhood_MeadowV
RFE (Ridge),SVR,1,cat__Neighborhood_StoneBr
RFE (Ridge),SVR,1,cat__HouseStyle_1Story
RFE (Ridge),SVR,1,cat__Exterior1st_BrkFace
RFE (Ridge),SVR,1,cat__Foundation_PConc
RFE (Ridge),SVR,1,cat__BsmtExposure_Gd
RFE (Ridge),SVR,1,cat__Heating_Grav
RFE (Ridge),SVR,1,cat__KitchenQual_Ex
RFE (Ridge),SVR,1,cat__Functional_Typ
RFE (Ridge),SVR,1,cat__SaleType_New
RFE (Ridge),SVR,2,num__LotArea
RFE (Ridge),SVR,2,num__OverallQual
RFE (Ridge),SVR,2,num__OverallCond
RFE (Ridge),SVR,2,num__YearBuilt
RFE (Ridge),SVR,2,num__YearRemodAdd
RFE (Ridge),SVR,2,num__BsmtFinSF1
RFE (Ridge),SVR,2,num__TotalBsmtSF
RFE (Ridge),SVR,2,num__1stFlrSF
RFE (Ridge),SVR,2,num__2ndFlrSF
RFE (Ridge),SVR,2,num__GrLivArea
RFE (Ridge),SVR,2,num__GarageCars
RFE (Ridge),SVR,2,num__GarageArea
RFE (Ridge),SVR,2,cat__MSSubClass_160
RFE (Ridge),SVR,2,cat__MSZoning_C (all)
RFE (Ridge),SVR,2,cat__MSZoning_RM
RFE (Ridge),SVR,2,cat__LandSlope_Sev
RFE (Ridge),SVR,2,cat__Neighborhood_Crawfor
RFE (Ridge),SVR,2,cat__Condition1_Norm
RFE (Ridge),SVR,2,cat__HouseStyle_1.5Unf
RFE (Ridge),SVR,2,cat__Exterior1st_CemntBd
RFE (Ridge),SVR,2,cat__Exterior1st_Wd Sdng
RFE (Ridge),SVR,2,cat__Exterior2nd_CmentBd
RFE (Ridge),SVR,2,cat__Exterior2nd_Wd Sdng
RFE (Ridge),SVR,2,cat__Foundation_PConc
RFE (Ridge),SVR,2,cat__BsmtExposure_Gd
RFE (Ridge),SVR,2,cat__Heating_Grav
RFE (Ridge),SVR,2,cat__KitchenQual_Ex
RFE (Ridge),SVR,2,cat__FireplaceQu_None
RFE (Ridge),SVR,2,cat__GarageQual_Ex
RFE (Ridge),SVR,2,cat__SaleType_New
RFE (Ridge),SVR,3,num__LotArea
RFE (Ridge),SVR,3,num__OverallQual
RFE (Ridge),SVR,3,num__OverallCond
RFE (Ridge),SVR,3,num__YearBuilt
RFE (Ridge),SVR,3,num__BsmtFinSF1
RFE (Ridge),SVR,3,num__TotalBsmtSF
RFE (Ridge),SVR,3,num__1stFlrSF
RFE (Ridge),SVR,3,num__2ndFlrSF
RFE (Ridge),SVR,3,num__GrLivArea
RFE (Ridge),SVR,3,num__BsmtFullBath
RFE (Ridge),SVR,3,num__KitchenAbvGr
RFE (Ridge),SVR,3,num__GarageCars
RFE (Ridge),SVR,3,num__GarageArea
RFE (Ridge),SVR,3,num__ScreenPorch
RFE (Ridge),SVR,3,cat__MSSubClass_160
RFE (Ridge),SVR,3,cat__MSSubClass_30
RFE (Ridge),SVR,3,cat__MSZoning_C (all)
RFE (Ridge),SVR,3,cat__MSZoning_RM
RFE (Ridge),SVR,3,cat__LandSlope_Sev
RFE (Ridge),SVR,3,cat__Neighborhood_Crawfor
RFE (Ridge),SVR,3,cat__Neighborhood_NridgHt
RFE (Ridge),SVR,3,cat__Neighborhood_Somerst
RFE (Ridge),SVR,3,cat__Neighborhood_StoneBr
RFE (Ridge),SVR,3,cat__Exterior1st_BrkComm
RFE (Ridge),SVR,3,cat__Exterior1st_CemntBd
RFE (Ridge),SVR,3,cat__Exterior2nd_CmentBd
RFE (Ridge),SVR,3,cat__BsmtExposure_Gd
RFE (Ridge),SVR,3,cat__Heating_Grav
RFE (Ridge),SVR,3,cat__KitchenQual_Ex
RFE (Ridge),SVR,3,cat__SaleType_New
RFE (Ridge),SVR,4,num__LotArea
RFE (Ridge),SVR,4,num__OverallQual
RFE (Ridge),SVR,4,num__OverallCond
RFE (Ridge),SVR,4,num__YearBuilt
RFE (Ridge),SVR,4,num__YearRemodAdd
RFE (Ridge),SVR,4,num__BsmtFinSF1
RFE (Ridge),SVR,4,num__TotalBsmtSF
RFE (Ridge),SVR,4,num__1stFlrSF
RFE (Ridge),SVR,4,num__2ndFlrSF
RFE (Ridge),SVR,4,num__GrLivArea
RFE (Ridge),SVR,4,num__GarageCars
RFE (Ridge),SVR,4,num__WoodDeckSF
RFE (Ridge),SVR,4,cat__MSSubClass_160
RFE (Ridge),SVR,4,cat__MSZoning_C (all)
RFE (Ridge),SVR,4,cat__MSZoning_FV
RFE (Ridge),SVR,4,cat__Neighborhood_Crawfor
RFE (Ridge),SVR,4,cat__Neighborhood_NridgHt
RFE (Ridge),SVR,4,cat__Neighborhood_StoneBr
RFE (Ridge),SVR,4,cat__Condition1_Norm
RFE (Ridge),SVR,4,cat__BldgType_1Fam
RFE (Ridge),SVR,4,cat__Exterior1st_CemntBd
RFE (Ridge),SVR,4,cat__Exterior1st_MetalSd
RFE (Ridge),SVR,4,cat__Exterior1st_Wd Sdng
RFE (Ridge),SVR,4,cat__Exterior2nd_CmentBd
RFE (Ridge),SVR,4,cat__Exterior2nd_Wd Sdng
RFE (Ridge),SVR,4,cat__HeatingQC_Ex
RFE (Ridge),SVR,4,cat__KitchenQual_Ex
RFE (Ridge),SVR,4,cat__Functional_Mod
RFE (Ridge),SVR,4,cat__SaleType_New
RFE (Ridge),SVR,4,cat__SaleCondition_Normal
RFE (Ridge),SVR,5,num__LotFrontage
RFE (Ridge),SVR,5,num__LotArea
RFE (Ridge),SVR,5,num__OverallQual
RFE (Ridge),SVR,5,num__OverallCond
RFE (Ridge),SVR,5,num__YearBuilt
RFE (Ridge),SVR,5,num__YearRemodAdd
RFE (Ridge),SVR,5,num__BsmtFinSF1
RFE (Ridge),SVR,5,num__TotalBsmtSF
RFE (Ridge),SVR,5,num__1stFlrSF
RFE (Ridge),SVR,5,num__2ndFlrSF
RFE (Ridge),SVR,5,num__GrLivArea
RFE (Ridge),SVR,5,num__BsmtFullBath
RFE (Ridge),SVR,5,num__FullBath
RFE (Ridge),SVR,5,num__KitchenAbvGr
RFE (Ridge),SVR,5,num__GarageCars
RFE (Ridge),SVR,5,num__GarageArea
RFE (Ridge),SVR,5,cat__MSSubClass_160
RFE (Ridge),SVR,5,cat__MSSubClass_50
RFE (Ridge),SVR,5,cat__MSZoning_C (all)
RFE (Ridge),SVR,5,cat__MSZoning_RM
RFE (Ridge),SVR,5,cat__LandSlope_Sev
RFE (Ridge),SVR,5,cat__Neighborhood_Crawfor
RFE (Ridge),SVR,5,cat__HouseStyle_1.5Fin
RFE (Ridge),SVR,5,cat__RoofMatl_Membran
RFE (Ridge),SVR,5,cat__BsmtExposure_Gd
RFE (Ridge),SVR,5,cat__KitchenQual_Ex
RFE (Ridge),SVR,5,cat__Functional_Maj2
RFE (Ridge),SVR,5,cat__Functional_Mod
RFE (Ridge),SVR,5,cat__SaleType_New
RFE (Ridge),SVR,5,cat__SaleCondition_Normal
RFE (Ridge),XGBoost,1,num__LotArea
RFE (Ridge),XGBoost,1,num__OverallQual
RFE (Ridge),XGBoost,1,num__OverallCond
RFE (Ridge),XGBoost,1,num__YearBuilt
RFE (Ridge),XGBoost,1,num__YearRemodAdd
RFE (Ridge),XGBoost,1,num__BsmtFinSF1
RFE (Ridge),XGBoost,1,num__TotalBsmtSF
RFE (Ridge),XGBoost,1,num__1stFlrSF
RFE (Ridge),XGBoost,1,num__2ndFlrSF
RFE (Ridge),XGBoost,1,num__GrLivArea
RFE (Ridge),XGBoost,1,num__HalfBath
RFE (Ridge),XGBoost,1,num__KitchenAbvGr
RFE (Ridge),XGBoost,1,num__Fireplaces
RFE (Ridge),XGBoost,1,num__GarageCars
RFE (Ridge),XGBoost,1,num__GarageArea
RFE (Ridge),XGBoost,1,cat__MSSubClass_160
RFE (Ridge),XGBoost,1,cat__MSSubClass_20
RFE (Ridge),XGBoost,1,cat__MSZoning_C (all)
RFE (Ridge),XGBoost,1,cat__MSZoning_RM
RFE (Ridge),XGBoost,1,cat__Neighborhood_Crawfor
RFE (Ridge),XGBoost,1,cat__Neighborhood_MeadowV
RFE (Ridge),XGBoost,1,cat__Neighborhood_StoneBr
RFE (Ridge),XGBoost,1,cat__HouseStyle_1Story
RFE (Ridge),XGBoost,1,cat__Exterior1st_BrkFace
RFE (Ridge),XGBoost,1,cat__Foundation_PConc
RFE (Ridge),XGBoost,1,cat__BsmtExposure_Gd
RFE (Ridge),XGBoost,1,cat__Heating_Grav
RFE (Ridge),XGBoost,1,cat__KitchenQual_Ex
RFE (Ridge),XGBoost,1,cat__Functional_Typ
RFE (Ridge),XGBoost,1,cat__SaleType_New
RFE (Ridge),XGBoost,2,num__LotArea
RFE (Ridge),XGBoost,2,num__OverallQual
RFE (Ridge),XGBoost,2,num__OverallCond
RFE (Ridge),XGBoost,2,num__YearBuilt
RFE (Ridge),XGBoost,2,num__YearRemodAdd
RFE (Ridge),XGBoost,2,num__BsmtFinSF1
RFE (Ridge),XGBoost,2,num__TotalBsmtSF
RFE (Ridge),XGBoost,2,num__1stFlrSF
RFE (Ridge),XGBoost,2,num__2ndFlrSF
RFE (Ridge),XGBoost,2,num__GrLivArea
RFE (Ridge),XGBoost,2,num__GarageCars
RFE (Ridge),XGBoost,2,num__GarageArea
RFE (Ridge),XGBoost,2,cat__MSSubClass_160
RFE (Ridge),XGBoost,2,cat__MSZoning_C (all)
RFE (Ridge),XGBoost,2,cat__MSZoning_RM
RFE (Ridge),XGBoost,2,cat__LandSlope_Sev
RFE (Ridge),XGBoost,2,cat__Neighborhood_Crawfor
RFE (Ridge),XGBoost,2,cat__Condition1_Norm
RFE (Ridge),XGBoost,2,cat__HouseStyle_1.5Unf
RFE (Ridge),XGBoost,2,cat__Exterior1st_CemntBd
RFE (Ridge),XGBoost,2,cat__Exterior1st_Wd Sdng
RFE (Ridge),XGBoost,2,cat__Exterior2nd_CmentBd
RFE (Ridge),XGBoost,2,cat__Exterior2nd_Wd Sdng
RFE (Ridge),XGBoost,2,cat__Foundation_PConc
RFE (Ridge),XGBoost,2,cat__BsmtExposure_Gd
RFE (Ridge),XGBoost,2,cat__Heating_Grav
RFE (Ridge),XGBoost,2,cat__KitchenQual_Ex
RFE (Ridge),XGBoost,2,cat__FireplaceQu_None
RFE (Ridge),XGBoost,2,cat__GarageQual_Ex
RFE (Ridge),XGBoost,2,cat__SaleType_New
RFE (Ridge),XGBoost,3,num__LotArea
RFE (Ridge),XGBoost,3,num__OverallQual
RFE (Ridge),XGBoost,3,num__OverallCond
RFE (Ridge),XGBoost,3,num__YearBuilt
RFE (Ridge),XGBoost,3,num__BsmtFinSF1
RFE (Ridge),XGBoost,3,num__TotalBsmtSF
RFE (Ridge),XGBoost,3,num__1stFlrSF
RFE (Ridge),XGBoost,3,num__2ndFlrSF
RFE (Ridge),XGBoost,3,num__GrLivArea
RFE (Ridge),XGBoost,3,num__BsmtFullBath
RFE (Ridge),XGBoost,3,num__KitchenAbvGr
RFE (Ridge),XGBoost,3,num__GarageCars
RFE (Ridge),XGBoost,3,num__GarageArea
RFE (Ridge),XGBoost,3,num__ScreenPorch
RFE (Ridge),XGBoost,3,cat__MSSubClass_160
RFE (Ridge),XGBoost,3,cat__MSSubClass_30
RFE (Ridge),XGBoost,3,cat__MSZoning_C (all)
RFE (Ridge),XGBoost,3,cat__MSZoning_RM
RFE (Ridge),XGBoost,3,cat__LandSlope_Sev
RFE (Ridge),XGBoost,3,cat__Neighborhood_Crawfor
RFE (Ridge),XGBoost,3,cat__Neighborhood_NridgHt
RFE (Ridge),XGBoost,3,cat__Neighborhood_Somerst
RFE (Ridge),XGBoost,3,cat__Neighborhood_StoneBr
RFE (Ridge),XGBoost,3,cat__Exterior1st_BrkComm
RFE (Ridge),XGBoost,3,cat__Exterior1st_CemntBd
RFE (Ridge),XGBoost,3,cat__Exterior2nd_CmentBd
RFE (Ridge),XGBoost,3,cat__BsmtExposure_Gd
RFE (Ridge),XGBoost,3,cat__Heating_Grav
RFE (Ridge),XGBoost,3,cat__KitchenQual_Ex
RFE (Ridge),XGBoost,3,cat__SaleType_New
RFE (Ridge),XGBoost,4,num__LotArea
RFE (Ridge),XGBoost,4,num__OverallQual
RFE (Ridge),XGBoost,4,num__OverallCond
RFE (Ridge),XGBoost,4,num__YearBuilt
RFE (Ridge),XGBoost,4,num__YearRemodAdd
RFE (Ridge),XGBoost,4,num__BsmtFinSF1
RFE (Ridge),XGBoost,4,num__TotalBsmtSF
RFE (Ridge),XGBoost,4,num__1stFlrSF
RFE (Ridge),XGBoost,4,num__2ndFlrSF
RFE (Ridge),XGBoost,4,num__GrLivArea
RFE (Ridge),XGBoost,4,num__GarageCars
RFE (Ridge),XGBoost,4,num__WoodDeckSF
RFE (Ridge),XGBoost,4,cat__MSSubClass_160
RFE (Ridge),XGBoost,4,cat__MSZoning_C (all)
RFE (Ridge),XGBoost,4,cat__MSZoning_FV
RFE (Ridge),XGBoost,4,cat__Neighborhood_Crawfor
RFE (Ridge),XGBoost,4,cat__Neighborhood_NridgHt
RFE (Ridge),XGBoost,4,cat__Neighborhood_StoneBr
RFE (Ridge),XGBoost,4,cat__Condition1_Norm
RFE (Ridge),XGBoost,4,cat__BldgType_1Fam
RFE (Ridge),XGBoost,4,cat__Exterior1st_CemntBd
RFE (Ridge),XGBoost,4,cat__Exterior1st_MetalSd
RFE (Ridge),XGBoost,4,cat__Exterior1st_Wd Sdng
RFE (Ridge),XGBoost,4,cat__Exterior2nd_CmentBd
RFE (Ridge),XGBoost,4,cat__Exterior2nd_Wd Sdng
RFE (Ridge),XGBoost,4,cat__HeatingQC_Ex
RFE (Ridge),XGBoost,4,cat__KitchenQual_Ex
RFE (Ridge),XGBoost,4,cat__Functional_Mod
RFE (Ridge),XGBoost,4,cat__SaleType_New
RFE (Ridge),XGBoost,4,cat__SaleCondition_Normal
RFE (Ridge),XGBoost,5,num__LotFrontage
RFE (Ridge),XGBoost,5,num__LotArea
RFE (Ridge),XGBoost,5,num__OverallQual
RFE (Ridge),XGBoost,5,num__OverallCond
RFE (Ridge),XGBoost,5,num__YearBuilt
RFE (Ridge),XGBoost,5,num__YearRemodAdd
RFE (Ridge),XGBoost,5,num__BsmtFinSF1
RFE (Ridge),XGBoost,5,num__TotalBsmtSF
RFE (Ridge),XGBoost,5,num__1stFlrSF
RFE (Ridge),XGBoost,5,num__2ndFlrSF
RFE (Ridge),XGBoost,5,num__GrLivArea
RFE (Ridge),XGBoost,5,num__BsmtFullBath
RFE (Ridge),XGBoost,5,num__FullBath
RFE (Ridge),XGBoost,5,num__KitchenAbvGr
RFE (Ridge),XGBoost,5,num__GarageCars
RFE (Ridge),XGBoost,5,num__GarageArea
RFE (Ridge),XGBoost,5,cat__MSSubClass_160
RFE (Ridge),XGBoost,5,cat__MSSubClass_50
RFE (Ridge),XGBoost,5,cat__MSZoning_C (all)
RFE (Ridge),XGBoost,5,cat__MSZoning_RM
RFE (Ridge),XGBoost,5,cat__LandSlope_Sev
RFE (Ridge),XGBoost,5,cat__Neighborhood_Crawfor
RFE (Ridge),XGBoost,5,cat__HouseStyle_1.5Fin
RFE (Ridge),XGBoost,5,cat__RoofMatl_Membran
RFE (Ridge),XGBoost,5,cat__BsmtExposure_Gd
RFE (Ridge),XGBoost,5,cat__KitchenQual_Ex
RFE (Ridge),XGBoost,5,cat__Functional_Maj2
RFE (Ridge),XGBoost,5,cat__Functional_Mod
RFE (Ridge),XGBoost,5,cat__SaleType_New
RFE (Ridge),XGBoost,5,cat__SaleCondition_Normal
RFE (Ridge),Random Forest,1,num__LotArea
RFE (Ridge),Random Forest,1,num__OverallQual
RFE (Ridge),Random Forest,1,num__OverallCond
RFE (Ridge),Random Forest,1,num__YearBuilt
RFE (Ridge),Random Forest,1,num__YearRemodAdd
RFE (Ridge),Random Forest,1,num__BsmtFinSF1
RFE (Ridge),Random Forest,1,num__TotalBsmtSF
RFE (Ridge),Random Forest,1,num__1stFlrSF
RFE (Ridge),Random Forest,1,num__2ndFlrSF
RFE (Ridge),Random Forest,1,num__GrLivArea
RFE (Ridge),Random Forest,1,num__HalfBath
RFE (Ridge),Random Forest,1,num__KitchenAbvGr
RFE (Ridge),Random Forest,1,num__Fireplaces
RFE (Ridge),Random Forest,1,num__GarageCars
RFE (Ridge),Random Forest,1,num__GarageArea
RFE (Ridge),Random Forest,1,cat__MSSubClass_160
RFE (Ridge),Random Forest,1,cat__MSSubClass_20
RFE (Ridge),Random Forest,1,cat__MSZoning_C (all)
RFE (Ridge),Random Forest,1,cat__MSZoning_RM
RFE (Ridge),Random Forest,1,cat__Neighborhood_Crawfor
RFE (Ridge),Random Forest,1,cat__Neighborhood_MeadowV
RFE (Ridge),Random Forest,1,cat__Neighborhood_StoneBr
RFE (Ridge),Random Forest,1,cat__HouseStyle_1Story
RFE (Ridge),Random Forest,1,cat__Exterior1st_BrkFace
RFE (Ridge),Random Forest,1,cat__Foundation_PConc
RFE (Ridge),Random Forest,1,cat__BsmtExposure_Gd
RFE (Ridge),Random Forest,1,cat__Heating_Grav
RFE (Ridge),Random Forest,1,cat__KitchenQual_Ex
RFE (Ridge),Random Forest,1,cat__Functional_Typ
RFE (Ridge),Random Forest,1,cat__SaleType_New
RFE (Ridge),Random Forest,2,num__LotArea
RFE (Ridge),Random Forest,2,num__OverallQual
RFE (Ridge),Random Forest,2,num__OverallCond
RFE (Ridge),Random Forest,2,num__YearBuilt
RFE (Ridge),Random Forest,2,num__YearRemodAdd
RFE (Ridge),Random Forest,2,num__BsmtFinSF1
RFE (Ridge),Random Forest,2,num__TotalBsmtSF
RFE (Ridge),Random Forest,2,num__1stFlrSF
RFE (Ridge),Random Forest,2,num__2ndFlrSF
RFE (Ridge),Random Forest,2,num__GrLivArea
RFE (Ridge),Random Forest,2,num__GarageCars
RFE (Ridge),Random Forest,2,num__GarageArea
RFE (Ridge),Random Forest,2,cat__MSSubClass_160
RFE (Ridge),Random Forest,2,cat__MSZoning_C (all)
RFE (Ridge),Random Forest,2,cat__MSZoning_RM
RFE (Ridge),Random Forest,2,cat__LandSlope_Sev
RFE (Ridge),Random Forest,2,cat__Neighborhood_Crawfor
RFE (Ridge),Random Forest,2,cat__Condition1_Norm
RFE (Ridge),Random Forest,2,cat__HouseStyle_1.5Unf
RFE (Ridge),Random Forest,2,cat__Exterior1st_CemntBd
RFE (Ridge),Random Forest,2,cat__Exterior1st_Wd Sdng
RFE (Ridge),Random Forest,2,cat__Exterior2nd_CmentBd
RFE (Ridge),Random Forest,2,cat__Exterior2nd_Wd Sdng
RFE (Ridge),Random Forest,2,cat__Foundation_PConc
RFE (Ridge),Random Forest,2,cat__BsmtExposure_Gd
RFE (Ridge),Random Forest,2,cat__Heating_Grav
RFE (Ridge),Random Forest,2,cat__KitchenQual_Ex
RFE (Ridge),Random Forest,2,cat__FireplaceQu_None
RFE (Ridge),Random Forest,2,cat__GarageQual_Ex
RFE (Ridge),Random Forest,2,cat__SaleType_New
RFE (Ridge),Random Forest,3,num__LotArea
RFE (Ridge),Random Forest,3,num__OverallQual
RFE (Ridge),Random Forest,3,num__OverallCond
RFE (Ridge),Random Forest,3,num__YearBuilt
RFE (Ridge),Random Forest,3,num__BsmtFinSF1
RFE (Ridge),Random Forest,3,num__TotalBsmtSF
RFE (Ridge),Random Forest,3,num__1stFlrSF
RFE (Ridge),Random Forest,3,num__2ndFlrSF
RFE (Ridge),Random Forest,3,num__GrLivArea
RFE (Ridge),Random Forest,3,num__BsmtFullBath
RFE (Ridge),Random Forest,3,num__KitchenAbvGr
RFE (Ridge),Random Forest,3,num__GarageCars
RFE (Ridge),Random Forest,3,num__GarageArea
RFE (Ridge),Random Forest,3,num__ScreenPorch
RFE (Ridge),Random Forest,3,cat__MSSubClass_160
RFE (Ridge),Random Forest,3,cat__MSSubClass_30
RFE (Ridge),Random Forest,3,cat__MSZoning_C (all)
RFE (Ridge),Random Forest,3,cat__MSZoning_RM
RFE (Ridge),Random Forest,3,cat__LandSlope_Sev
RFE (Ridge),Random Forest,3,cat__Neighborhood_Crawfor
RFE (Ridge),Random Forest,3,cat__Neighborhood_NridgHt
RFE (Ridge),Random Forest,3,cat__Neighborhood_Somerst
RFE (Ridge),Random Forest,3,cat__Neighborhood_StoneBr
RFE (Ridge),Random Forest,3,cat__Exterior1st_BrkComm
RFE (Ridge),Random Forest,3,cat__Exterior1st_CemntBd
RFE (Ridge),Random Forest,3,cat__Exterior2nd_CmentBd
RFE (Ridge),Random Forest,3,cat__BsmtExposure_Gd
RFE (Ridge),Random Forest,3,cat__Heating_Grav
RFE (Ridge),Random Forest,3,cat__KitchenQual_Ex
RFE (Ridge),Random Forest,3,cat__SaleType_New
RFE (Ridge),Random Forest,4,num__LotArea
RFE (Ridge),Random Forest,4,num__OverallQual
RFE (Ridge),Random Forest,4,num__OverallCond
RFE (Ridge),Random Forest,4,num__YearBuilt
RFE (Ridge),Random Forest,4,num__YearRemodAdd
RFE (Ridge),Random Forest,4,num__BsmtFinSF1
RFE (Ridge),Random Forest,4,num__TotalBsmtSF
RFE (Ridge),Random Forest,4,num__1stFlrSF
RFE (Ridge),Random Forest,4,num__2ndFlrSF
RFE (Ridge),Random Forest,4,num__GrLivArea
RFE (Ridge),Random Forest,4,num__GarageCars
RFE (Ridge),Random Forest,4,num__WoodDeckSF
RFE (Ridge),Random Forest,4,cat__MSSubClass_160
RFE (Ridge),Random Forest,4,cat__MSZoning_C (all)
RFE (Ridge),Random Forest,4,cat__MSZoning_FV
RFE (Ridge),Random Forest,4,cat__Neighborhood_Crawfor
RFE (Ridge),Random Forest,4,cat__Neighborhood_NridgHt
RFE (Ridge),Random Forest,4,cat__Neighborhood_StoneBr
RFE (Ridge),Random Forest,4,cat__Condition1_Norm
RFE (Ridge),Random Forest,4,cat__BldgType_1Fam
RFE (Ridge),Random Forest,4,cat__Exterior1st_CemntBd
RFE (Ridge),Random Forest,4,cat__Exterior1st_MetalSd
RFE (Ridge),Random Forest,4,cat__Exterior1st_Wd Sdng
RFE (Ridge),Random Forest,4,cat__Exterior2nd_CmentBd
RFE (Ridge),Random Forest,4,cat__Exterior2nd_Wd Sdng
RFE (Ridge),Random Forest,4,cat__HeatingQC_Ex
RFE (Ridge),Random Forest,4,cat__KitchenQual_Ex
RFE (Ridge),Random Forest,4,cat__Functional_Mod
RFE (Ridge),Random Forest,4,cat__SaleType_New
RFE (Ridge),Random Forest,4,cat__SaleCondition_Normal
RFE (Ridge),Random Forest,5,num__LotFrontage
RFE (Ridge),Random Forest,5,num__LotArea
RFE (Ridge),Random Forest,5,num__OverallQual
RFE (Ridge),Random Forest,5,num__OverallCond
RFE (Ridge),Random Forest,5,num__YearBuilt
RFE (Ridge),Random Forest,5,num__YearRemodAdd
RFE (Ridge),Random Forest,5,num__BsmtFinSF1
RFE (Ridge),Random Forest,5,num__TotalBsmtSF
RFE (Ridge),Random Forest,5,num__1stFlrSF
RFE (Ridge),Random Forest,5,num__2ndFlrSF
RFE (Ridge),Random Forest,5,num__GrLivArea
RFE (Ridge),Random Forest,5,num__BsmtFullBath
RFE (Ridge),Random Forest,5,num__FullBath
RFE (Ridge),Random Forest,5,num__KitchenAbvGr
RFE (Ridge),Random Forest,5,num__GarageCars
RFE (Ridge),Random Forest,5,num__GarageArea
RFE (Ridge),Random Forest,5,cat__MSSubClass_160
RFE (Ridge),Random Forest,5,cat__MSSubClass_50
RFE (Ridge),Random Forest,5,cat__MSZoning_C (all)
RFE (Ridge),Random Forest,5,cat__MSZoning_RM
RFE (Ridge),Random Forest,5,cat__LandSlope_Sev
RFE (Ridge),Random Forest,5,cat__Neighborhood_Crawfor
RFE (Ridge),Random Forest,5,cat__HouseStyle_1.5Fin
RFE (Ridge),Random Forest,5,cat__RoofMatl_Membran
RFE (Ridge),Random Forest,5,cat__BsmtExposure_Gd
RFE (Ridge),Random Forest,5,cat__KitchenQual_Ex
RFE (Ridge),Random Forest,5,cat__Functional_Maj2
RFE (Ridge),Random Forest,5,cat__Functional_Mod
RFE (Ridge),Random Forest,5,cat__SaleType_New
RFE (Ridge),Random Forest,5,cat__SaleCondition_Normal
Lasso,SVR,1,num__LotArea
Lasso,SVR,1,num__OverallQual
Lasso,SVR,1,num__OverallCond
Lasso,SVR,1,num__YearBuilt
Lasso,SVR,1,num__YearRemodAdd
Lasso,SVR,1,num__BsmtFinSF1
Lasso,SVR,1,num__TotalBsmtSF
Lasso,SVR,1,num__GrLivArea
Lasso,SVR,1,num__BsmtFullBath
Lasso,SVR,1,num__KitchenAbvGr
Lasso,SVR,1,num__GarageCars
Lasso,SVR,1,num__GarageArea
Lasso,SVR,1,cat__MSSubClass_160
Lasso,SVR,1,cat__MSSubClass_30
Lasso,SVR,1,cat__MSZoning_C (all)
Lasso,SVR,1,cat__MSZoning_RM
Lasso,SVR,1,cat__Neighborhood_Crawfor
Lasso,SVR,1,cat__Neighborhood_StoneBr
Lasso,SVR,1,cat__Exterior1st_BrkFace
Lasso,SVR,1,cat__Foundation_PConc
Lasso,SVR,1,cat__BsmtQual_Ex
Lasso,SVR,1,cat__BsmtExposure_Gd
Lasso,SVR,1,cat__Heating_Grav
Lasso,SVR,1,cat__HeatingQC_Ex
Lasso,SVR,1,cat__CentralAir_N
Lasso,SVR,1,cat__KitchenQual_Ex
Lasso,SVR,1,cat__Functional_Maj2
Lasso,SVR,1,cat__Functional_Typ
Lasso,SVR,1,cat__SaleType_New
Lasso,SVR,1,cat__SaleCondition_Abnorml
Lasso,SVR,2,num__LotArea
Lasso,SVR,2,num__OverallQual
Lasso,SVR,2,num__OverallCond
Lasso,SVR,2,num__YearBuilt
Lasso,SVR,2,num__YearRemodAdd
Lasso,SVR,2,num__BsmtFinSF1
Lasso,SVR,2,num__TotalBsmtSF
Lasso,SVR,2,num__GrLivArea
Lasso,SVR,2,num__FullBath
Lasso,SVR,2,num__GarageCars
Lasso,SVR,2,num__GarageArea
Lasso,SVR,2,num__WoodDeckSF
Lasso,SVR,2,num__ScreenPorch
Lasso,SVR,2,cat__MSSubClass_160
Lasso,SVR,2,cat__MSZoning_C (all)
Lasso,SVR,2,cat__MSZoning_RM
Lasso,SVR,2,cat__Neighborhood_Crawfor
Lasso,SVR,2,cat__Neighborhood_MeadowV
Lasso,SVR,2,cat__Neighborhood_NridgHt
Lasso,SVR,2,cat__Neighborhood_StoneBr
Lasso,SVR,2,cat__Condition1_Norm
Lasso,SVR,2,cat__BldgType_1Fam
Lasso,SVR,2,cat__Exterior1st_BrkFace
Lasso,SVR,2,cat__BsmtExposure_Gd
Lasso,SVR,2,cat__CentralAir_N
Lasso,SVR,2,cat__KitchenQual_Ex
Lasso,SVR,2,cat__Functional_Typ
Lasso,SVR,2,cat__FireplaceQu_None
Lasso,SVR,2,cat__SaleType_WD
Lasso,SVR,2,cat__SaleCondition_Abnorml
Lasso,SVR,3,num__LotArea
Lasso,SVR,3,num__OverallQual
Lasso,SVR,3,num__OverallCond
Lasso,SVR,3,num__YearBuilt
Lasso,SVR,3,num__YearRemodAdd
Lasso,SVR,3,num__BsmtFinSF1
Lasso,SVR,3,num__TotalBsmtSF
Lasso,SVR,3,num__GrLivArea
Lasso,SVR,3,num__KitchenAbvGr
Lasso,SVR,3,num__GarageCars
Lasso,SVR,3,num__GarageArea
Lasso,SVR,3,num__WoodDeckSF
Lasso,SVR,3,num__ScreenPorch
Lasso,SVR,3,cat__MSSubClass_160
Lasso,SVR,3,cat__MSSubClass_30
Lasso,SVR,3,cat__MSZoning_C (all)
Lasso,SVR,3,cat__MSZoning_RM
Lasso,SVR,3,cat__LandSlope_Sev
Lasso,SVR,3,cat__Neighborhood_Crawfor
Lasso,SVR,3,cat__Neighborhood_NridgHt
Lasso,SVR,3,cat__Neighborhood_Somerst
Lasso,SVR,3,cat__Neighborhood_StoneBr
Lasso,SVR,3,cat__Condition1_Norm
Lasso,SVR,3,cat__Exterior1st_BrkComm
Lasso,SVR,3,cat__BsmtExposure_Gd
Lasso,SVR,3,cat__Heating_Grav
Lasso,SVR,3,cat__CentralAir_N
Lasso,SVR,3,cat__KitchenQual_Ex
Lasso,SVR,3,cat__Functional_Maj2
Lasso,SVR,3,cat__SaleCondition_Abnorml
Lasso,SVR,4,num__LotArea
Lasso,SVR,4,num__OverallQual
Lasso,SVR,4,num__OverallCond
Lasso,SVR,4,num__YearBuilt
Lasso,SVR,4,num__YearRemodAdd
Lasso,SVR,4,num__BsmtFinSF1
Lasso,SVR,4,num__TotalBsmtSF
Lasso,SVR,4,num__GrLivArea
Lasso,SVR,4,num__BsmtFullBath
Lasso,SVR,4,num__GarageCars
Lasso,SVR,4,num__GarageArea
Lasso,SVR,4,num__WoodDeckSF
Lasso,SVR,4,num__OpenPorchSF
Lasso,SVR,4,num__ScreenPorch
Lasso,SVR,4,cat__MSSubClass_30
Lasso,SVR,4,cat__MSZoning_C (all)
Lasso,SVR,4,cat__MSZoning_FV
Lasso,SVR,4,cat__MSZoning_RM
Lasso,SVR,4,cat__Neighborhood_Crawfor
Lasso,SVR,4,cat__Neighborhood_MeadowV
Lasso,SVR,4,cat__Neighborhood_StoneBr
Lasso,SVR,4,cat__Condition1_Norm
Lasso,SVR,4,cat__Exterior1st_BrkFace
Lasso,SVR,4,cat__Foundation_PConc
Lasso,SVR,4,cat__BsmtQual_Ex
Lasso,SVR,4,cat__KitchenQual_Ex
Lasso,SVR,4,cat__Functional_Maj2
Lasso,SVR,4,cat__Functional_Mod
Lasso,SVR,4,cat__SaleType_ConLD
Lasso,SVR,4,cat__SaleCondition_Abnorml
Lasso,SVR,5,num__LotFrontage
Lasso,SVR,5,num__LotArea
Lasso,SVR,5,num__OverallQual
Lasso,SVR,5,num__OverallCond
Lasso,SVR,5,num__YearBuilt
Lasso,SVR,5,num__YearRemodAdd
Lasso,SVR,5,num__BsmtFinSF1
Lasso,SVR,5,num__TotalBsmtSF
Lasso,SVR,5,num__GrLivArea
Lasso,SVR,5,num__BsmtFullBath
Lasso,SVR,5,num__FullBath
Lasso,SVR,5,num__HalfBath
Lasso,SVR,5,num__KitchenAbvGr
Lasso,SVR,5,num__GarageCars
Lasso,SVR,5,num__GarageArea
Lasso,SVR,5,num__WoodDeckSF
Lasso,SVR,5,cat__MSZoning_C (all)
Lasso,SVR,5,cat__MSZoning_RM
Lasso,SVR,5,cat__Neighborhood_Crawfor
Lasso,SVR,5,cat__Neighborhood_MeadowV
Lasso,SVR,5,cat__Neighborhood_NridgHt
Lasso,SVR,5,cat__Neighborhood_StoneBr
Lasso,SVR,5,cat__Foundation_PConc
Lasso,SVR,5,cat__BsmtExposure_Gd
Lasso,SVR,5,cat__CentralAir_N
Lasso,SVR,5,cat__KitchenQual_Ex
Lasso,SVR,5,cat__Functional_Maj2
Lasso,SVR,5,cat__Functional_Mod
Lasso,SVR,5,cat__SaleType_New
Lasso,SVR,5,cat__SaleCondition_Abnorml
Lasso,XGBoost,1,num__LotArea
Lasso,XGBoost,1,num__OverallQual
Lasso,XGBoost,1,num__OverallCond
Lasso,XGBoost,1,num__YearBuilt
Lasso,XGBoost,1,num__YearRemodAdd
Lasso,XGBoost,1,num__BsmtFinSF1
Lasso,XGBoost,1,num__TotalBsmtSF
Lasso,XGBoost,1,num__GrLivArea
Lasso,XGBoost,1,num__BsmtFullBath
Lasso,XGBoost,1,num__KitchenAbvGr
Lasso,XGBoost,1,num__GarageCars
Lasso,XGBoost,1,num__GarageArea
Lasso,XGBoost,1,cat__MSSubClass_160
Lasso,XGBoost,1,cat__MSSubClass_30
Lasso,XGBoost,1,cat__MSZoning_C (all)
Lasso,XGBoost,1,cat__MSZoning_RM
Lasso,XGBoost,1,cat__Neighborhood_Crawfor
Lasso,XGBoost,1,cat__Neighborhood_StoneBr
Lasso,XGBoost,1,cat__Exterior1st_BrkFace
Lasso,XGBoost,1,cat__Foundation_PConc
Lasso,XGBoost,1,cat__BsmtQual_Ex
Lasso,XGBoost,1,cat__BsmtExposure_Gd
Lasso,XGBoost,1,cat__Heating_Grav
Lasso,XGBoost,1,cat__HeatingQC_Ex
Lasso,XGBoost,1,cat__CentralAir_N
Lasso,XGBoost,1,cat__KitchenQual_Ex
Lasso,XGBoost,1,cat__Functional_Maj2
Lasso,XGBoost,1,cat__Functional_Typ
Lasso,XGBoost,1,cat__SaleType_New
Lasso,XGBoost,1,cat__SaleCondition_Abnorml
Lasso,XGBoost,2,num__LotArea
Lasso,XGBoost,2,num__OverallQual
Lasso,XGBoost,2,num__OverallCond
Lasso,XGBoost,2,num__YearBuilt
Lasso,XGBoost,2,num__YearRemodAdd
Lasso,XGBoost,2,num__BsmtFinSF1
Lasso,XGBoost,2,num__TotalBsmtSF
Lasso,XGBoost,2,num__GrLivArea
Lasso,XGBoost,2,num__FullBath
Lasso,XGBoost,2,num__GarageCars
Lasso,XGBoost,2,num__GarageArea
Lasso,XGBoost,2,num__WoodDeckSF
Lasso,XGBoost,2,num__ScreenPorch
Lasso,XGBoost,2,cat__MSSubClass_160
Lasso,XGBoost,2,cat__MSZoning_C (all)
Lasso,XGBoost,2,cat__MSZoning_RM
Lasso,XGBoost,2,cat__Neighborhood_Crawfor
Lasso,XGBoost,2,cat__Neighborhood_MeadowV
Lasso,XGBoost,2,cat__Neighborhood_NridgHt
Lasso,XGBoost,2,cat__Neighborhood_StoneBr
Lasso,XGBoost,2,cat__Condition1_Norm
Lasso,XGBoost,2,cat__BldgType_1Fam
Lasso,XGBoost,2,cat__Exterior1st_BrkFace
Lasso,XGBoost,2,cat__BsmtExposure_Gd
Lasso,XGBoost,2,cat__CentralAir_N
Lasso,XGBoost,2,cat__KitchenQual_Ex
Lasso,XGBoost,2,cat__Functional_Typ
Lasso,XGBoost,2,cat__FireplaceQu_None
Lasso,XGBoost,2,cat__SaleType_WD
Lasso,XGBoost,2,cat__SaleCondition_Abnorml
Lasso,XGBoost,3,num__LotArea
Lasso,XGBoost,3,num__OverallQual
Lasso,XGBoost,3,num__OverallCond
Lasso,XGBoost,3,num__YearBuilt
Lasso,XGBoost,3,num__YearRemodAdd
Lasso,XGBoost,3,num__BsmtFinSF1
Lasso,XGBoost,3,num__TotalBsmtSF
Lasso,XGBoost,3,num__GrLivArea
Lasso,XGBoost,3,num__KitchenAbvGr
Lasso,XGBoost,3,num__GarageCars
Lasso,XGBoost,3,num__GarageArea
Lasso,XGBoost,3,num__WoodDeckSF
Lasso,XGBoost,3,num__ScreenPorch
Lasso,XGBoost,3,cat__MSSubClass_160
Lasso,XGBoost,3,cat__MSSubClass_30
Lasso,XGBoost,3,cat__MSZoning_C (all)
Lasso,XGBoost,3,cat__MSZoning_RM
Lasso,XGBoost,3,cat__LandSlope_Sev
Lasso,XGBoost,3,cat__Neighborhood_Crawfor
Lasso,XGBoost,3,cat__Neighborhood_NridgHt
Lasso,XGBoost,3,cat__Neighborhood_Somerst
Lasso,XGBoost,3,cat__Neighborhood_StoneBr
Lasso,XGBoost,3,cat__Condition1_Norm
Lasso,XGBoost,3,cat__Exterior1st_BrkComm
Lasso,XGBoost,3,cat__BsmtExposure_Gd
Lasso,XGBoost,3,cat__Heating_Grav
Lasso,XGBoost,3,cat__CentralAir_N
Lasso,XGBoost,3,cat__KitchenQual_Ex
Lasso,XGBoost,3,cat__Functional_Maj2
Lasso,XGBoost,3,cat__SaleCondition_Abnorml
Lasso,XGBoost,4,num__LotArea
Lasso,XGBoost,4,num__OverallQual
Lasso,XGBoost,4,num__OverallCond
Lasso,XGBoost,4,num__YearBuilt
Lasso,XGBoost,4,num__YearRemodAdd
Lasso,XGBoost,4,num__BsmtFinSF1
Lasso,XGBoost,4,num__TotalBsmtSF
Lasso,XGBoost,4,num__GrLivArea
Lasso,XGBoost,4,num__BsmtFullBath
Lasso,XGBoost,4,num__GarageCars
Lasso,XGBoost,4,num__GarageArea
Lasso,XGBoost,4,num__WoodDeckSF
Lasso,XGBoost,4,num__OpenPorchSF
Lasso,XGBoost,4,num__ScreenPorch
Lasso,XGBoost,4,cat__MSSubClass_30
Lasso,XGBoost,4,cat__MSZoning_C (all)
Lasso,XGBoost,4,cat__MSZoning_FV
Lasso,XGBoost,4,cat__MSZoning_RM
Lasso,XGBoost,4,cat__Neighborhood_Crawfor
Lasso,XGBoost,4,cat__Neighborhood_MeadowV
Lasso,XGBoost,4,cat__Neighborhood_StoneBr
Lasso,XGBoost,4,cat__Condition1_Norm
Lasso,XGBoost,4,cat__Exterior1st_BrkFace
Lasso,XGBoost,4,cat__Foundation_PConc
Lasso,XGBoost,4,cat__BsmtQual_Ex
Lasso,XGBoost,4,cat__KitchenQual_Ex
Lasso,XGBoost,4,cat__Functional_Maj2
Lasso,XGBoost,4,cat__Functional_Mod
Lasso,XGBoost,4,cat__SaleType_ConLD
Lasso,XGBoost,4,cat__SaleCondition_Abnorml
Lasso,XGBoost,5,num__LotFrontage
Lasso,XGBoost,5,num__LotArea
Lasso,XGBoost,5,num__OverallQual
Lasso,XGBoost,5,num__OverallCond
Lasso,XGBoost,5,num__YearBuilt
Lasso,XGBoost,5,num__YearRemodAdd
Lasso,XGBoost,5,num__BsmtFinSF1
Lasso,XGBoost,5,num__TotalBsmtSF
Lasso,XGBoost,5,num__GrLivArea
Lasso,XGBoost,5,num__BsmtFullBath
Lasso,XGBoost,5,num__FullBath
Lasso,XGBoost,5,num__HalfBath
Lasso,XGBoost,5,num__KitchenAbvGr
Lasso,XGBoost,5,num__GarageCars
Lasso,XGBoost,5,num__GarageArea
Lasso,XGBoost,5,num__WoodDeckSF
Lasso,XGBoost,5,cat__MSZoning_C (all)
Lasso,XGBoost,5,cat__MSZoning_RM
Lasso,XGBoost,5,cat__Neighborhood_Crawfor
Lasso,XGBoost,5,cat__Neighborhood_MeadowV
Lasso,XGBoost,5,cat__Neighborhood_NridgHt
Lasso,XGBoost,5,cat__Neighborhood_StoneBr
Lasso,XGBoost,5,cat__Foundation_PConc
Lasso,XGBoost,5,cat__BsmtExposure_Gd
Lasso,XGBoost,5,cat__CentralAir_N
Lasso,XGBoost,5,cat__KitchenQual_Ex
Lasso,XGBoost,5,cat__Functional_Maj2
Lasso,XGBoost,5,cat__Functional_Mod
Lasso,XGBoost,5,cat__SaleType_New
Lasso,XGBoost,5,cat__SaleCondition_Abnorml
Lasso,Random Forest,1,num__LotArea
Lasso,Random Forest,1,num__OverallQual
Lasso,Random Forest,1,num__OverallCond
Lasso,Random Forest,1,num__YearBuilt
Lasso,Random Forest,1,num__YearRemodAdd
Lasso,Random Forest,1,num__BsmtFinSF1
Lasso,Random Forest,1,num__TotalBsmtSF
Lasso,Random Forest,1,num__GrLivArea
Lasso,Random Forest,1,num__BsmtFullBath
Lasso,Random Forest,1,num__KitchenAbvGr
Lasso,Random Forest,1,num__GarageCars
Lasso,Random Forest,1,num__GarageArea
Lasso,Random Forest,1,cat__MSSubClass_160
Lasso,Random Forest,1,cat__MSSubClass_30
Lasso,Random Forest,1,cat__MSZoning_C (all)
Lasso,Random Forest,1,cat__MSZoning_RM
Lasso,Random Forest,1,cat__Neighborhood_Crawfor
Lasso,Random Forest,1,cat__Neighborhood_StoneBr
Lasso,Random Forest,1,cat__Exterior1st_BrkFace
Lasso,Random Forest,1,cat__Foundation_PConc
Lasso,Random Forest,1,cat__BsmtQual_Ex
Lasso,Random Forest,1,cat__BsmtExposure_Gd
Lasso,Random Forest,1,cat__Heating_Grav
Lasso,Random Forest,1,cat__HeatingQC_Ex
Lasso,Random Forest,1,cat__CentralAir_N
Lasso,Random Forest,1,cat__KitchenQual_Ex
Lasso,Random Forest,1,cat__Functional_Maj2
Lasso,Random Forest,1,cat__Functional_Typ
Lasso,Random Forest,1,cat__SaleType_New
Lasso,Random Forest,1,cat__SaleCondition_Abnorml
Lasso,Random Forest,2,num__LotArea
Lasso,Random Forest,2,num__OverallQual
Lasso,Random Forest,2,num__OverallCond
Lasso,Random Forest,2,num__YearBuilt
Lasso,Random Forest,2,num__YearRemodAdd
Lasso,Random Forest,2,num__BsmtFinSF1
Lasso,Random Forest,2,num__TotalBsmtSF
Lasso,Random Forest,2,num__GrLivArea
Lasso,Random Forest,2,num__FullBath
Lasso,Random Forest,2,num__GarageCars
Lasso,Random Forest,2,num__GarageArea
Lasso,Random Forest,2,num__WoodDeckSF
Lasso,Random Forest,2,num__ScreenPorch
Lasso,Random Forest,2,cat__MSSubClass_160
Lasso,Random Forest,2,cat__MSZoning_C (all)
Lasso,Random Forest,2,cat__MSZoning_RM
Lasso,Random Forest,2,cat__Neighborhood_Crawfor
Lasso,Random Forest,2,cat__Neighborhood_MeadowV
Lasso,Random Forest,2,cat__Neighborhood_NridgHt
Lasso,Random Forest,2,cat__Neighborhood_StoneBr
Lasso,Random Forest,2,cat__Condition1_Norm
Lasso,Random Forest,2,cat__BldgType_1Fam
Lasso,Random Forest,2,cat__Exterior1st_BrkFace
Lasso,Random Forest,2,cat__BsmtExposure_Gd
Lasso,Random Forest,2,cat__CentralAir_N
Lasso,Random Forest,2,cat__KitchenQual_Ex
Lasso,Random Forest,2,cat__Functional_Typ
Lasso,Random Forest,2,cat__FireplaceQu_None
Lasso,Random Forest,2,cat__SaleType_WD
Lasso,Random Forest,2,cat__SaleCondition_Abnorml
Lasso,Random Forest,3,num__LotArea
Lasso,Random Forest,3,num__OverallQual
Lasso,Random Forest,3,num__OverallCond
Lasso,Random Forest,3,num__YearBuilt
Lasso,Random Forest,3,num__YearRemodAdd
Lasso,Random Forest,3,num__BsmtFinSF1
Lasso,Random Forest,3,num__TotalBsmtSF
Lasso,Random Forest,3,num__GrLivArea
Lasso,Random Forest,3,num__KitchenAbvGr
Lasso,Random Forest,3,num__GarageCars
Lasso,Random Forest,3,num__GarageArea
Lasso,Random Forest,3,num__WoodDeckSF
Lasso,Random Forest,3,num__ScreenPorch
Lasso,Random Forest,3,cat__MSSubClass_160
Lasso,Random Forest,3,cat__MSSubClass_30
Lasso,Random Forest,3,cat__MSZoning_C (all)
Lasso,Random Forest,3,cat__MSZoning_RM
Lasso,Random Forest,3,cat__LandSlope_Sev
Lasso,Random Forest,3,cat__Neighborhood_Crawfor
Lasso,Random Forest,3,cat__Neighborhood_NridgHt
Lasso,Random Forest,3,cat__Neighborhood_Somerst
Lasso,Random Forest,3,cat__Neighborhood_StoneBr
Lasso,Random Forest,3,cat__Condition1_Norm
Lasso,Random Forest,3,cat__Exterior1st_BrkComm
Lasso,Random Forest,3,cat__BsmtExposure_Gd
Lasso,Random Forest,3,cat__Heating_Grav
Lasso,Random Forest,3,cat__CentralAir_N
Lasso,Random Forest,3,cat__KitchenQual_Ex
Lasso,Random Forest,3,cat__Functional_Maj2
Lasso,Random Forest,3,cat__SaleCondition_Abnorml
Lasso,Random Forest,4,num__LotArea
Lasso,Random Forest,4,num__OverallQual
Lasso,Random Forest,4,num__OverallCond
Lasso,Random Forest,4,num__YearBuilt
Lasso,Random Forest,4,num__YearRemodAdd
Lasso,Random Forest,4,num__BsmtFinSF1
Lasso,Random Forest,4,num__TotalBsmtSF
Lasso,Random Forest,4,num__GrLivArea
Lasso,Random Forest,4,num__BsmtFullBath
Lasso,Random Forest,4,num__GarageCars
Lasso,Random Forest,4,num__GarageArea
Lasso,Random Forest,4,num__WoodDeckSF
Lasso,Random Forest,4,num__OpenPorchSF
Lasso,Random Forest,4,num__ScreenPorch
Lasso,Random Forest,4,cat__MSSubClass_30
Lasso,Random Forest,4,cat__MSZoning_C (all)
Lasso,Random Forest,4,cat__MSZoning_FV
Lasso,Random Forest,4,cat__MSZoning_RM
Lasso,Random Forest,4,cat__Neighborhood_Crawfor
Lasso,Random Forest,4,cat__Neighborhood_MeadowV
Lasso,Random Forest,4,cat__Neighborhood_StoneBr
Lasso,Random Forest,4,cat__Condition1_Norm
Lasso,Random Forest,4,cat__Exterior1st_BrkFace
Lasso,Random Forest,4,cat__Foundation_PConc
Lasso,Random Forest,4,cat__BsmtQual_Ex
Lasso,Random Forest,4,cat__KitchenQual_Ex
Lasso,Random Forest,4,cat__Functional_Maj2
Lasso,Random Forest,4,cat__Functional_Mod
Lasso,Random Forest,4,cat__SaleType_ConLD
Lasso,Random Forest,4,cat__SaleCondition_Abnorml
Lasso,Random Forest,5,num__LotFrontage
Lasso,Random Forest,5,num__LotArea
Lasso,Random Forest,5,num__OverallQual
Lasso,Random Forest,5,num__OverallCond
Lasso,Random Forest,5,num__YearBuilt
Lasso,Random Forest,5,num__YearRemodAdd
Lasso,Random Forest,5,num__BsmtFinSF1
Lasso,Random Forest,5,num__TotalBsmtSF
Lasso,Random Forest,5,num__GrLivArea
Lasso,Random Forest,5,num__BsmtFullBath
Lasso,Random Forest,5,num__FullBath
Lasso,Random Forest,5,num__HalfBath
Lasso,Random Forest,5,num__KitchenAbvGr
Lasso,Random Forest,5,num__GarageCars
Lasso,Random Forest,5,num__GarageArea
Lasso,Random Forest,5,num__WoodDeckSF
Lasso,Random Forest,5,cat__MSZoning_C (all)
Lasso,Random Forest,5,cat__MSZoning_RM
Lasso,Random Forest,5,cat__Neighborhood_Crawfor
Lasso,Random Forest,5,cat__Neighborhood_MeadowV
Lasso,Random Forest,5,cat__Neighborhood_NridgHt
Lasso,Random Forest,5,cat__Neighborhood_StoneBr
Lasso,Random Forest,5,cat__Foundation_PConc
Lasso,Random Forest,5,cat__BsmtExposure_Gd
Lasso,Random Forest,5,cat__CentralAir_N
Lasso,Random Forest,5,cat__KitchenQual_Ex
Lasso,Random Forest,5,cat__Functional_Maj2
Lasso,Random Forest,5,cat__Functional_Mod
Lasso,Random Forest,5,cat__SaleType_New
Lasso,Random Forest,5,cat__SaleCondition_Abnorml
RF importance,SVR,1,num__LotFrontage
RF importance,SVR,1,num__LotArea
RF importance,SVR,1,num__OverallQual
RF importance,SVR,1,num__OverallCond
RF importance,SVR,1,num__YearBuilt
RF importance,SVR,1,num__YearRemodAdd
RF importance,SVR,1,num__MasVnrArea
RF importance,SVR,1,num__BsmtFinSF1
RF importance,SVR,1,num__BsmtUnfSF
RF importance,SVR,1,num__TotalBsmtSF
RF importance,SVR,1,num__1stFlrSF
RF importance,SVR,1,num__2ndFlrSF
RF importance,SVR,1,num__GrLivArea
RF importance,SVR,1,num__FullBath
RF importance,SVR,1,num__TotRmsAbvGrd
RF importance,SVR,1,num__Fireplaces
RF importance,SVR,1,num__GarageYrBlt
RF importance,SVR,1,num__GarageCars
RF importance,SVR,1,num__GarageArea
RF importance,SVR,1,num__WoodDeckSF
RF importance,SVR,1,num__OpenPorchSF
RF importance,SVR,1,cat__MSZoning_RM
RF importance,SVR,1,cat__BsmtQual_Ex
RF importance,SVR,1,cat__BsmtQual_Gd
RF importance,SVR,1,cat__HeatingQC_Fa
RF importance,SVR,1,cat__CentralAir_N
RF importance,SVR,1,cat__CentralAir_Y
RF importance,SVR,1,cat__FireplaceQu_None
RF importance,SVR,1,cat__GarageType_Attchd
RF importance,SVR,1,cat__GarageType_Detchd
RF importance,SVR,2,num__LotFrontage
RF importance,SVR,2,num__LotArea
RF importance,SVR,2,num__OverallQual
RF importance,SVR,2,num__OverallCond
RF importance,SVR,2,num__YearBuilt
RF importance,SVR,2,num__YearRemodAdd
RF importance,SVR,2,num__MasVnrArea
RF importance,SVR,2,num__BsmtFinSF1
RF importance,SVR,2,num__BsmtUnfSF
RF importance,SVR,2,num__TotalBsmtSF
RF importance,SVR,2,num__1stFlrSF
RF importance,SVR,2,num__2ndFlrSF
RF importance,SVR,2,num__GrLivArea
RF importance,SVR,2,num__FullBath
RF importance,SVR,2,num__TotRmsAbvGrd
RF importance,SVR,2,num__Fireplaces
RF importance,SVR,2,num__GarageYrBlt
RF importance,SVR,2,num__GarageCars
RF importance,SVR,2,num__GarageArea
RF importance,SVR,2,num__WoodDeckSF
RF importance,SVR,2,num__OpenPorchSF
RF importance,SVR,2,cat__MSZoning_C (all)
RF importance,SVR,2,cat__MSZoning_RM
RF importance,SVR,2,cat__LotShape_Reg
RF importance,SVR,2,cat__CentralAir_N
RF importance,SVR,2,cat__CentralAir_Y
RF importance,SVR,2,cat__FireplaceQu_None
RF importance,SVR,2,cat__GarageType_Detchd
RF importance,SVR,2,cat__GarageFinish_Unf
RF importance,SVR,2,cat__SaleCondition_Abnorml
RF importance,SVR,3,num__LotFrontage
RF importance,SVR,3,num__LotArea
RF importance,SVR,3,num__OverallQual
RF importance,SVR,3,num__OverallCond
RF importance,SVR,3,num__YearBuilt
RF importance,SVR,3,num__YearRemodAdd
RF importance,SVR,3,num__MasVnrArea
RF importance,SVR,3,num__BsmtFinSF1
RF importance,SVR,3,num__BsmtUnfSF
RF importance,SVR,3,num__TotalBsmtSF
RF importance,SVR,3,num__1stFlrSF
RF importance,SVR,3,num__2ndFlrSF
RF importance,SVR,3,num__GrLivArea
RF importance,SVR,3,num__FullBath
RF importance,SVR,3,num__TotRmsAbvGrd
RF importance,SVR,3,num__Fireplaces
RF importance,SVR,3,num__GarageYrBlt
RF importance,SVR,3,num__GarageCars
RF importance,SVR,3,num__GarageArea
RF importance,SVR,3,num__WoodDeckSF
RF importance,SVR,3,num__OpenPorchSF
RF importance,SVR,3,num__EnclosedPorch
RF importance,SVR,3,cat__MSSubClass_30
RF importance,SVR,3,cat__MSZoning_C (all)
RF importance,SVR,3,cat__MSZoning_RM
RF importance,SVR,3,cat__LotShape_Reg
RF importance,SVR,3,cat__CentralAir_N
RF importance,SVR,3,cat__CentralAir_Y
RF importance,SVR,3,cat__KitchenQual_Ex
RF importance,SVR,3,cat__GarageType_Detchd
RF importance,SVR,4,num__LotFrontage
RF importance,SVR,4,num__LotArea
RF importance,SVR,4,num__OverallQual
RF importance,SVR,4,num__OverallCond
RF importance,SVR,4,num__YearBuilt
RF importance,SVR,4,num__YearRemodAdd
RF importance,SVR,4,num__MasVnrArea
RF importance,SVR,4,num__BsmtFinSF1
RF importance,SVR,4,num__BsmtUnfSF
RF importance,SVR,4,num__TotalBsmtSF
RF importance,SVR,4,num__1stFlrSF
RF importance,SVR,4,num__2ndFlrSF
RF importance,SVR,4,num__GrLivArea
RF importance,SVR,4,num__TotRmsAbvGrd
RF importance,SVR,4,num__Fireplaces
RF importance,SVR,4,num__GarageYrBlt
RF importance,SVR,4,num__GarageCars
RF importance,SVR,4,num__GarageArea
RF importance,SVR,4,num__WoodDeckSF
RF importance,SVR,4,num__OpenPorchSF
RF importance,SVR,4,cat__MSZoning_C (all)
RF importance,SVR,4,cat__MSZoning_RM
RF importance,SVR,4,cat__ExterCond_Fa
RF importance,SVR,4,cat__BsmtQual_Ex
RF importance,SVR,4,cat__CentralAir_N
RF importance,SVR,4,cat__CentralAir_Y
RF importance,SVR,4,cat__FireplaceQu_None
RF importance,SVR,4,cat__GarageType_Attchd
RF importance,SVR,4,cat__GarageType_Detchd
RF importance,SVR,4,cat__GarageFinish_Unf
RF importance,SVR,5,num__LotFrontage
RF importance,SVR,5,num__LotArea
RF importance,SVR,5,num__OverallQual
RF importance,SVR,5,num__OverallCond
RF importance,SVR,5,num__YearBuilt
RF importance,SVR,5,num__YearRemodAdd
RF importance,SVR,5,num__MasVnrArea
RF importance,SVR,5,num__BsmtFinSF1
RF importance,SVR,5,num__BsmtUnfSF
RF importance,SVR,5,num__TotalBsmtSF
RF importance,SVR,5,num__1stFlrSF
RF importance,SVR,5,num__2ndFlrSF
RF importance,SVR,5,num__GrLivArea
RF importance,SVR,5,num__FullBath
RF importance,SVR,5,num__TotRmsAbvGrd
RF importance,SVR,5,num__Fireplaces
RF importance,SVR,5,num__GarageYrBlt
RF importance,SVR,5,num__GarageCars
RF importance,SVR,5,num__GarageArea
RF importance,SVR,5,num__WoodDeckSF
RF importance,SVR,5,num__OpenPorchSF
RF importance,SVR,5,cat__MSSubClass_30
RF importance,SVR,5,cat__MSZoning_C (all)
RF importance,SVR,5,cat__MSZoning_RL
RF importance,SVR,5,cat__MSZoning_RM
RF importance,SVR,5,cat__CentralAir_N
RF importance,SVR,5,cat__CentralAir_Y
RF importance,SVR,5,cat__GarageType_Attchd
RF importance,SVR,5,cat__GarageType_Detchd
RF importance,SVR,5,cat__GarageFinish_Unf
RF importance,XGBoost,1,num__LotFrontage
RF importance,XGBoost,1,num__LotArea
RF importance,XGBoost,1,num__OverallQual
RF importance,XGBoost,1,num__OverallCond
RF importance,XGBoost,1,num__YearBuilt
RF importance,XGBoost,1,num__YearRemodAdd
RF importance,XGBoost,1,num__MasVnrArea
RF importance,XGBoost,1,num__BsmtFinSF1
RF importance,XGBoost,1,num__BsmtUnfSF
RF importance,XGBoost,1,num__TotalBsmtSF
RF importance,XGBoost,1,num__1stFlrSF
RF importance,XGBoost,1,num__2ndFlrSF
RF importance,XGBoost,1,num__GrLivArea
RF importance,XGBoost,1,num__FullBath
RF importance,XGBoost,1,num__TotRmsAbvGrd
RF importance,XGBoost,1,num__Fireplaces
RF importance,XGBoost,1,num__GarageYrBlt
RF importance,XGBoost,1,num__GarageCars
RF importance,XGBoost,1,num__GarageArea
RF importance,XGBoost,1,num__WoodDeckSF
RF importance,XGBoost,1,num__OpenPorchSF
RF importance,XGBoost,1,cat__MSZoning_RM
RF importance,XGBoost,1,cat__BsmtQual_Ex
RF importance,XGBoost,1,cat__BsmtQual_Gd
RF importance,XGBoost,1,cat__HeatingQC_Fa
RF importance,XGBoost,1,cat__CentralAir_N
RF importance,XGBoost,1,cat__CentralAir_Y
RF importance,XGBoost,1,cat__FireplaceQu_None
RF importance,XGBoost,1,cat__GarageType_Attchd
RF importance,XGBoost,1,cat__GarageType_Detchd
RF importance,XGBoost,2,num__LotFrontage
RF importance,XGBoost,2,num__LotArea
RF importance,XGBoost,2,num__OverallQual
RF importance,XGBoost,2,num__OverallCond
RF importance,XGBoost,2,num__YearBuilt
RF importance,XGBoost,2,num__YearRemodAdd
RF importance,XGBoost,2,num__MasVnrArea
RF importance,XGBoost,2,num__BsmtFinSF1
RF importance,XGBoost,2,num__BsmtUnfSF
RF importance,XGBoost,2,num__TotalBsmtSF
RF importance,XGBoost,2,num__1stFlrSF
RF importance,XGBoost,2,num__2ndFlrSF
RF importance,XGBoost,2,num__GrLivArea
RF importance,XGBoost,2,num__FullBath
RF importance,XGBoost,2,num__TotRmsAbvGrd
RF importance,XGBoost,2,num__Fireplaces
RF importance,XGBoost,2,num__GarageYrBlt
RF importance,XGBoost,2,num__GarageCars
RF importance,XGBoost,2,num__GarageArea
RF importance,XGBoost,2,num__WoodDeckSF
RF importance,XGBoost,2,num__OpenPorchSF
RF importance,XGBoost,2,cat__MSZoning_C (all)
RF importance,XGBoost,2,cat__MSZoning_RM
RF importance,XGBoost,2,cat__LotShape_Reg
RF importance,XGBoost,2,cat__CentralAir_N
RF importance,XGBoost,2,cat__CentralAir_Y
RF importance,XGBoost,2,cat__FireplaceQu_None
RF importance,XGBoost,2,cat__GarageType_Detchd
RF importance,XGBoost,2,cat__GarageFinish_Unf
RF importance,XGBoost,2,cat__SaleCondition_Abnorml
RF importance,XGBoost,3,num__LotFrontage
RF importance,XGBoost,3,num__LotArea
RF importance,XGBoost,3,num__OverallQual
RF importance,XGBoost,3,num__OverallCond
RF importance,XGBoost,3,num__YearBuilt
RF importance,XGBoost,3,num__YearRemodAdd
RF importance,XGBoost,3,num__MasVnrArea
RF importance,XGBoost,3,num__BsmtFinSF1
RF importance,XGBoost,3,num__BsmtUnfSF
RF importance,XGBoost,3,num__TotalBsmtSF
RF importance,XGBoost,3,num__1stFlrSF
RF importance,XGBoost,3,num__2ndFlrSF
RF importance,XGBoost,3,num__GrLivArea
RF importance,XGBoost,3,num__FullBath
RF importance,XGBoost,3,num__TotRmsAbvGrd
RF importance,XGBoost,3,num__Fireplaces
RF importance,XGBoost,3,num__GarageYrBlt
RF importance,XGBoost,3,num__GarageCars
RF importance,XGBoost,3,num__GarageArea
RF importance,XGBoost,3,num__WoodDeckSF
RF importance,XGBoost,3,num__OpenPorchSF
RF importance,XGBoost,3,num__EnclosedPorch
RF importance,XGBoost,3,cat__MSSubClass_30
RF importance,XGBoost,3,cat__MSZoning_C (all)
RF importance,XGBoost,3,cat__MSZoning_RM
RF importance,XGBoost,3,cat__LotShape_Reg
RF importance,XGBoost,3,cat__CentralAir_N
RF importance,XGBoost,3,cat__CentralAir_Y
RF importance,XGBoost,3,cat__KitchenQual_Ex
RF importance,XGBoost,3,cat__GarageType_Detchd
RF importance,XGBoost,4,num__LotFrontage
RF importance,XGBoost,4,num__LotArea
RF importance,XGBoost,4,num__OverallQual
RF importance,XGBoost,4,num__OverallCond
RF importance,XGBoost,4,num__YearBuilt
RF importance,XGBoost,4,num__YearRemodAdd
RF importance,XGBoost,4,num__MasVnrArea
RF importance,XGBoost,4,num__BsmtFinSF1
RF importance,XGBoost,4,num__BsmtUnfSF
RF importance,XGBoost,4,num__TotalBsmtSF
RF importance,XGBoost,4,num__1stFlrSF
RF importance,XGBoost,4,num__2ndFlrSF
RF importance,XGBoost,4,num__GrLivArea
RF importance,XGBoost,4,num__TotRmsAbvGrd
RF importance,XGBoost,4,num__Fireplaces
RF importance,XGBoost,4,num__GarageYrBlt
RF importance,XGBoost,4,num__GarageCars
RF importance,XGBoost,4,num__GarageArea
RF importance,XGBoost,4,num__WoodDeckSF
RF importance,XGBoost,4,num__OpenPorchSF
RF importance,XGBoost,4,cat__MSZoning_C (all)
RF importance,XGBoost,4,cat__MSZoning_RM
RF importance,XGBoost,4,cat__ExterCond_Fa
RF importance,XGBoost,4,cat__BsmtQual_Ex
RF importance,XGBoost,4,cat__CentralAir_N
RF importance,XGBoost,4,cat__CentralAir_Y
RF importance,XGBoost,4,cat__FireplaceQu_None
RF importance,XGBoost,4,cat__GarageType_Attchd
RF importance,XGBoost,4,cat__GarageType_Detchd
RF importance,XGBoost,4,cat__GarageFinish_Unf
RF importance,XGBoost,5,num__LotFrontage
RF importance,XGBoost,5,num__LotArea
RF importance,XGBoost,5,num__OverallQual
RF importance,XGBoost,5,num__OverallCond
RF importance,XGBoost,5,num__YearBuilt
RF importance,XGBoost,5,num__YearRemodAdd
RF importance,XGBoost,5,num__MasVnrArea
RF importance,XGBoost,5,num__BsmtFinSF1
RF importance,XGBoost,5,num__BsmtUnfSF
RF importance,XGBoost,5,num__TotalBsmtSF
RF importance,XGBoost,5,num__1stFlrSF
RF importance,XGBoost,5,num__2ndFlrSF
RF importance,XGBoost,5,num__GrLivArea
RF importance,XGBoost,5,num__FullBath
RF importance,XGBoost,5,num__TotRmsAbvGrd
RF importance,XGBoost,5,num__Fireplaces
RF importance,XGBoost,5,num__GarageYrBlt
RF importance,XGBoost,5,num__GarageCars
RF importance,XGBoost,5,num__GarageArea
RF importance,XGBoost,5,num__WoodDeckSF
RF importance,XGBoost,5,num__OpenPorchSF
RF importance,XGBoost,5,cat__MSSubClass_30
RF importance,XGBoost,5,cat__MSZoning_C (all)
RF importance,XGBoost,5,cat__MSZoning_RL
RF importance,XGBoost,5,cat__MSZoning_RM
RF importance,XGBoost,5,cat__CentralAir_N
RF importance,XGBoost,5,cat__CentralAir_Y
RF importance,XGBoost,5,cat__GarageType_Attchd
RF importance,XGBoost,5,cat__GarageType_Detchd
RF importance,XGBoost,5,cat__GarageFinish_Unf
RF importance,Random Forest,1,num__LotFrontage
RF importance,Random Forest,1,num__LotArea
RF importance,Random Forest,1,num__OverallQual
RF importance,Random Forest,1,num__OverallCond
RF importance,Random Forest,1,num__YearBuilt
RF importance,Random Forest,1,num__YearRemodAdd
RF importance,Random Forest,1,num__MasVnrArea
RF importance,Random Forest,1,num__BsmtFinSF1
RF importance,Random Forest,1,num__BsmtUnfSF
RF importance,Random Forest,1,num__TotalBsmtSF
RF importance,Random Forest,1,num__1stFlrSF
RF importance,Random Forest,1,num__2ndFlrSF
RF importance,Random Forest,1,num__GrLivArea
RF importance,Random Forest,1,num__FullBath
RF importance,Random Forest,1,num__TotRmsAbvGrd
RF importance,Random Forest,1,num__Fireplaces
RF importance,Random Forest,1,num__GarageYrBlt
RF importance,Random Forest,1,num__GarageCars
RF importance,Random Forest,1,num__GarageArea
RF importance,Random Forest,1,num__WoodDeckSF
RF importance,Random Forest,1,num__OpenPorchSF
RF importance,Random Forest,1,cat__MSZoning_RM
RF importance,Random Forest,1,cat__BsmtQual_Ex
RF importance,Random Forest,1,cat__BsmtQual_Gd
RF importance,Random Forest,1,cat__HeatingQC_Fa
RF importance,Random Forest,1,cat__CentralAir_N
RF importance,Random Forest,1,cat__CentralAir_Y
RF importance,Random Forest,1,cat__FireplaceQu_None
RF importance,Random Forest,1,cat__GarageType_Attchd
RF importance,Random Forest,1,cat__GarageType_Detchd
RF importance,Random Forest,2,num__LotFrontage
RF importance,Random Forest,2,num__LotArea
RF importance,Random Forest,2,num__OverallQual
RF importance,Random Forest,2,num__OverallCond
RF importance,Random Forest,2,num__YearBuilt
RF importance,Random Forest,2,num__YearRemodAdd
RF importance,Random Forest,2,num__MasVnrArea
RF importance,Random Forest,2,num__BsmtFinSF1
RF importance,Random Forest,2,num__BsmtUnfSF
RF importance,Random Forest,2,num__TotalBsmtSF
RF importance,Random Forest,2,num__1stFlrSF
RF importance,Random Forest,2,num__2ndFlrSF
RF importance,Random Forest,2,num__GrLivArea
RF importance,Random Forest,2,num__FullBath
RF importance,Random Forest,2,num__TotRmsAbvGrd
RF importance,Random Forest,2,num__Fireplaces
RF importance,Random Forest,2,num__GarageYrBlt
RF importance,Random Forest,2,num__GarageCars
RF importance,Random Forest,2,num__GarageArea
RF importance,Random Forest,2,num__WoodDeckSF
RF importance,Random Forest,2,num__OpenPorchSF
RF importance,Random Forest,2,cat__MSZoning_C (all)
RF importance,Random Forest,2,cat__MSZoning_RM
RF importance,Random Forest,2,cat__LotShape_Reg
RF importance,Random Forest,2,cat__CentralAir_N
RF importance,Random Forest,2,cat__CentralAir_Y
RF importance,Random Forest,2,cat__FireplaceQu_None
RF importance,Random Forest,2,cat__GarageType_Detchd
RF importance,Random Forest,2,cat__GarageFinish_Unf
RF importance,Random Forest,2,cat__SaleCondition_Abnorml
RF importance,Random Forest,3,num__LotFrontage
RF importance,Random Forest,3,num__LotArea
RF importance,Random Forest,3,num__OverallQual
RF importance,Random Forest,3,num__OverallCond
RF importance,Random Forest,3,num__YearBuilt
RF importance,Random Forest,3,num__YearRemodAdd
RF importance,Random Forest,3,num__MasVnrArea
RF importance,Random Forest,3,num__BsmtFinSF1
RF importance,Random Forest,3,num__BsmtUnfSF
RF importance,Random Forest,3,num__TotalBsmtSF
RF importance,Random Forest,3,num__1stFlrSF
RF importance,Random Forest,3,num__2ndFlrSF
RF importance,Random Forest,3,num__GrLivArea
RF importance,Random Forest,3,num__FullBath
RF importance,Random Forest,3,num__TotRmsAbvGrd
RF importance,Random Forest,3,num__Fireplaces
RF importance,Random Forest,3,num__GarageYrBlt
RF importance,Random Forest,3,num__GarageCars
RF importance,Random Forest,3,num__GarageArea
RF importance,Random Forest,3,num__WoodDeckSF
RF importance,Random Forest,3,num__OpenPorchSF
RF importance,Random Forest,3,num__EnclosedPorch
RF importance,Random Forest,3,cat__MSSubClass_30
RF importance,Random Forest,3,cat__MSZoning_C (all)
RF importance,Random Forest,3,cat__MSZoning_RM
RF importance,Random Forest,3,cat__LotShape_Reg
RF importance,Random Forest,3,cat__CentralAir_N
RF importance,Random Forest,3,cat__CentralAir_Y
RF importance,Random Forest,3,cat__KitchenQual_Ex
RF importance,Random Forest,3,cat__GarageType_Detchd
RF importance,Random Forest,4,num__LotFrontage
RF importance,Random Forest,4,num__LotArea
RF importance,Random Forest,4,num__OverallQual
RF importance,Random Forest,4,num__OverallCond
RF importance,Random Forest,4,num__YearBuilt
RF importance,Random Forest,4,num__YearRemodAdd
RF importance,Random Forest,4,num__MasVnrArea
RF importance,Random Forest,4,num__BsmtFinSF1
RF importance,Random Forest,4,num__BsmtUnfSF
RF importance,Random Forest,4,num__TotalBsmtSF
RF importance,Random Forest,4,num__1stFlrSF
RF importance,Random Forest,4,num__2ndFlrSF
RF importance,Random Forest,4,num__GrLivArea
RF importance,Random Forest,4,num__TotRmsAbvGrd
RF importance,Random Forest,4,num__Fireplaces
RF importance,Random Forest,4,num__GarageYrBlt
RF importance,Random Forest,4,num__GarageCars
RF importance,Random Forest,4,num__GarageArea
RF importance,Random Forest,4,num__WoodDeckSF
RF importance,Random Forest,4,num__OpenPorchSF
RF importance,Random Forest,4,cat__MSZoning_C (all)
RF importance,Random Forest,4,cat__MSZoning_RM
RF importance,Random Forest,4,cat__ExterCond_Fa
RF importance,Random Forest,4,cat__BsmtQual_Ex
RF importance,Random Forest,4,cat__CentralAir_N
RF importance,Random Forest,4,cat__CentralAir_Y
RF importance,Random Forest,4,cat__FireplaceQu_None
RF importance,Random Forest,4,cat__GarageType_Attchd
RF importance,Random Forest,4,cat__GarageType_Detchd
RF importance,Random Forest,4,cat__GarageFinish_Unf
RF importance,Random Forest,5,num__LotFrontage
RF importance,Random Forest,5,num__LotArea
RF importance,Random Forest,5,num__OverallQual
RF importance,Random Forest,5,num__OverallCond
RF importance,Random Forest,5,num__YearBuilt
RF importance,Random Forest,5,num__YearRemodAdd
RF importance,Random Forest,5,num__MasVnrArea
RF importance,Random Forest,5,num__BsmtFinSF1
RF importance,Random Forest,5,num__BsmtUnfSF
RF importance,Random Forest,5,num__TotalBsmtSF
RF importance,Random Forest,5,num__1stFlrSF
RF importance,Random Forest,5,num__2ndFlrSF
RF importance,Random Forest,5,num__GrLivArea
RF importance,Random Forest,5,num__FullBath
RF importance,Random Forest,5,num__TotRmsAbvGrd
RF importance,Random Forest,5,num__Fireplaces
RF importance,Random Forest,5,num__GarageYrBlt
RF importance,Random Forest,5,num__GarageCars
RF importance,Random Forest,5,num__GarageArea
RF importance,Random Forest,5,num__WoodDeckSF
RF importance,Random Forest,5,num__OpenPorchSF
RF importance,Random Forest,5,cat__MSSubClass_30
RF importance,Random Forest,5,cat__MSZoning_C (all)
RF importance,Random Forest,5,cat__MSZoning_RL
RF importance,Random Forest,5,cat__MSZoning_RM
RF importance,Random Forest,5,cat__CentralAir_N
RF importance,Random Forest,5,cat__CentralAir_Y
RF importance,Random Forest,5,cat__GarageType_Attchd
RF importance,Random Forest,5,cat__GarageType_Detchd
RF importance,Random Forest,5,cat__GarageFinish_Unf
